# Blender 5.2.2 LTS
# www.blender.org
mtllib back_left_wheel_visuals.mtl
o back_left_wheel
v 0.006676 9.383480 -2.574794
v -0.458854 9.389179 -2.557494
v -0.480664 9.571479 -1.712794
v 0.264626 9.671679 -1.050394
v 0.991986 9.550480 -1.641695
v 0.149036 10.377979 -1.409594
v 0.264626 8.875779 -3.997894
v 0.991986 8.577780 -4.522793
v 0.149036 9.436580 -4.557794
v -0.458854 8.141380 -5.343994
v -0.343264 8.607479 -5.984795
v -1.186194 7.764779 -5.815794
v 0.006676 8.130580 -5.358694
v -0.480664 8.575880 -4.596895
v 0.217826 8.180380 -5.261793
v -0.458854 6.093580 -7.608394
v -0.343264 6.338881 -8.361996
v -1.186194 5.589680 -7.940794
v 0.264626 7.208079 -6.555194
v 0.991986 6.762380 -6.962395
v 0.149036 7.568380 -7.260994
v 0.006676 6.078880 -7.619095
v -0.480664 6.737679 -7.032194
v 0.217826 6.156179 -7.542294
v 0.264626 4.831680 -8.471993
v 0.991986 4.281980 -8.721493
v 0.149036 4.956281 -9.254594
v 0.006676 3.428980 -9.134893
v -0.480664 4.236881 -8.780294
v 0.217826 3.526180 -9.085694
v -0.458854 3.446381 -9.129293
v -0.343264 3.446780 -9.921794
v -1.186194 2.864380 -9.289593
v 0.006676 0.440400 -9.757594
v -0.343264 0.214160 -10.511494
v -0.458854 0.458640 -9.757694
v 0.264626 1.979321 -9.560594
v 0.991986 1.379440 -9.628094
v 0.149036 1.855950 -10.343394
v 0.264626 -1.069860 -9.714494
v 0.991986 -1.661219 -9.593293
v 0.149036 -1.429079 -10.420894
v 0.006676 -2.594329 -9.426394
v -0.480664 -1.732259 -9.614393
v 0.217826 -2.486779 -9.443693
v -0.458854 -2.576999 -9.431994
v -0.343264 -3.042449 -10.073394
v -1.186194 -3.142079 -9.219694
v -0.458854 -5.363449 -8.184294
v -0.343264 -6.004299 -8.650393
v -1.186194 -5.835238 -7.807694
v 0.264626 -4.017369 -8.918693
v 0.991986 -4.542328 -8.620693
v 0.149036 -4.577289 -9.479493
v 0.006676 -5.378169 -8.173493
v -0.480664 -4.616389 -8.618693
v 0.217826 -5.281259 -8.223293
v 0.006676 -7.638609 -6.121694
v -0.343264 -8.381469 -6.381793
v -0.458854 -7.627932 -6.136493
v 0.264626 -6.574678 -7.250893
v 0.991986 -6.981847 -6.805294
v 0.149036 -7.280480 -7.611293
v 0.264626 -8.491464 -4.874593
v 0.991986 -8.740992 -4.324893
v 0.149036 -9.274068 -4.999093
v -0.458854 -9.148798 -3.489192
v -0.343264 -9.941248 -3.489693
v -1.186194 -9.309138 -2.907292
v 0.006676 -9.154378 -3.471893
v -0.480664 -8.799777 -4.279793
v 0.217826 -9.105238 -3.569093
v 0.264626 -9.580108 -2.022192
v 0.991986 -9.647558 -1.422293
v 0.149036 -10.362898 -1.898793
v 0.006676 -9.777107 -0.483292
v -0.480664 -9.689528 -1.361293
v 0.217826 -9.760418 -0.590993
v -0.458854 -9.777158 -0.501493
v -0.343264 -10.530958 -0.257093
v -1.186194 -9.749818 0.101508
v 0.264626 -9.734028 1.026978
v 0.991986 -9.612807 1.618337
v 0.149036 -10.440377 1.386208
v -0.458854 -9.451528 2.534127
v -0.343264 -10.092887 2.999568
v -1.186194 -9.239168 3.099187
v 0.006676 -9.445838 2.551447
v -0.480664 -9.633858 1.689378
v 0.217826 -9.463227 2.443907
v -0.458854 -8.203760 5.320567
v -0.343264 -8.669900 5.961417
v -1.186194 -7.827180 5.792357
v 0.264626 -8.938168 3.974487
v 0.991986 -8.640145 4.499447
v 0.149036 -9.498947 4.534408
v 0.006676 -8.193001 5.335287
v -0.480664 -8.638214 4.573507
v 0.217826 -8.242774 5.238377
v 0.264626 -7.270435 6.531797
v 0.991986 -6.824777 6.938967
v 0.149036 -7.630740 7.237597
v 0.006676 -6.141228 7.595727
v -0.458854 -6.156007 7.585047
v -0.480664 -6.800047 7.008807
v 0.264626 -4.894077 8.448586
v 0.991986 -4.344408 8.698107
v 0.149036 -5.018638 9.231187
v 0.006676 -3.491357 9.111497
v -0.458854 -3.508717 9.105917
v -0.480664 -4.299308 8.756897
v 0.264626 -2.041698 9.537222
v 0.991986 -1.441818 9.604678
v 0.149036 -1.918328 10.320011
v 0.006676 -0.502778 9.734229
v -0.480664 -1.380768 9.646651
v 0.217826 -0.610438 9.717534
v -0.458854 -0.521018 9.734280
v -0.343264 -0.276548 10.488079
v -1.186194 0.082022 9.706931
v 0.006676 2.531981 9.402957
v -0.480664 1.669881 9.590980
v 0.217826 2.424382 9.420347
v 0.264626 1.007482 9.691147
v 0.991986 1.598842 9.569930
v 0.149036 1.366712 10.397501
v -0.458854 2.514582 9.408647
v -0.343264 2.980082 10.050004
v -1.186194 3.079681 9.196287
v 0.006676 5.315782 8.150117
v -0.343264 5.941882 8.627017
v -0.458854 5.301081 8.160876
v 0.264626 3.954982 8.895287
v 0.991986 4.479981 8.597266
v 0.149036 4.514882 9.456067
v 0.264626 6.512280 7.227556
v 0.991986 6.919481 6.781897
v 0.149036 7.218081 7.587856
v -0.458854 7.565581 6.113126
v -0.343264 8.319080 6.358416
v -1.186194 7.897881 5.609186
v 0.006676 7.576180 6.098346
v -0.480664 6.989281 6.757167
v 0.217826 7.499480 6.175626
v 0.264626 8.429080 4.851186
v 0.991986 8.678579 4.301526
v 0.149036 9.211680 4.975756
v 0.006676 9.091980 3.448476
v -0.343264 9.878880 3.466266
v -0.458854 9.086380 3.465836
v -0.458854 9.714779 0.478106
v -0.343264 10.468580 0.233706
v -1.186194 9.687480 -0.124894
v 0.264626 9.517680 1.998816
v 0.991986 9.585180 1.398936
v 0.149036 10.300480 1.875445
v 0.006676 9.714779 0.459906
v -0.480664 9.627180 1.337886
v 0.217826 9.698080 0.567556
v -3.270625 5.502581 1.604066
v -3.488625 5.687180 2.683316
v -3.488625 6.038480 1.755116
v -3.270615 2.738881 5.043937
v -3.488625 2.107081 5.937276
v -3.488625 3.010981 5.529767
v -3.270605 -1.646868 5.521817
v -3.488625 -2.726198 5.706646
v -3.488625 -1.797998 6.057977
v -3.488625 -5.980158 2.126587
v -3.747115 -6.349787 3.457077
v -3.488625 -5.572658 3.030447
v -3.270605 -5.790708 0.164007
v -3.270605 -5.748068 -0.734693
v -3.488625 -6.349758 0.183607
v -3.270605 -5.243018 -2.467794
v -3.488625 -5.749528 -2.706693
v -3.270605 -5.564538 -1.627293
v -3.488625 -2.169469 -5.960694
v -3.747115 -3.499959 -6.330294
v -3.488625 -3.073329 -5.553193
v -3.488625 2.663780 -5.729993
v -3.747115 1.984481 -6.932293
v -3.488625 1.735620 -6.081394
v -3.488625 5.917780 -2.149994
v -3.747115 6.287381 -3.480494
v -3.488625 5.510280 -3.053795
v 3.077487 5.026381 -2.781894
v 3.077487 4.524980 -3.543194
v 3.294387 5.510680 -3.053094
v 3.077487 2.426580 -5.224993
v 3.077487 1.586681 -5.546493
v 3.294387 2.664681 -5.729693
v 3.077487 -2.801179 -5.068994
v 3.077487 -3.562458 -4.567594
v 3.294387 -3.072539 -5.553594
v 3.294387 -6.100327 -1.780293
v 3.552887 -6.951463 -2.028393
v 3.294387 -5.749138 -2.707492
v 3.077487 -5.088408 2.758247
v 3.077487 -4.586998 3.519537
v 3.294387 -5.573088 3.029667
v 3.077487 -2.488808 5.201387
v 3.077487 -1.649018 5.522966
v 3.294387 -2.727018 5.706256
v 3.077487 -0.755238 5.706916
v 3.077487 0.142821 5.749816
v 3.294387 -0.828128 6.259457
v 3.294387 2.105281 5.937917
v 3.552887 2.404982 6.772287
v 3.294387 1.148772 6.198797
v 3.294387 4.573881 4.319136
v 3.077487 3.500281 4.544376
v 3.077487 4.166281 3.939046
v 3.294387 5.686780 2.684136
v 3.552887 6.889081 2.004956
v 3.552887 6.488181 3.063206
v -3.339495 8.683180 -5.093294
v -2.287074 8.870579 -5.193895
v -3.338985 8.355080 -5.623994
v 3.145288 9.371679 -3.665395
v 3.144787 9.130779 -4.240994
v 2.092887 9.572480 -3.735495
v 3.552887 6.752780 -2.447793
v 3.294387 5.918381 -2.148194
v 3.552887 6.288479 -3.478595
v -2.330935 8.626580 -3.956294
v -1.186194 9.176781 -3.122594
v -2.205595 9.220579 -4.574093
v 3.145288 7.782380 -6.392193
v 3.144787 7.375379 -6.865194
v 2.092887 7.951679 -6.520894
v -3.339495 6.686379 -7.537494
v -2.287074 6.833480 -7.691095
v -3.338985 6.210381 -7.940794
v -3.270625 3.917781 -4.208494
v -3.270625 4.522580 -3.543594
v -3.488625 4.298980 -4.617395
v -2.205595 4.771980 -9.140794
v -0.571664 5.450081 -8.965994
v -2.287074 4.124481 -9.436494
v 3.145288 5.428280 -8.494494
v 3.144787 4.895081 -8.818493
v 2.092887 5.549580 -8.669193
v -2.205595 1.715850 -10.178193
v -0.571664 2.414780 -10.221493
v -2.287074 1.008621 -10.259395
v 3.145288 2.539780 -9.766394
v 3.144787 1.932510 -9.909694
v 2.092887 2.601080 -9.969993
v 3.077487 0.692881 -5.730393
v 3.077487 -0.205189 -5.773194
v 3.294387 0.765751 -6.282894
v -0.480664 1.318390 -9.669993
v 0.217826 0.548061 -9.740893
v 3.145288 -0.600429 -10.083393
v 3.144787 -1.222269 -10.032093
v 2.092887 -0.605019 -10.295994
v -3.270615 -0.206890 -5.771493
v -3.270615 0.691831 -5.728893
v -3.488625 -0.226480 -6.330294
v -2.330935 -1.107319 -9.464694
v -1.186194 -0.144400 -9.730294
v -2.205595 -1.511289 -10.220493
v -3.339495 -2.171149 -9.869894
v -2.287074 -2.208989 -10.079194
v -3.338985 -2.777279 -9.721793
v -2.205595 -4.593539 -9.263494
v -0.571664 -4.053519 -9.709293
v -2.287074 -5.213418 -8.913494
v 3.552887 -2.467319 -6.795693
v 3.294387 -2.167699 -5.961294
v 3.552887 -3.498079 -6.331293
v 3.145288 -3.684889 -9.414593
v 3.144787 -4.260448 -9.173594
v 2.092887 -3.754959 -9.615394
v -2.205595 -7.229202 -7.400794
v -0.571664 -6.853388 -7.991693
v -2.287074 -7.710576 -6.876393
v 3.145288 -6.411708 -7.825294
v 3.144787 -6.884648 -7.418293
v 2.092887 -6.540399 -7.994593
v -3.270605 -4.227759 -3.960494
v -3.270605 -3.562839 -4.565194
v -3.488625 -4.636848 -4.341893
v 0.217826 -7.561823 -6.198993
v -0.480664 -7.051692 -6.780593
v -0.255774 -7.564098 -7.332393
v -2.205595 -9.160268 -4.814893
v -0.571664 -8.985448 -5.492993
v -2.287074 -9.456017 -4.167293
v 3.145288 -8.513961 -5.471193
v 3.144787 -8.837975 -4.937993
v 2.092887 -8.688671 -5.592394
v -3.339495 -10.068168 -1.022793
v -2.287074 -10.278898 -1.051493
v -3.338985 -10.114648 -0.400593
v 3.145288 -9.785857 -2.582694
v 3.144787 -9.929237 -1.975393
v 2.092887 -9.989488 -2.643993
v 3.077487 -5.749618 -0.735693
v 3.077487 -5.792458 0.162307
v 3.294387 -6.302338 -0.808593
v 3.145288 -10.102898 0.557537
v 3.144787 -10.051608 1.179377
v 2.092887 -10.315517 0.562127
v -3.339495 -9.889378 2.128267
v -2.287074 -10.098658 2.166107
v -3.338985 -9.741308 2.734397
v -2.205595 -9.282968 4.550657
v -0.571664 -9.728827 4.010637
v -2.287074 -8.932938 5.170537
v 3.552887 -6.815168 2.424437
v 3.294387 -5.980798 2.124807
v 3.552887 -6.350817 3.455197
v 3.145288 -9.434048 3.642007
v 3.144787 -9.193108 4.217567
v 2.092887 -9.634848 3.712077
v -2.205595 -7.420312 7.186317
v -0.571664 -8.011218 6.810507
v -2.287074 -6.895867 7.667697
v -3.270605 -3.979938 4.184877
v -3.270605 -4.584608 3.519917
v -3.488625 -4.361358 4.593967
v 3.145288 -7.844789 6.368827
v 3.144787 -7.437779 6.841757
v 2.092887 -8.014102 6.497517
v -2.205595 -4.834357 9.117387
v -0.571664 -5.512477 8.942567
v -2.287074 -4.186818 9.413136
v 3.145288 -5.490677 8.471077
v 3.144787 -4.957438 8.795087
v 2.092887 -5.611928 8.645786
v -2.330935 -1.928858 9.311176
v -1.186194 -2.926738 9.266257
v -2.205595 -1.778228 10.154839
v -3.270615 0.144511 5.748066
v -3.270605 -0.754189 5.705377
v -3.488625 0.164101 6.306877
v 3.145288 -2.602148 9.742976
v 3.144787 -1.994888 9.886353
v 2.092887 -2.663488 9.946609
v -3.339495 -1.042318 10.025290
v -2.287074 -1.070998 10.236015
v -3.338985 -0.420098 10.071767
v -2.205595 1.448912 10.197119
v -0.571664 0.797542 10.454275
v -2.287074 2.146582 10.055777
v 3.145288 0.538042 10.060019
v 3.144787 1.159882 10.008724
v 2.092887 0.542632 10.272639
v -2.205595 4.531182 9.240087
v -0.571664 3.991182 9.685943
v -2.287074 5.151081 8.890067
v 3.145288 3.622481 9.391177
v 3.144787 4.198081 9.150227
v 2.092887 3.692582 9.591967
v -2.330935 6.395782 7.003406
v -1.186194 5.772882 7.784296
v -2.205595 7.166780 7.377426
v -0.255774 4.870781 9.278457
v -0.480664 4.553981 8.595337
v -0.255604 4.650081 9.393077
v 3.145288 6.349381 7.801906
v 3.144787 6.822281 7.394897
v 2.092887 6.477981 7.971216
v -3.270615 4.165681 3.937286
v -3.270615 3.500582 4.541996
v -3.488625 4.574481 4.318476
v -3.339495 7.494580 6.705916
v -2.287074 7.648180 6.852977
v -3.338985 7.897881 6.229846
v -2.205595 9.097880 4.791476
v -0.571664 8.923080 5.469596
v -2.287074 9.393680 4.143936
v 3.145288 8.451580 5.447796
v 3.144787 8.775579 4.914556
v 2.092887 8.626280 5.569056
v -2.205595 10.135380 1.735345
v -0.571664 10.178579 2.434296
v -2.287074 10.216479 1.028116
v -0.255774 9.395280 4.622866
v -0.480664 8.737381 4.256426
v -0.255604 9.284080 4.845326
v 3.145288 9.723479 2.559266
v 3.144787 9.866880 1.952006
v 2.092887 9.927079 2.620596
v 3.145288 10.040480 -0.580894
v 3.144787 9.989180 -1.202794
v 2.092887 10.253180 -0.585494
v -2.205595 10.177580 -1.491795
v -0.571664 10.434780 -0.840395
v -2.287074 10.036281 -2.189494
v -1.186194 -5.652068 7.917377
v -0.343264 -6.401297 8.338588
v -0.909374 -5.863528 8.698697
v -3.488625 5.195381 3.544276
v -3.747115 6.489081 3.061266
v -3.488625 -3.587158 5.214927
v -3.747115 -3.104148 6.508586
v -3.488625 -5.257809 -3.567693
v -3.747115 -6.551468 -3.084693
v -3.270605 -1.980259 -5.433694
v -3.270605 -2.801089 -5.067094
v -3.270615 2.425080 -5.223794
v -3.270615 1.584530 -5.545293
v -3.270625 5.391080 -1.960894
v -3.270625 5.024480 -2.781795
v 3.294387 4.299680 -4.616694
v 3.077487 3.919580 -4.209195
v 3.294387 -3.588718 5.213867
v 3.552887 -4.087627 5.946697
v 3.294387 -4.362018 4.593347
v 3.077487 2.738881 5.045806
v 3.294387 3.010181 5.530207
v 3.077487 5.503780 1.606206
v 3.294387 6.037981 1.756926
v 0.217826 9.400880 -2.467294
v -0.255774 10.319079 -1.802995
v -0.255604 10.359879 -1.557594
v 2.136687 9.137680 -2.551294
v 2.011387 9.821079 -3.068394
v 2.136687 7.904079 -5.260394
v 2.011387 8.394280 -5.963295
v -2.330935 6.983880 -6.438594
v -2.205595 7.357879 -7.209694
v -0.255774 9.258979 -4.913694
v -0.255604 9.373580 -4.692995
v -3.747115 4.024381 -5.970694
v -3.747115 3.041780 -6.531994
v -3.488625 3.524781 -5.238295
v 3.552887 4.025280 -5.970094
v 3.294387 3.526380 -5.237294
v 3.552887 3.043681 -6.531094
v 2.136687 5.893780 -7.455594
v 2.011387 6.142779 -8.275593
v -0.255774 7.289480 -7.544594
v -0.255604 7.466680 -7.370094
v 2.136687 3.303481 -8.922194
v 2.011387 3.286880 -9.778995
v 3.552887 1.985460 -6.931994
v 3.294387 1.737431 -6.080793
v 3.552887 0.878621 -7.162194
v -0.255774 4.603381 -9.438093
v -0.255604 4.825881 -9.326893
v 2.136687 0.386791 -9.516593
v 2.011387 0.106220 -10.326293
v -0.255774 1.463610 -10.408894
v -0.255604 1.709550 -10.371894
v -3.747115 -1.377639 -7.092994
v -3.747115 -2.468289 -6.795293
v -3.488625 -1.212039 -6.221993
v -0.255774 -1.822469 -10.361995
v -0.255604 -1.577129 -10.402793
v 2.136687 -2.570829 -9.180494
v 2.011387 -3.087899 -9.863994
v -0.255774 -4.933198 -9.301893
v -0.255604 -4.712488 -9.416494
v 2.136687 -5.279849 -7.946993
v 2.011387 -5.982818 -8.437194
v 2.136687 -7.475096 -5.936693
v 2.011387 -8.295135 -6.185694
v 3.077487 -4.228408 -3.962194
v 3.294387 -5.256748 -3.569193
v 3.294387 -4.636229 -4.342493
v 3.077487 -5.244178 -2.469294
v 3.077487 -5.565688 -1.629493
v 2.136687 -8.941689 -3.346393
v 2.011387 -9.798528 -3.329793
v -0.255774 -9.457618 -4.646293
v -0.255604 -9.346427 -4.868692
v -3.747115 -6.951749 -2.027393
v -3.747115 -7.181937 -0.919393
v -3.488625 -6.100858 -1.778493
v -2.330935 -9.354057 -1.909393
v -2.205595 -10.197718 -1.758693
v -0.255774 -10.428408 -1.506493
v -0.255604 -10.391407 -1.752393
v 2.136687 -9.536048 -0.429693
v 2.011387 -10.345818 -0.149093
v -3.488625 -6.241508 1.169147
v -3.747115 -6.814817 2.425397
v -2.330935 -9.484178 1.064437
v -2.205595 -10.239997 1.468397
v -0.255774 -10.381448 1.779588
v -0.255604 -10.422257 1.534258
v 2.136687 -9.200008 2.527947
v 2.011387 -9.883448 3.045027
v -0.255774 -9.321338 4.890317
v -0.255604 -9.435958 4.669607
v 2.136687 -7.966469 5.236967
v 2.011387 -8.456667 5.939927
v 2.136687 -5.956168 7.432217
v 2.011387 -6.205137 8.252257
v -0.255774 -7.351842 7.521217
v -0.255604 -7.529056 7.346727
v 0.217826 -6.218507 7.518937
v 0.217826 -3.588588 9.062357
v -0.255774 -4.665748 9.414737
v 0.377436 -4.046367 9.688905
v 3.552887 -2.047838 6.908577
v 3.552887 -3.106088 6.507666
v 2.136687 -3.365878 8.898807
v 2.011387 -3.349267 9.755645
v -3.488625 1.149652 6.198627
v -3.747115 2.405881 6.771936
v 2.136687 -0.449178 9.493167
v 2.011387 -0.168598 10.302939
v -0.255774 -1.525988 10.385530
v -0.255604 -1.771918 10.348525
v -0.255774 1.760091 10.338571
v -0.255604 1.514762 10.379376
v 2.136687 2.508482 9.157137
v 2.011387 3.025481 9.840567
v 0.217826 5.218881 8.199897
v 2.136687 5.217482 7.923586
v 2.011387 5.920481 8.413787
v -0.255774 7.501680 7.308957
v -0.255604 7.327181 7.486176
v 2.136687 7.412680 5.913276
v 2.011387 8.232780 6.162256
v 2.136687 8.879280 3.322996
v 2.011387 9.736179 3.306386
v 0.217826 9.042880 3.545706
v -0.255774 10.366079 1.483105
v -0.255604 10.328979 1.729036
v 2.136687 9.473680 0.406306
v 2.011387 10.283481 0.125706
v 0.061546 9.910679 -3.402295
v -0.343264 10.030480 -3.022995
v 0.061376 9.989379 -3.166295
v -3.339495 4.032080 -9.244993
v -3.338985 3.454680 -9.481494
v -3.618695 3.694380 -7.632594
v -3.339495 0.979940 -10.048694
v -3.338985 0.357720 -10.095195
v -3.339495 -5.112759 -8.726093
v -3.338985 -5.643468 -8.397994
v -3.618695 -4.006749 -7.505193
v -3.339495 -7.556954 -6.729293
v -3.338985 -7.960289 -6.253192
v -1.186194 -7.960262 -5.632593
v -0.909374 -8.741583 -5.843993
v -3.339495 -9.264468 -4.074893
v -3.338985 -9.500948 -3.497493
v -3.339495 -8.745605 5.069877
v -3.338985 -8.417474 5.600587
v -3.339495 -6.748798 7.514067
v -3.338985 -6.272727 7.917407
v -3.618695 -5.929417 6.084897
v -3.339495 -4.094428 9.221587
v -3.338985 -3.517017 9.458067
v -0.343264 -3.509148 9.898364
v -3.339495 2.108781 9.846501
v -3.338985 2.714882 9.698427
v -3.339495 5.050381 8.702727
v -3.338985 5.581081 8.374587
v -3.618695 3.944381 7.481807
v -3.339495 9.202080 4.051546
v -3.338985 9.438580 3.474136
v -2.330935 9.291680 1.885976
v -1.186194 9.246779 2.883856
v -3.339495 10.005779 0.999435
v -3.338985 10.052279 0.377206
v -3.339495 9.826980 -2.151695
v -3.338985 9.678880 -2.757794
v 3.294387 -0.224599 -6.330294
v 3.294387 -1.211149 -6.222193
v 3.294387 -6.241678 1.168267
v 3.077487 -5.695368 1.069607
v 3.552887 0.189342 7.193057
v 3.552887 -0.940998 7.138786
v 3.552887 5.927181 4.044736
v 3.552887 5.218881 4.927306
v 3.077487 5.393281 -1.959794
v -0.909374 9.807079 -3.630394
v 0.061546 8.376381 -6.308495
v 0.061376 8.524180 -6.108494
v 3.552887 5.667981 -4.424994
v 3.294387 4.966980 -3.882194
v 3.552887 4.907781 -5.261793
v -3.747115 5.667281 -4.425795
v -3.747115 4.906281 -5.263295
v -3.488625 4.965880 -3.883694
v 0.061546 6.019080 -8.598394
v 0.061376 6.221380 -8.453794
v -2.330935 4.654580 -8.291894
v -0.909374 2.824080 -10.098094
v -3.747115 0.876490 -7.162394
v -3.747115 -0.252749 -7.216393
v -3.488625 0.764851 -6.282993
v -0.909374 -0.432570 -10.486693
v -2.330935 -3.975789 -8.669494
v 0.061546 -3.421749 -9.953594
v 0.061376 -3.185839 -10.032293
v 3.077487 -1.979169 -5.435894
v -3.747115 -4.445259 -5.710193
v -3.747115 -5.282749 -4.949092
v -3.488625 -3.903149 -5.008693
v -0.909374 -6.512979 -8.250193
v 3.552887 -4.444448 -5.710793
v 3.294387 -3.901659 -5.009892
v 3.552887 -5.281269 -4.950693
v 3.552887 -5.989578 -4.068093
v 3.552887 -6.550549 -3.086592
v -0.255604 -7.389605 -7.509593
v -2.330935 -8.311353 -4.697392
v 3.552887 -7.235940 0.208807
v 3.294387 -6.349818 0.181707
v 3.552887 -7.112844 1.332647
v -3.747115 -7.235909 0.209907
v -3.747115 -7.112444 1.334757
v 0.061546 -10.534208 0.140707
v 0.061376 -10.536188 -0.107993
v 0.061546 -9.973058 3.378857
v 0.061376 -10.051787 3.142947
v -2.330935 -8.688976 3.932907
v 3.077487 -5.455238 1.936237
v -3.270605 -5.086538 2.758157
v -3.747115 -5.729697 4.402377
v -3.747115 -4.968617 5.239857
v -3.488625 -5.028227 3.860257
v -2.330935 -7.046285 6.415247
v 0.061546 -8.438728 6.285127
v 0.061376 -8.586512 6.085087
v 3.552887 -5.730328 4.401567
v 3.294387 -5.029387 3.858777
v 3.552887 -4.970187 5.238387
v 3.077487 -3.981698 4.185527
v -2.330935 -4.716908 8.268466
v 0.061546 -6.081417 8.575006
v 0.061376 -6.283777 8.430427
v -3.747115 -2.046858 6.908867
v -3.747115 -0.938868 7.139057
v -3.747115 0.190372 7.193027
v -3.747115 1.315262 7.069557
v -0.255604 -4.888207 9.303546
v 0.061546 -3.131857 10.024367
v 0.061376 -3.368987 9.949399
v -2.330935 1.044942 9.441297
v -3.747115 3.437581 6.306906
v -3.747115 4.382882 5.686816
v -2.330935 3.913382 8.646097
v 0.061546 3.359382 9.930178
v 0.061376 3.123482 10.008910
v -0.909374 6.450580 8.226855
v 3.552887 4.382081 5.687446
v 3.552887 3.435682 6.307936
v -3.747115 5.220381 4.925736
v -3.747115 5.927781 4.043886
v -2.330935 8.248981 4.674026
v 0.061546 8.555481 6.038536
v 0.061376 8.410980 6.240896
v 0.061546 10.004879 3.088976
v 0.061376 9.929879 3.326106
v -2.330935 9.421780 -1.087794
v 0.061546 10.471780 -0.164095
v 0.061376 10.473781 0.084605
v -3.270625 5.686181 0.711356
v 3.294387 6.179280 -1.191694
v 3.077487 5.730580 -0.185694
v 3.077487 5.633481 -1.093094
v -0.412054 8.899780 -3.914494
v -0.571664 9.666479 -4.033994
v 0.286446 9.187180 -3.193994
v -0.412054 7.256579 -6.483294
v -0.571664 7.948879 -6.833894
v 0.286446 7.752580 -5.886894
v -0.412054 -0.983200 -9.711593
v -0.571664 -0.859919 -10.477695
v 0.286446 -0.209130 -9.762294
v 0.286446 -9.359498 -2.855592
v -0.571664 -10.241008 -2.457694
v 0.061546 -10.067248 -3.112393
v -0.412054 -9.731037 0.940308
v -0.571664 -10.497157 0.817037
v 0.286446 -9.781737 0.166207
v -0.412054 -2.123198 9.507597
v -0.571664 -2.477178 10.198127
v 0.286446 -2.875047 9.316617
v 0.286446 5.843981 7.772086
v -0.571664 6.790981 7.968336
v 0.061546 6.265582 8.395846
v -3.747115 -4.086778 5.947277
v -3.488625 -6.302458 -0.807693
v -3.747115 -5.990158 -4.067293
v -3.488625 6.179181 -1.192494
v -3.747115 6.752480 -2.448794
v 3.077487 3.209980 -4.781494
v 3.552887 -0.251719 -7.216494
v 3.294387 -1.799808 6.057447
v 3.077487 1.050152 5.652747
v 3.077487 4.738681 3.229506
v 3.294387 5.194381 3.545836
v 0.377436 10.176780 -2.465195
v 0.715187 10.252479 -2.044495
v 3.424488 7.992579 -2.764294
v 3.424488 6.749279 -5.109094
v 0.377436 8.918980 -5.499594
v -3.618695 5.867081 -6.108294
v 0.377436 6.785180 -7.996794
v -0.200904 7.193679 -6.569593
v 3.424488 4.842280 -6.954895
v -0.412054 4.900081 -8.418593
v 0.286446 5.556080 -8.004693
v 0.715187 4.368880 -9.526294
v -2.330935 1.866480 -9.334594
v 3.424488 2.458180 -8.120994
v 0.377436 3.983980 -9.712294
v 0.286446 2.812680 -9.339994
v 0.061546 3.069480 -10.047793
v 3.424488 -0.169590 -8.493394
v 0.377436 0.789830 -10.478293
v -0.200904 1.959200 -9.563894
v 0.061546 -0.183590 -10.514693
v 0.061376 0.065100 -10.516694
v -3.618695 -1.496549 -8.366993
v 3.424488 -2.783789 -8.035495
v 3.552887 -1.375529 -7.093394
v 0.377436 -2.484699 -10.219694
v -0.412054 -3.934019 -8.942595
v 0.286446 -3.213509 -9.229994
v 0.377436 -5.519068 -8.961894
v 0.061546 -6.328008 -8.419192
v 0.061376 -6.127968 -8.566993
v 3.424488 -5.128549 -6.792192
v -0.412054 -6.502809 -7.299494
v 0.286446 -5.906378 -7.795493
v -3.618695 -6.127788 -5.909893
v -2.330935 -6.458129 -7.026793
v 0.286446 -8.024139 -5.598993
v 0.061546 -8.617889 -6.061893
v 0.377436 -8.016244 -6.827992
v 0.715187 -7.720395 -7.136493
v -3.618695 -7.652050 -3.737293
v -3.618695 -8.430331 -1.199993
v 0.377436 -9.731788 -4.026892
v 0.715187 -9.545748 -4.411693
v 3.552887 -7.181667 -0.921493
v 0.377436 -10.497767 -0.832693
v -3.618695 -8.386445 1.453667
v -3.618695 -7.524689 3.963857
v 0.377436 -10.239207 2.441818
v 0.715187 -10.314907 2.021127
v -0.412054 -8.962108 3.891137
v 0.286446 -9.249528 3.170617
v -3.270605 -5.453068 1.937327
v 0.377436 -8.981407 5.476187
v -0.412054 -7.318958 6.459917
v 0.286446 -7.814963 5.863487
v 0.377436 -6.847507 7.973357
v 0.715187 -7.156026 7.677517
v -3.618695 -3.756788 7.609167
v -3.270605 -2.487338 5.200237
v -3.270605 -3.269818 4.757537
v 3.424488 -4.904607 6.931457
v -0.412054 -4.962428 8.395226
v 0.286446 -5.618468 7.981256
v -3.618695 -1.219468 8.387446
v -0.909374 -2.886418 10.074676
v -0.200904 -2.021578 9.540465
v 0.377436 -0.852208 10.454883
v 3.294387 0.162221 6.306937
v 3.552887 1.313151 7.069966
v -3.270615 1.917932 5.410477
v -3.270615 1.050692 5.650967
v -0.412054 0.920812 9.688156
v 0.286446 0.146742 9.738860
v 0.061546 0.121212 10.491326
v 0.061376 -0.127478 10.493307
v 0.377436 2.422282 10.196321
v 3.077487 1.916851 5.412637
v -0.412054 3.871682 8.919227
v 0.286446 3.151082 9.206647
v 0.377436 5.456681 8.938527
v -3.618695 6.065382 5.886536
v 0.377436 7.953880 6.804626
v 3.424488 6.911980 4.861726
v -3.618695 7.589681 3.713907
v -3.747115 6.889380 2.003976
v -0.412054 8.375680 4.919546
v 0.286446 7.961780 5.575586
v 0.377436 9.669379 4.003486
v 0.715187 9.483379 4.388336
v 3.077487 5.182181 2.446066
v 3.424488 8.078080 2.477656
v -3.618695 8.367981 1.176586
v -0.412054 9.488079 2.080316
v 0.286446 9.297080 2.832166
v -0.909374 10.055180 2.843536
v 0.377436 10.435380 0.809325
v 0.715187 10.377379 1.232816
v 3.424488 8.450480 -0.150094
v -0.412054 9.668679 -0.963694
v 0.286446 9.719379 -0.189594
v -3.618695 8.324080 -1.477094
v 3.077487 5.687680 0.712406
v 3.294387 6.239980 0.785246
v -3.270605 -5.693588 1.070147
v -3.270605 -4.800398 -3.250293
v -3.270615 -1.113059 -5.674293
v -3.270615 3.207581 -4.781193
v 3.077487 -3.272188 4.757887
v -0.200904 9.668479 -1.070494
v -0.200904 8.866580 -4.016095
v 0.715187 9.120980 -5.122894
v -0.909374 8.207379 -6.493494
v 0.715187 7.093679 -7.700894
v -0.200904 4.813581 -8.481294
v 0.715187 1.213320 -10.420294
v -0.200904 -1.089999 -9.711393
v 3.077487 -1.112519 -5.676094
v -0.909374 -3.649879 -9.849994
v 0.715187 -5.142359 -9.163894
v -0.200904 -4.035549 -8.909493
v -0.200904 -6.589128 -7.236592
v -0.909374 -10.117558 -2.866893
v -0.200904 -8.500768 -4.856394
v 3.077487 -4.800738 -3.252693
v -0.200904 -9.583347 -2.002093
v -0.909374 -10.506207 0.389707
v -0.909374 -9.869498 3.606997
v -0.200904 -9.730898 1.047118
v -0.200904 -8.928967 3.992667
v -0.909374 -8.269735 6.470087
v -0.200904 -7.256063 6.546247
v 0.715187 -4.431217 9.502876
v -3.488625 -0.827228 6.259576
v 0.715187 -1.275707 10.396880
v 0.715187 2.001632 10.272022
v -0.909374 3.587481 9.826614
v 3.294387 3.839281 4.986506
v -3.270615 4.738281 3.227136
v -0.200904 3.973182 8.886086
v -3.488625 3.840781 4.985346
v -0.909374 8.679180 5.820646
v 0.715187 7.657980 7.113147
v -0.200904 6.526781 7.213186
v -0.200904 8.438380 4.833056
v -0.909374 10.443879 -0.413094
v -0.200904 9.520980 1.978696
v -3.618695 7.462280 -3.987294
v -3.618695 1.157090 -8.410793
v 0.061376 3.306580 -9.972793
v 0.288376 3.157280 -9.221394
v 0.061376 -8.473312 -6.264293
v 3.424488 -8.140488 -2.501093
v 0.061376 -9.992278 -3.349494
v 0.288376 -9.240929 -3.200192
v 0.061376 6.065581 8.543627
v -3.270625 5.631680 -1.093594
v -3.270625 5.728780 -0.187394
v 1.059487 7.565580 -5.991495
v 0.288376 7.961680 -5.588394
v -0.909374 5.801179 -8.722095
v 0.288376 5.847180 -7.785394
v -1.253674 1.110031 -9.611995
v -0.412054 2.060820 -9.530993
v 1.059487 -0.403709 -9.672494
v 0.715187 -2.064009 -10.295394
v 0.288376 -2.865019 -9.336694
v 1.059487 -6.011018 -7.608493
v 0.288376 -5.607898 -8.004594
v -1.253674 -8.808999 -4.063694
v -0.412054 -8.438105 -4.942893
v 1.059487 -8.065865 -5.388793
v -1.253674 -9.631528 -1.152893
v -0.412054 -9.550478 -2.103693
v 0.715187 -10.439757 -1.256193
v 0.288376 -9.775457 -0.198093
v 2.925587 -8.639708 2.902168
v 0.288376 -9.356148 2.822137
v 1.059487 -7.627940 5.968137
v 0.715187 -9.183408 5.099477
v 0.288376 -8.024055 5.565017
v 1.059487 -2.662238 9.291347
v -0.200904 -4.875937 8.457887
v -0.909374 0.370182 10.463330
v 2.925587 0.079882 9.075927
v 1.059487 0.341332 9.649062
v -3.119795 1.502102 8.946337
v 1.059487 3.308481 9.061117
v -0.200904 1.027622 9.688014
v 0.288376 2.802681 9.313267
v 0.715187 5.079981 9.140527
v 2.925587 5.400281 7.275066
v -0.412054 6.440381 7.276076
v 1.059487 8.003480 5.365376
v 0.288376 7.742481 5.866676
v 0.288376 9.713079 0.174706
v 3.424488 2.721382 8.012067
v -3.270625 5.180980 2.444597
v -2.974575 4.534981 3.085837
v -3.488625 6.287381 -0.206994
v -2.974545 -5.449668 1.026247
v -2.974565 -1.069179 -5.430494
v 2.780287 -1.068369 -5.430593
v 2.780387 4.533981 3.087196
v 1.059487 9.041580 -3.351294
v 3.141088 8.706480 -1.588694
v 2.925587 8.577380 -2.925594
v 0.288376 9.293780 -2.845494
v -1.253674 8.406480 -4.731395
v -3.119795 6.314779 -6.517595
v 2.925587 5.220480 -7.428995
v -3.119795 3.993780 -8.160093
v 2.780387 3.067681 -4.576794
v -1.253674 4.020880 -8.789494
v -3.335335 2.528680 -8.513494
v -3.119795 1.278751 -9.005095
v -1.253674 -1.912489 -9.494793
v -3.119795 -1.564479 -8.969694
v 0.288376 0.155251 -9.755993
v -1.253674 -4.750858 -8.449293
v 2.925587 -2.945049 -8.620194
v 3.141088 -4.231108 -7.834394
v 2.925587 -5.462618 -7.298493
v -3.119795 -6.537049 -6.357593
v -3.119795 -8.179632 -4.036592
v 0.288376 -7.804884 -5.890093
v -2.974555 -4.596898 -3.108893
v 2.925587 -8.708353 -2.714293
v 3.141088 -8.828545 -1.211993
v 2.925587 -9.118808 0.099407
v -3.335335 -8.907955 0.181007
v -3.119795 -8.989218 1.521597
v 1.059487 -9.691947 0.360807
v -3.335335 -8.413958 2.914617
v -3.119795 -8.076962 4.214737
v 2.780287 -5.449788 1.025447
v -3.119795 -6.377137 6.494167
v 3.141088 -6.173187 6.400017
v 2.925587 -5.282897 7.405637
v 0.288376 -5.909557 7.762007
v -1.253674 -4.083228 8.766116
v -3.335335 -5.092947 7.283018
v -3.119795 -4.056128 8.136746
v -3.119795 -1.341117 8.981707
v 0.288376 -3.219648 9.198047
v 0.288376 -0.217628 9.732577
v -3.335335 2.895082 8.371078
v -3.119795 4.195282 8.034087
v 2.780387 1.006012 5.407297
v -3.119795 6.474680 6.334256
v 0.288376 5.545481 7.981176
v -3.119795 8.117280 4.013236
v 3.141088 6.380482 6.130296
v 2.925587 7.386180 5.240016
v 3.141088 7.964681 3.848366
v 2.925587 8.645981 2.690906
v -3.119795 8.962179 1.298236
v 0.288376 9.178579 3.176765
v -1.253674 9.569180 1.129526
v 2.925587 9.056480 -0.122794
v -1.253674 9.451980 -1.892994
v -3.119795 8.926880 -1.544994
v 1.745387 -8.271397 -4.933992
v 1.745387 -9.590907 0.849567
v 1.745387 -8.856877 3.761527
v 3.424488 -6.811637 5.085667
v 1.745387 -2.166198 9.346287
v 3.424488 0.107212 8.469957
v -1.939664 2.316981 9.295087
v 3.424488 5.066181 6.768756
v 2.780287 -4.595888 -3.110293
v -3.335335 8.351581 -2.937994
v -3.119795 8.014580 -4.238093
v 3.141088 7.791479 -4.211594
v 2.925587 7.255579 -5.443094
v -1.253674 6.534980 -7.107695
v 1.059487 5.345880 -8.046393
v 3.141088 3.828880 -8.007594
v 2.925587 2.671381 -8.688894
v 1.059487 2.599880 -9.314693
v 3.141088 1.169080 -8.809093
v 2.925587 -0.142260 -9.099293
v 1.059487 -3.370819 -9.084494
v -3.335335 -2.957499 -8.394494
v -3.119795 -4.257618 -8.057493
v -1.253674 -7.127234 -6.577893
v 3.141088 -6.442899 -6.153693
v 2.925587 -7.448515 -5.263393
v -3.335335 -8.533035 -2.571492
v -3.119795 -9.024588 -1.321593
v 1.059487 -9.334228 -2.642693
v -1.253674 -9.514318 1.869608
v -1.253674 -8.468822 4.707977
v 1.059487 -9.103997 3.327937
v 3.141088 -7.853899 4.188227
v 2.925587 -7.317944 5.419737
v 2.925587 -2.733788 8.665466
v -1.253674 -1.172408 9.588650
v -1.253674 1.850112 9.471437
v 3.141088 1.545822 8.725997
v 2.925587 2.882682 8.596827
v 1.059487 5.948681 7.585056
v -1.253674 7.064881 6.554516
v -1.253674 8.746580 4.040346
v 1.059487 9.629580 -0.384194
v -3.488625 6.240080 0.784346
v -2.974555 -3.128418 4.554057
v 2.780287 -4.388038 3.367087
v 2.780287 -3.129778 4.553047
v 2.780387 5.480181 -0.176894
v 1.745387 8.794480 -3.784894
v 1.745387 7.196580 -6.327495
v -1.939664 6.117880 -7.381794
v -3.618695 3.694380 -7.632594
v -1.939664 3.539480 -8.921293
v 1.745387 4.891080 -8.251893
v -1.939664 0.611521 -9.588593
v 1.745387 -0.892440 -9.571394
v -1.939664 -2.379359 -9.318493
v -3.618695 -6.127788 -5.909893
v 1.745387 -3.804409 -8.837394
v -1.939664 -5.140388 -8.137294
v -1.939664 -8.940748 -3.582393
v -1.939664 -9.608077 -0.654393
v 3.424488 -8.512840 0.126707
v -1.939664 -9.337968 2.336477
v -3.618695 -5.929417 6.084897
v 3.424488 -8.054952 2.740907
v -1.939664 -8.156834 5.097497
v -1.939664 -6.180307 7.358397
v 1.745387 -7.258930 6.304137
v 1.745387 -4.953477 8.228517
v -1.939664 -3.601867 8.897867
v -1.939664 -0.673898 9.565202
v -1.939664 5.077981 8.113947
v 1.745387 3.741981 8.813997
v 1.745387 6.284681 7.216046
v -1.939664 7.338881 6.137426
v 1.745387 8.208980 4.910596
v 1.745387 9.326780 2.123316
v -1.939664 9.545680 0.631016
v -1.939664 9.275579 -2.359894
v -3.747115 7.173581 -0.233294
v -3.747115 7.050081 -1.358094
v -3.488625 6.287381 -0.206994
v 3.552887 7.173581 -0.232194
v 3.424488 8.450480 -0.150094
v 3.552887 7.119281 0.898116
v -2.974565 1.006811 5.407176
v -2.974575 3.066281 -4.577793
v 2.780387 4.808780 -2.659794
v 2.780287 -2.679059 -4.851293
v 2.780287 0.134012 5.499337
v 2.780387 3.982981 3.768217
v 2.577987 9.223781 -1.398194
v 3.424488 7.405380 -4.092794
v 0.286446 9.719379 -0.189594
v -0.092424 10.380980 -1.406394
v -2.974575 4.808381 -2.660495
v -0.101804 10.033880 -3.020294
v -3.335335 7.036979 -5.385194
v 3.424488 5.780280 -6.191095
v 0.286446 9.187180 -3.193994
v -2.974575 3.748081 -4.026394
v -3.618695 5.867081 -6.108294
v 3.141088 6.110780 -6.423395
v 1.745387 7.196580 -6.327495
v 2.780387 3.748681 -4.025894
v -0.092424 7.572579 -7.260194
v -3.335335 5.030580 -7.306395
v -3.618695 1.157090 -8.410793
v 1.745387 4.891080 -8.251893
v 3.424488 2.458180 -8.120994
v -2.974565 -0.198079 -5.522593
v -3.618695 -1.496549 -8.366993
v -0.092424 4.960580 -9.255095
v -0.101804 3.450980 -9.922995
v -3.335335 -0.223859 -8.888494
v 3.424488 -0.169590 -8.493394
v 0.286446 2.812680 -9.339994
v -2.974555 -2.679749 -4.850893
v 0.286446 -0.209130 -9.762294
v 3.141088 -1.608199 -8.749393
v -2.772205 -2.850419 -8.935293
v 3.424488 -6.210578 -5.823093
v -0.092424 -4.575169 -9.483294
v -2.974555 -4.045538 -3.790693
v -2.772205 -5.469968 -7.627294
v -3.335335 -5.404698 -7.079894
v 1.745387 -6.347018 -7.239392
v -2.974555 -5.325748 -1.560193
v -0.092424 -7.279646 -7.615493
v -3.335335 -7.325894 -5.073493
v 2.577987 -8.333637 -4.329894
v 0.286446 -8.024139 -5.598993
v -3.618695 -8.509922 0.250407
v -0.101804 -9.942438 -3.493793
v 2.780287 -5.501118 -0.702893
v -3.618695 -7.524689 3.963857
v 3.424488 -8.364889 1.571667
v -0.092424 -10.364727 -1.902792
v -2.974545 -5.541768 0.155207
v 2.577987 -9.286208 1.374838
v 3.424488 -7.467722 4.069427
v 0.286446 -9.781737 0.166207
v -2.974555 -4.870228 2.636797
v -0.092424 -9.502748 4.532288
v -2.974555 -3.810158 4.002657
v -1.253674 -6.597398 7.084357
v -3.335335 -7.099394 5.361817
v 2.780287 -3.810758 4.002107
v 1.059487 -5.408257 8.022986
v -0.092424 -7.635001 7.236767
v 1.745387 -7.258930 6.304137
v -3.618695 -3.756788 7.609167
v -3.618695 -1.219468 8.387446
v -0.101804 -6.405638 8.338428
v -2.974565 0.135702 5.499247
v 3.424488 -1.100578 8.403407
v 0.286446 -5.618468 7.981256
v -3.335335 -2.591018 8.490157
v -2.772205 -0.107468 9.346297
v 3.141088 -1.231458 8.785666
v 3.424488 1.552172 8.322006
v 0.286446 -2.875047 9.316617
v -0.092424 1.363522 10.400458
v -1.253674 4.688481 8.425937
v -2.772205 2.788082 8.911857
v -3.335335 5.342281 7.056517
v 3.141088 4.168682 7.811017
v 0.286446 3.151082 9.206647
v -2.974575 3.983581 3.767616
v -3.618695 6.982280 4.759976
v -3.335335 7.263480 5.050066
v 3.424488 6.148180 5.799736
v -0.092424 7.217281 7.592126
v 1.745387 8.208980 4.910596
v -3.335335 8.470680 2.548136
v 3.424488 8.078080 2.477656
v 1.059487 9.271879 2.619356
v -0.092424 9.212179 4.980066
v -0.101804 9.880079 3.470446
v 2.577987 9.199280 1.529596
v -0.092424 10.302380 1.879385
v 2.780387 5.388080 -1.048894
v 3.141088 8.766180 1.188576
v -2.974575 5.387981 -1.049694
v -3.335335 8.845579 -0.204394
v -1.939664 8.094481 -5.120893
v 1.745387 2.103780 -9.369694
v 1.745387 -6.347018 -7.239392
v -1.939664 -7.401284 -6.160793
v 1.745387 -9.389158 -2.146693
v 1.745387 0.830072 9.548025
v -1.939664 8.878380 3.558986
v 3.294387 6.287480 -0.205094
v 3.552887 7.050480 -1.355994
v 1.745387 9.528480 -0.872994
v -3.747115 7.119580 0.895986
v -3.618695 8.447579 -0.273794
v -3.618695 1.434172 8.343567
v 2.780387 1.519081 -5.306293
v 2.780287 -3.410028 -4.368593
v 2.780287 -1.581408 5.282697
v -2.772205 8.892380 -2.830894
v -1.939664 9.275579 -2.359894
v -0.092424 9.440380 -4.555695
v -2.772205 5.530980 -7.537594
v -2.974575 1.517431 -5.306694
v 2.577987 4.287080 -8.314193
v 2.780387 0.660021 -5.481994
v 2.780387 -0.196389 -5.522694
v -1.253674 1.110031 -9.611995
v -0.092424 1.859890 -10.345195
v 2.577987 -1.417719 -9.266694
v -1.253674 -1.912489 -9.494793
v -0.092424 -1.425899 -10.423893
v 2.577987 -4.209818 -8.385293
v 0.286446 -3.213509 -9.229994
v 1.059487 -3.370819 -9.084494
v 3.424488 -6.974339 -4.885093
v -2.772205 -7.557126 -5.573893
v -0.092424 -9.274588 -5.003493
v 3.141088 -8.027068 -3.871793
v 2.577987 -9.261698 -1.552993
v 1.745387 -9.389158 -2.146693
v 1.059487 -9.334228 -2.642693
v 2.780287 -5.541858 0.153507
v -3.618695 -8.386445 1.453667
v -3.618695 -8.013965 2.857607
v 3.141088 -8.768875 1.565318
v -0.092424 -10.443337 1.383027
v -2.772205 -8.954738 2.807537
v 0.286446 -9.249528 3.170617
v 1.059487 -9.103997 3.327937
v 3.424488 -3.648648 7.661087
v 3.141088 -3.891248 7.984187
v -0.092424 -5.022948 9.231707
v -3.618695 0.230862 8.467036
v -3.618695 1.434172 8.343567
v -3.335335 0.161482 8.865077
v -0.092424 -1.922268 10.321841
v 1.745387 0.830072 9.548025
v 3.424488 4.049881 7.424846
v -0.101804 2.977382 10.053425
v -0.092424 4.512781 9.459857
v -2.772205 5.407581 7.603917
v 1.745387 6.284681 7.216046
v -2.974575 5.264081 1.536986
v 2.577987 8.271279 4.306546
v -2.974575 5.439580 0.678756
v -2.974575 5.480080 -0.178594
v 0.286446 9.297080 2.832166
v 1.059487 9.271879 2.619356
v -3.747115 7.050081 -1.358094
v 3.424488 3.586280 -7.684494
v -3.618695 -2.900489 -7.994494
v -3.618695 -4.802857 7.001777
v -3.618695 0.230862 8.467036
v -3.618695 8.113580 2.359146
v -3.618695 8.447579 -0.273794
v -3.618695 7.951581 -2.880994
v 3.424488 -2.520538 8.097607
v 3.552887 7.050480 -1.355994
v 2.780387 4.326180 -3.390794
v 2.780287 -4.870648 2.636107
v 2.780387 5.439481 0.679566
v 1.745387 9.528480 -0.872994
v -1.253674 9.451980 -1.892994
v 1.745387 8.794480 -3.784894
v 1.059487 9.041580 -3.351294
v -1.939664 8.094481 -5.120893
v 2.577987 8.342380 -4.190294
v -0.101804 8.611580 -5.983294
v -2.974575 4.325080 -3.392193
v -2.772205 7.584379 -5.450494
v 2.577987 6.641279 -6.573395
v 3.424488 4.842280 -6.954895
v -1.253674 6.534980 -7.107695
v 0.286446 7.752580 -5.886894
v 1.059487 7.565580 -5.991495
v -3.618695 2.339680 -8.156394
v -0.101804 6.343280 -8.361794
v -2.772205 2.933180 -8.888093
v 3.424488 1.038201 -8.426794
v -1.253674 4.020880 -8.789494
v 0.286446 5.556080 -8.004693
v -3.618695 -0.293249 -8.490394
v 1.745387 2.103780 -9.369694
v -2.772205 0.045091 -9.369694
v -3.618695 -4.006749 -7.505193
v 2.577987 1.510101 -9.242193
v -0.101804 0.217771 -10.513894
v 1.745387 -0.892440 -9.571394
v 1.059487 -0.403709 -9.672494
v -0.101804 -3.039769 -10.076794
v -3.618695 -7.652050 -3.737293
v -0.101804 -6.002819 -8.654493
v -1.939664 -5.140388 -8.137294
v -1.253674 -4.750858 -8.449293
v 2.577987 -6.592878 -6.684194
v 2.780287 -4.044989 -3.791294
v 0.286446 -5.906378 -7.795493
v -1.253674 -7.127234 -6.577893
v 2.780287 -5.325338 -1.561893
v -3.618695 -8.175922 -2.382492
v -3.618695 -8.430331 -1.199993
v -0.101804 -8.381308 -6.386193
v 1.745387 -8.271397 -4.933992
v 1.059487 -8.065865 -5.388793
v -2.772205 -8.907597 -2.975993
v 3.424488 -8.140488 -2.501093
v -1.253674 -8.808999 -4.063694
v -1.939664 -9.608077 -0.654393
v -1.253674 -9.631528 -1.152893
v 0.286446 -9.359498 -2.855592
v -2.772205 -9.389188 -0.087993
v -0.101804 -10.533387 -0.260693
v 3.424488 -8.054952 2.740907
v -1.253674 -9.514318 1.869608
v 1.745387 -9.590907 0.849567
v 1.059487 -9.691947 0.360807
v -3.618695 -6.736598 5.183987
v -0.101804 -10.096308 2.996887
v 2.577987 -8.404775 4.166937
v -1.939664 -8.156834 5.097497
v -0.101804 -8.673982 5.959927
v -2.974555 -4.387027 3.368457
v -2.772205 -7.646802 5.427087
v 2.577987 -6.703678 6.549997
v -2.974555 -1.579758 5.283107
v -2.974565 -0.721578 5.458637
v 0.286446 -7.814963 5.863487
v 1.059487 -7.627940 5.968137
v -3.618695 -2.402038 8.133037
v -2.772205 -5.593398 7.514247
v -1.939664 -6.180307 7.358397
v -1.253674 -6.597398 7.084357
v 1.745387 -4.953477 8.228517
v -1.939664 -3.601867 8.897867
v 3.424488 -2.520538 8.097607
v -0.101804 -3.513317 9.899557
v -2.772205 -2.995517 8.864717
v 1.745387 -2.166198 9.346287
v 1.059487 -2.662238 9.291347
v 2.577987 -1.572478 9.218817
v -1.253674 -1.172408 9.588650
v -0.101804 -0.280148 10.490504
v -2.974575 3.349282 4.344536
v 2.577987 1.355342 9.243327
v 0.286446 0.146742 9.738860
v 1.059487 0.341332 9.649062
v -1.939664 2.316981 9.295087
v -1.253674 1.850112 9.471437
v -1.939664 5.077981 8.113947
v 2.577987 4.147481 8.361897
v 2.780387 2.616881 4.828176
v 1.745387 3.741981 8.813997
v -0.101804 5.940481 8.631097
v -1.939664 7.338881 6.137426
v -1.253674 7.064881 6.554516
v -2.772205 7.494780 5.550516
v 3.424488 6.911980 4.861726
v 3.424488 7.641581 3.605766
v 0.286446 5.843981 7.772086
v 1.059487 5.948681 7.585056
v -0.101804 8.318981 6.362756
v -2.772205 8.845180 2.952636
v -1.939664 8.878380 3.558986
v 3.552887 7.119281 0.898116
v 0.286446 7.961780 5.575586
v -1.253674 8.746580 4.040346
v -1.939664 9.545680 0.631016
v -0.101804 10.470981 0.237305
v -2.772205 9.326780 0.064606
v -3.618695 2.339680 -8.156394
v 3.424488 -1.614549 -8.345394
v -3.618695 -5.226869 -6.717093
v -3.618695 -7.044660 -4.783393
v -3.618695 -8.175922 -2.382492
v -3.618695 -8.509922 0.250407
v -3.618695 -8.013965 2.857607
v -3.618695 -6.736598 5.183987
v -3.618695 -2.402038 8.133037
v -3.618695 5.164482 6.693716
v -3.618695 3.944381 7.481807
v -3.618695 6.982280 4.759976
v -3.618695 8.113580 2.359146
v 3.424488 7.405380 -4.092794
v 3.424488 5.780280 -6.191095
v 3.424488 -4.112309 -7.448194
v 3.424488 -6.210578 -5.823093
v 3.424488 -8.446294 -1.081093
v 3.424488 -3.648648 7.661087
v 3.424488 -1.100578 8.403407
v 3.424488 -2.520538 8.097607
v 3.424488 4.049881 7.424846
v 3.424488 7.641581 3.605766
v 3.424488 8.383881 1.057696
v 3.424488 8.302479 -1.595094
v 2.577987 -8.333637 -4.329894
v 2.780387 5.157181 -1.875094
v -3.618695 7.951581 -2.880994
v -3.618695 7.462280 -3.987294
v -0.200904 8.866580 -4.016095
v 3.424488 6.749279 -5.109094
v -3.618695 4.740480 -7.025194
v -1.253674 8.406480 -4.731395
v -2.974565 0.659221 -5.482194
v -0.482604 4.558080 -8.609594
v -1.939664 3.539480 -8.921293
v -1.939664 0.611521 -9.588593
v -0.200904 -1.089999 -9.711393
v -3.618695 -2.900489 -7.994494
v -2.974555 -3.411389 -4.367594
v -3.618695 -5.226869 -6.717093
v -0.200904 -4.035549 -8.909493
v 3.424488 -5.128549 -6.792192
v 1.745387 -3.804409 -8.837394
v -3.618695 -7.044660 -4.783393
v -2.974555 -5.501238 -0.701993
v -1.939664 -7.401284 -6.160793
v -1.939664 -8.940748 -3.582393
v 3.424488 -8.512840 0.126707
v -1.939664 -9.337968 2.336477
v 3.424488 -5.842618 6.167697
v 3.424488 -6.811637 5.085667
v 1.745387 -8.856877 3.761527
v -1.253674 -8.468822 4.707977
v -3.618695 -4.802857 7.001777
v -0.482604 -7.052764 6.747227
v -3.618695 1.434172 8.343567
v 2.577987 -4.349428 8.290756
v -0.200904 -2.021578 9.540465
v -1.253674 -4.083228 8.766116
v -0.482604 4.227181 8.754847
v -3.618695 5.164482 6.693716
v -2.974565 1.833702 5.175877
v -2.974565 2.617582 4.827756
v 2.780387 3.347882 4.345546
v -1.253674 4.688481 8.425937
v 2.577987 6.530481 6.660796
v 2.780387 4.955280 2.339016
v 2.780387 5.263581 1.538627
v -1.253674 9.569180 1.129526
v 1.745387 9.326780 2.123316
v -3.618695 6.674180 -5.207394
v -0.482604 -4.289519 -8.778193
v -0.482604 -9.626448 -1.719493
v -2.974555 -2.380958 4.974717
v -0.482604 -7.052764 6.747227
v -0.482604 1.309712 9.641676
v -0.482604 6.727780 7.009886
v 3.294387 6.287480 -0.205094
v -3.747115 7.119580 0.895986
v -0.482604 9.564080 1.696085
v 3.141088 1.169080 -8.809093
v 2.577987 1.510101 -9.242193
v 3.141088 -1.608199 -8.749393
v 2.577987 -1.417719 -9.266694
v 3.141088 -8.768875 1.565318
v 2.577987 -9.286208 1.374838
v 3.424488 -7.467722 4.069427
v 3.141088 -7.853899 4.188227
v 3.141088 -6.173187 6.400017
v 2.577987 -6.703678 6.549997
v 3.141088 1.545822 8.725997
v 2.577987 1.355342 9.243327
v 3.424488 6.148180 5.799736
v 3.141088 6.380482 6.130296
v -3.618695 6.674180 -5.207394
v -2.772205 5.530980 -7.537594
v -3.335335 -0.223859 -8.888494
v -2.772205 0.045091 -9.369694
v 3.424488 -6.974339 -4.885093
v -3.618695 2.838082 7.971086
v -3.488625 6.240080 0.784346
v 3.424488 8.302479 -1.595094
v 2.780387 2.319480 -4.998094
v 2.780287 -0.722379 5.458517
v 1.059487 9.629580 -0.384194
v 2.577987 8.342380 -4.190294
v 3.424488 7.992579 -2.764294
v 2.577987 6.641279 -6.573395
v -3.335335 7.036979 -5.385194
v -2.772205 7.584379 -5.450494
v -0.200904 7.193679 -6.569593
v -2.772205 2.933180 -8.888093
v 2.577987 4.287080 -8.314193
v -0.482604 6.990380 -6.770595
v -1.939664 6.117880 -7.381794
v 1.059487 5.345880 -8.046393
v 3.424488 1.038201 -8.426794
v -0.482604 1.676590 -9.606994
v -0.200904 1.959200 -9.563894
v 1.059487 2.599880 -9.314693
v -0.482604 1.676590 -9.606994
v -3.335335 -2.957499 -8.394494
v -2.772205 -2.850419 -8.935293
v -1.939664 -2.379359 -9.318493
v 2.577987 -4.209818 -8.385293
v 3.424488 -2.783789 -8.035495
v 3.424488 -4.112309 -7.448194
v -0.482604 -1.372089 -9.665093
v -3.335335 -5.404698 -7.079894
v -2.772205 -5.469968 -7.627294
v 2.577987 -6.592878 -6.684194
v -3.335335 -7.325894 -5.073493
v -2.772205 -7.557126 -5.573893
v -0.482604 -6.790109 -7.033294
v 1.059487 -6.011018 -7.608493
v -0.200904 -8.500768 -4.856394
v -3.335335 -8.533035 -2.571492
v -2.772205 -8.907597 -2.975993
v 3.141088 -8.828545 -1.211993
v 2.577987 -9.261698 -1.552993
v -0.200904 -9.583347 -2.002093
v -3.335335 -8.907955 0.181007
v -2.772205 -9.389188 -0.087993
v -2.974555 -5.218348 1.853047
v -3.335335 -8.413958 2.914617
v -2.772205 -8.954738 2.807537
v -0.482604 -9.684558 1.329208
v 2.577987 -8.404775 4.166937
v 3.424488 -8.054952 2.740907
v -0.482604 -9.684558 1.329208
v 3.424488 -6.811637 5.085667
v -3.335335 -7.099394 5.361817
v -2.772205 -7.646802 5.427087
v -0.482604 -8.797727 4.246637
v -2.772205 -5.593398 7.514247
v -0.482604 -8.797727 4.246637
v 2.577987 -4.349428 8.290756
v -3.335335 -2.591018 8.490157
v -2.772205 -2.995517 8.864717
v -0.200904 -4.875937 8.457887
v 2.577987 -1.572478 9.218817
v 1.059487 -5.408257 8.022986
v -3.335335 0.161482 8.865077
v -2.772205 -0.107468 9.346297
v 3.424488 0.107212 8.469957
v -0.482604 -1.738968 9.583570
v 3.424488 1.552172 8.322006
v -3.335335 2.895082 8.371078
v -2.772205 2.788082 8.911857
v -0.200904 1.027622 9.688014
v -1.939664 -0.673898 9.565202
v -2.772205 5.407581 7.603917
v 3.141088 4.168682 7.811017
v 2.577987 4.147481 8.361897
v -2.974575 4.955681 2.338286
v 2.577987 6.530481 6.660796
v 1.059487 3.308481 9.061117
v -3.335335 7.263480 5.050066
v -2.772205 7.494780 5.550516
v -0.482604 6.727780 7.009886
v -3.618695 6.065382 5.886536
v 3.141088 7.964681 3.848366
v 2.577987 8.271279 4.306546
v -3.335335 8.470680 2.548136
v -2.772205 8.845180 2.952636
v -0.200904 8.438380 4.833056
v 1.059487 8.003480 5.365376
v 2.577987 9.199280 1.529596
v -0.482604 9.564080 1.696085
v -3.335335 8.845579 -0.204394
v -2.772205 9.326780 0.064606
v 3.294387 6.239980 0.785246
v 2.577987 9.223781 -1.398194
v -3.335335 8.351581 -2.937994
v -2.772205 8.892380 -2.830894
v -0.200904 9.668479 -1.070494
v 2.780287 -2.381698 4.974377
v -0.482604 9.622180 -1.352594
v -0.482604 8.735380 -4.269993
v -2.974575 5.156580 -1.876694
v -2.974575 2.318681 -4.998394
v -0.482604 8.735380 -4.269993
v -0.482604 6.990380 -6.770595
v 3.424488 3.586280 -7.684494
v -0.482604 4.558080 -8.609594
v 2.780287 -1.894409 -5.199594
v -0.200904 -6.589128 -7.236592
v 3.424488 -7.703970 -3.629194
v -0.482604 -6.790109 -7.033294
v 2.780287 -5.017118 -2.362093
v -2.974555 -5.017468 -2.361392
v -0.482604 -8.629093 -4.600994
v -0.482604 -8.629093 -4.600994
v 3.424488 -8.512840 0.126707
v -0.200904 -9.730898 1.047118
v 2.780287 -5.218918 1.851447
v -0.200904 -8.928967 3.992667
v -0.200904 -7.256063 6.546247
v 3.424488 -4.904607 6.931457
v -0.482604 -4.620477 8.586206
v -0.482604 -4.620477 8.586206
v 3.424488 0.107212 8.469957
v -3.618695 2.838082 7.971086
v -0.482604 1.309712 9.641676
v 2.780387 1.832112 5.176456
v 3.424488 2.721382 8.012067
v -0.200904 3.973182 8.886086
v 3.424488 5.066181 6.768756
v 3.424488 5.066181 6.768756
v -0.482604 4.227181 8.754847
v -0.200904 6.526781 7.213186
v -3.618695 7.589681 3.713907
v 3.424488 8.383881 1.057696
v -0.482604 8.566681 4.577596
v 3.424488 -6.974339 -4.885093
v -3.618695 4.740480 -7.025194
v 3.424488 -1.614549 -8.345394
v -3.618695 8.324080 -1.477094
v 3.141088 7.791479 -4.211594
v 3.424488 -7.703970 -3.629194
v 3.141088 6.110780 -6.423395
v 0.288376 9.293780 -2.845494
v -3.335335 5.030580 -7.306395
v -0.482604 6.990380 -6.770595
v 3.141088 3.828880 -8.007594
v -0.200904 4.813581 -8.481294
v -3.335335 2.528680 -8.513494
v 0.288376 5.847180 -7.785394
v -0.482604 1.676590 -9.606994
v -0.482604 -1.372089 -9.665093
v -2.974565 -1.896009 -5.199093
v 3.141088 -4.231108 -7.834394
v 3.424488 -2.783789 -8.035495
v -0.482604 -4.289519 -8.778193
v 3.141088 -6.442899 -6.153693
v 3.424488 -6.974339 -4.885093
v -0.482604 -6.790109 -7.033294
v 3.141088 -8.027068 -3.871793
v 0.288376 -5.607898 -8.004594
v 3.424488 -8.446294 -1.081093
v -0.482604 -8.629093 -4.600994
v -0.482604 -9.626448 -1.719493
v 3.424488 -8.364889 1.571667
v 0.288376 -9.240929 -3.200192
v -0.482604 -9.626448 -1.719493
v -0.482604 -9.684558 1.329208
v -3.335335 -5.092947 7.283018
v -3.618695 -6.736598 5.183987
v 3.141088 -3.891248 7.984187
v 0.288376 -5.909557 7.762007
v 3.141088 -1.231458 8.785666
v -0.482604 -1.738968 9.583570
v -0.482604 -4.620477 8.586206
v 3.424488 0.107212 8.469957
v -3.335335 5.342281 7.056517
v -0.482604 1.309712 9.641676
v -3.618695 6.065382 5.886536
v -0.482604 6.727780 7.009886
v -0.482604 8.566681 4.577596
v 3.141088 8.766180 1.188576
v 0.288376 7.742481 5.866676
v -0.200904 9.520980 1.978696
v -3.618695 8.367981 1.176586
v 3.141088 8.706480 -1.588694
v 3.294387 6.179280 -1.191694
v -0.482604 9.622180 -1.352594
v -3.618695 8.447579 -0.273794
v -3.618695 -0.293249 -8.490394
v 3.424488 -7.703970 -3.629194
v 3.424488 -5.842618 6.167697
v 3.424488 8.302479 -1.595094
v -3.618695 7.462280 -3.987294
v 3.424488 7.405380 -4.092794
v 0.288376 7.961680 -5.588394
v -0.482604 4.558080 -8.609594
v -3.618695 -0.293249 -8.490394
v 3.424488 1.038201 -8.426794
v 3.424488 -1.614549 -8.345394
v -0.482604 -1.372089 -9.665093
v 3.424488 -5.128549 -6.792192
v 3.424488 -7.703970 -3.629194
v 0.288376 -9.356148 2.822137
v 3.424488 -5.842618 6.167697
v 3.424488 -4.904607 6.931457
v 0.288376 -8.024055 5.565017
v -0.482604 -1.738968 9.583570
v 3.424488 2.721382 8.012067
v 0.288376 -0.217628 9.732577
v -3.618695 8.324080 -1.477094
v -0.482604 9.564080 1.696085
v 3.424488 8.302479 -1.595094
v 0.288376 9.713079 0.174706
v -3.618695 7.951581 -2.880994
v -3.618695 7.462280 -3.987294
v -0.482604 9.622180 -1.352594
v -3.618695 4.740480 -7.025194
v -3.618695 6.674180 -5.207394
v -0.482604 8.735380 -4.269993
v 3.424488 5.780280 -6.191095
v -3.618695 4.740480 -7.025194
v -3.618695 4.740480 -7.025194
v 3.424488 3.586280 -7.684494
v 3.424488 3.586280 -7.684494
v -3.618695 2.339680 -8.156394
v -3.618695 1.157090 -8.410793
v 0.288376 3.157280 -9.221394
v 3.424488 -1.614549 -8.345394
v -3.618695 -0.293249 -8.490394
v 3.424488 -1.614549 -8.345394
v 3.424488 -4.112309 -7.448194
v 0.288376 0.155251 -9.755993
v -3.618695 -2.900489 -7.994494
v 3.424488 -4.112309 -7.448194
v 0.288376 -2.865019 -9.336694
v -3.618695 -5.226869 -6.717093
v -0.482604 -4.289519 -8.778193
v 3.424488 -6.210578 -5.823093
v 3.424488 -6.974339 -4.885093
v 3.424488 -7.703970 -3.629194
v -3.618695 -7.044660 -4.783393
v 3.424488 -8.446294 -1.081093
v 3.424488 -8.512840 0.126707
v 3.424488 -8.446294 -1.081093
v 3.424488 -8.140488 -2.501093
v 0.288376 -7.804884 -5.890093
v -3.618695 -8.175922 -2.382492
v 3.424488 -8.446294 -1.081093
v -3.618695 -8.509922 0.250407
v 3.424488 -8.364889 1.571667
v 0.288376 -9.775457 -0.198093
v -3.618695 -8.013965 2.857607
v 3.424488 -7.467722 4.069427
v -0.482604 -8.797727 4.246637
v 3.424488 -5.842618 6.167697
v 3.424488 -5.842618 6.167697
v -3.618695 -4.802857 7.001777
v -3.618695 -4.802857 7.001777
v -0.482604 -7.052764 6.747227
v 3.424488 -3.648648 7.661087
v -3.618695 -2.402038 8.133037
v 3.424488 -1.100578 8.403407
v 0.288376 -3.219648 9.198047
v -3.618695 1.434172 8.343567
v -3.618695 0.230862 8.467036
v 3.424488 1.552172 8.322006
v 3.424488 2.721382 8.012067
v -3.618695 2.838082 7.971086
v -3.618695 3.944381 7.481807
v -3.618695 2.838082 7.971086
v 3.424488 4.049881 7.424846
v 3.424488 5.066181 6.768756
v -0.482604 4.227181 8.754847
v 0.288376 2.802681 9.313267
v -3.618695 5.164482 6.693716
v -3.618695 7.589681 3.713907
v -3.618695 5.164482 6.693716
v 3.424488 6.148180 5.799736
v 0.288376 5.545481 7.981176
v -3.618695 6.982280 4.759976
v 3.424488 7.641581 3.605766
v -3.618695 8.113580 2.359146
v -3.618695 8.367981 1.176586
v -3.618695 8.367981 1.176586
v -3.618695 8.113580 2.359146
v -0.482604 8.566681 4.577596
v 3.424488 8.383881 1.057696
v 3.424488 8.383881 1.057696
v 0.288376 9.178579 3.176765
v -3.618695 8.324080 -1.477094
v -3.488625 6.179181 -1.192494
v 0.316966 2.643981 -4.015194
v 0.600237 3.373780 -3.416294
v 0.600237 2.643981 -4.015194
v 0.316966 1.811750 -4.459994
v 0.600237 1.811750 -4.459994
v 0.316966 0.908521 -4.733993
v 0.600237 0.908521 -4.733993
v 0.297926 2.635481 -4.002393
v 0.316966 -0.030809 -4.826493
v 0.600237 -0.030809 -4.826493
v 0.297926 1.805870 -4.445794
v 0.297926 0.905521 -4.718994
v 0.316966 -0.970179 -4.733993
v 0.600237 -0.970179 -4.733993
v 0.297926 -0.030809 -4.811193
v 0.316966 -1.873369 -4.459994
v 0.600237 -1.873369 -4.459994
v 0.297926 -0.967189 -4.718894
v 0.316966 -2.705788 -4.015093
v 0.600237 -2.705788 -4.015093
v 0.297926 -1.867489 -4.445794
v 0.316966 -3.435418 -3.416294
v 0.600237 -3.435418 -3.416294
v 0.297926 -2.697259 -4.002294
v 0.316966 -4.034198 -2.686693
v 0.600237 -4.034198 -2.686693
v 0.297926 -3.424558 -3.405494
v 0.316966 -4.479188 -1.854194
v 0.600237 -4.479188 -1.854194
v 0.297926 -4.021428 -2.678093
v 0.316966 -4.753138 -0.950993
v 0.600237 -4.753138 -0.950993
v 0.297926 -4.464998 -1.848293
v 0.316966 -4.845648 -0.011693
v 0.600237 -4.845648 -0.011693
v 0.297926 -4.738068 -0.947993
v 0.316966 -4.753138 0.927637
v 0.600237 -4.753138 0.927637
v 0.297926 -4.830288 -0.011693
v 0.316966 -4.479148 1.830867
v 0.600237 -4.479148 1.830867
v 0.297926 -4.738068 0.924637
v 0.316966 -4.034208 2.663287
v 0.600237 -4.034208 2.663287
v 0.297926 -4.464958 1.824987
v 0.316966 -3.435418 3.392917
v 0.600237 -3.435418 3.392917
v 0.297926 -4.021438 2.654757
v -0.089603 -3.014419 0.581787
v 0.600237 -3.435418 3.392917
v 0.316966 -2.705788 3.991696
v 0.600237 -2.705788 3.991696
v 0.297926 -3.424558 3.382057
v -0.089603 -2.841318 1.152457
v 0.316966 -1.873368 4.436647
v 0.600237 -1.873368 4.436647
v 0.297926 -2.697258 3.978927
v -0.089603 -2.560198 1.678397
v 0.316966 -0.970158 4.710627
v 0.600237 -0.970158 4.710627
v 0.297926 -1.867498 4.422456
v -0.089603 -2.181878 2.139387
v 0.316966 -0.030808 4.803157
v 0.600237 -0.030808 4.803157
v 0.297926 -0.967168 4.695567
v -0.089603 -1.720878 2.517716
v 0.316966 0.908522 4.710627
v 0.600237 0.908522 4.710627
v 0.297926 -0.030808 4.787796
v -0.089603 -1.194949 2.798827
v 0.316966 1.811751 4.436647
v 0.600237 1.811751 4.436647
v 0.297926 0.905522 4.695567
v -0.089603 -0.624269 2.971947
v 0.316966 2.644181 3.991696
v 0.600237 2.644181 3.991696
v 0.297926 1.805871 4.422456
v -0.089603 -0.030789 3.030396
v 0.316966 3.373781 3.392917
v 0.600237 3.373781 3.392917
v 0.297926 2.635681 3.978927
v -0.089603 0.562691 2.971947
v 0.316966 3.972581 2.663286
v 0.600237 3.972581 2.663286
v 0.297926 3.362981 3.382056
v -0.089603 1.133371 2.798836
v 0.316966 4.417481 1.830866
v 0.600237 4.417481 1.830866
v 0.297926 3.959781 2.654746
v -0.089603 1.659301 2.517716
v 0.316966 4.691481 0.927636
v 0.600237 4.691481 0.927636
v 0.297926 4.403381 1.824986
v -0.089603 2.120281 2.139387
v 0.316966 4.784081 -0.011694
v 0.600237 4.784081 -0.011694
v 0.297926 4.676481 0.924636
v -0.089603 2.498581 1.678396
v 0.316966 4.691481 -0.951094
v 0.600237 4.691481 -0.951094
v 0.297926 4.768681 -0.011694
v -0.089603 2.779781 1.152466
v 0.316966 4.417481 -1.854294
v 0.600237 4.417481 -1.854294
v 0.297926 4.676481 -0.948094
v -0.089603 2.952881 0.581786
v 0.316966 3.972580 -2.686694
v 0.600237 3.972580 -2.686694
v 0.297926 4.403381 -1.848394
v -0.089603 3.011281 -0.011694
v 0.316966 3.373780 -3.416294
v 0.600237 3.373780 -3.416294
v 0.297926 3.959780 -2.678094
v 0.297926 3.362980 -3.405394
v -0.089603 2.952781 -0.605294
v -0.089603 2.779781 -1.175894
v -0.089603 2.498580 -1.701794
v -0.089603 2.120281 -2.162794
v -0.097114 2.942281 -0.011694
v -0.097114 2.885180 -0.591794
v -0.097114 2.885180 0.568336
v -0.097114 2.715981 -1.149494
v -0.097114 2.715981 1.126066
v -0.097114 2.441281 -1.663494
v -0.097114 2.441281 1.640076
v -0.097114 2.071521 -2.113994
v -0.097114 2.071521 2.090616
v -0.089603 1.659301 -2.541095
v -0.097114 1.620981 -2.483793
v -0.097114 1.620981 2.460356
v -0.089603 1.133371 -2.822193
v -0.097114 1.106971 2.735107
v -0.097114 1.106971 -2.758494
v -0.097114 0.549241 2.904297
v -0.089603 0.562691 -2.995293
v -0.097114 0.549241 -2.927694
v -0.097114 -0.030789 2.961417
v -0.089603 -0.030789 -3.053794
v -0.097114 -0.030789 -2.984794
v -0.097114 -0.610819 2.904297
v -0.089603 -0.624269 -2.995293
v -0.097114 -0.610809 -2.927694
v -0.097114 -1.168549 2.735107
v -0.089603 -1.194949 -2.822193
v -0.097114 -1.168549 -2.758494
v -0.097114 -1.682558 2.460356
v -0.089603 -1.720879 -2.541094
v -0.097114 -1.682559 -2.483793
v -0.097114 -2.133098 2.090617
v -0.089603 -2.181869 -2.162794
v -0.097114 -2.133099 -2.113994
v -0.097114 -2.502848 1.640077
v -0.089603 -2.560189 -1.701793
v -0.097114 -2.502849 -1.663493
v -0.097114 -2.777588 1.126067
v -0.089603 -2.841318 -1.175893
v -0.097114 -2.777588 -1.149493
v -0.089603 -3.014419 -0.605193
v -0.097114 -2.946778 -0.591694
v -0.097114 -2.946778 0.568327
v -0.089603 -3.072878 -0.011693
v -0.097114 -3.003908 -0.011693
v 0.600237 4.691481 -0.951094
v 0.600237 4.784081 -0.011694
v 0.617507 4.674481 -0.947694
v 0.617507 4.401481 -1.847594
v 0.600237 4.417481 -1.854294
v 0.617507 4.766681 -0.011694
v 0.600237 4.691481 0.927636
v 0.617507 4.640481 -0.940894
v 0.617507 3.958181 -2.676994
v 0.600237 3.972580 -2.686694
v 0.617507 4.674481 0.924246
v 0.600237 4.417481 1.830866
v 0.617507 3.361580 -3.403994
v 0.600237 3.373780 -3.416294
v 0.617507 4.369381 -1.834294
v 0.617507 3.929281 -2.657794
v 0.617507 2.634381 -4.000794
v 0.600237 2.643981 -4.015194
v 0.617507 3.336981 -3.379493
v 0.617507 1.805111 -4.443994
v 0.600237 1.811750 -4.459994
v 0.617507 2.615081 -3.971894
v 0.617507 0.905141 -4.716993
v 0.600237 0.908521 -4.733993
v 0.617507 1.791831 -4.411893
v 0.617507 -0.030809 -4.809194
v 0.600237 -0.030809 -4.826493
v 0.617507 0.898361 -4.682993
v 0.617507 -0.966799 -4.716993
v 0.600237 -0.970179 -4.733993
v 0.617507 -0.030809 -4.774494
v 0.617507 -1.866729 -4.443994
v 0.600237 -1.873369 -4.459994
v 0.617507 -0.960029 -4.682993
v 0.617507 -2.696149 -4.000694
v 0.600237 -2.705788 -4.015093
v 0.617507 -1.853449 -4.411893
v 0.617507 -3.423148 -3.403994
v 0.600237 -3.435418 -3.416294
v 0.617507 -2.676859 -3.971793
v 0.617507 -4.019778 -2.676993
v 0.600237 -4.034198 -2.686693
v 0.617507 -3.398608 -3.379493
v 0.617507 -4.463158 -1.847493
v 0.600237 -4.479188 -1.854194
v 0.617507 -3.990918 -2.657793
v 0.617507 -4.736118 -0.947593
v 0.600237 -4.753138 -0.950993
v 0.617507 -4.431088 -1.834193
v 0.617507 -4.828298 -0.011693
v 0.600237 -4.845648 -0.011693
v 0.617507 -4.702068 -0.940893
v 0.617507 -4.736118 0.924247
v 0.600237 -4.753138 0.927637
v 0.617507 -4.793588 -0.011693
v 0.617507 -4.463118 1.824227
v 0.600237 -4.479148 1.830867
v 0.617507 -4.702068 0.917477
v 0.617507 -4.019778 2.653647
v 0.600237 -4.034208 2.663287
v 0.617507 -4.431048 1.810947
v 0.617507 -3.423148 3.380647
v 0.600237 -3.435418 3.392917
v 0.617507 -3.990918 2.634367
v 0.617507 -2.696148 3.977277
v 0.600237 -2.705788 3.991696
v 0.617507 -3.398608 3.356107
v 0.617507 -1.866728 4.420617
v 0.600237 -1.873368 4.436647
v 0.617507 -2.676868 3.948416
v 0.617507 -0.966779 4.693607
v 0.600237 -0.970158 4.710627
v 0.617507 -1.853448 4.388546
v 0.617507 -0.030808 4.785807
v 0.600237 -0.030808 4.803157
v 0.617507 -0.960008 4.659566
v 0.617507 0.905131 4.693616
v 0.600237 0.908522 4.710627
v 0.617507 -0.030808 4.751087
v 0.617507 1.805111 4.420617
v 0.600237 1.811751 4.436647
v 0.617507 0.898362 4.659566
v 0.617507 2.634581 3.977276
v 0.600237 2.644181 3.991696
v 0.617507 1.791831 4.388546
v 0.617507 3.361581 3.380646
v 0.600237 3.373781 3.392917
v 0.617507 2.615281 3.948416
v 0.617507 3.958181 2.653647
v 0.600237 3.972581 2.663286
v 0.617507 3.336981 3.356106
v 0.617507 4.401481 1.824226
v 0.617507 3.929281 2.634367
v 0.617507 4.369481 1.810946
v 0.617507 4.640481 0.917476
v 0.600237 4.353381 1.804296
v 0.617507 4.731981 -0.011694
v 0.600237 4.623481 0.914096
v 0.600237 4.714581 -0.011694
v 0.600237 4.623381 -0.937594
v 0.600237 4.353381 -1.827694
v 0.349207 4.623381 -0.937594
v 0.600237 3.914881 -2.648094
v 0.349207 4.353381 -1.827694
v 0.600237 3.324681 -3.367193
v 0.349207 3.914881 -2.648094
v 0.600237 2.605481 -3.957493
v 0.349207 3.324681 -3.367193
v 0.600237 1.785191 -4.395893
v 0.349207 2.605481 -3.957493
v 0.600237 0.894981 -4.665893
v 0.349207 1.785191 -4.395893
v 0.600237 -0.030809 -4.757093
v 0.349207 0.894981 -4.665893
v 0.600237 -0.956639 -4.665893
v 0.349207 -0.030809 -4.757093
v 0.600237 -1.846809 -4.395893
v 0.349207 -0.956639 -4.665893
v 0.600237 -2.667229 -3.957393
v 0.349207 -1.846809 -4.395893
v 0.600237 -3.386338 -3.367193
v 0.349207 -2.667229 -3.957393
v 0.600237 -3.976488 -2.648093
v 0.349207 -3.386338 -3.367193
v 0.600237 -4.415058 -1.827593
v 0.349207 -3.976488 -2.648093
v 0.600237 -4.685058 -0.937493
v 0.349207 -4.415058 -1.827593
v 0.600237 -4.776238 -0.011693
v 0.349207 -4.685058 -0.937493
v 0.600237 -4.685058 0.914087
v 0.349207 -4.776238 -0.011693
v 0.600237 -4.415018 1.804297
v 0.349207 -4.685058 0.914087
v 0.600237 -3.976488 2.624727
v 0.349207 -4.415018 1.804297
v 0.600237 -3.386338 3.343837
v 0.349207 -3.976488 2.624727
v 0.600237 -2.667228 3.933987
v 0.349207 -3.386338 3.343837
v 0.600237 -1.846808 4.372517
v 0.349207 -2.667228 3.933987
v 0.600237 -0.956618 4.642547
v 0.349207 -1.846808 4.372517
v 0.600237 -0.030808 4.733747
v 0.349207 -0.956618 4.642547
v 0.600237 0.894982 4.642557
v 0.349207 -0.030808 4.733747
v 0.600237 1.785192 4.372517
v 0.349207 0.894982 4.642557
v 0.600237 2.605581 3.933986
v 0.349207 1.785192 4.372517
v 0.600237 3.324681 3.343836
v 0.349207 2.605581 3.933986
v 0.600237 3.914881 2.624727
v 0.349207 3.324681 3.343836
v 0.349207 3.914881 2.624727
v 0.349207 4.353381 1.804296
v 0.313166 3.890481 2.608446
v 0.349207 4.623481 0.914096
v 0.313166 4.326381 1.793096
v 0.349207 4.714581 -0.011694
v 0.313166 4.594681 0.908376
v 0.313166 4.685381 -0.011694
v 0.313166 4.594681 -0.931794
v 0.313166 4.326381 -1.816494
v -0.042854 2.955081 -0.605694
v 0.313166 3.890481 -2.631794
v -0.042854 2.781781 -1.176694
v 0.313166 3.303981 -3.346493
v -0.042854 2.500480 -1.702994
v 0.313166 2.589180 -3.933094
v -0.042854 2.121881 -2.164394
v 0.313166 1.773980 -4.368894
v -0.042844 1.660561 -2.542994
v 0.313166 0.889271 -4.637194
v -0.042854 1.134231 -2.824293
v 0.313166 -0.030809 -4.727793
v -0.042854 0.563131 -2.997593
v 0.313166 -0.950929 -4.637194
v -0.042854 -0.030789 -3.056094
v 0.313166 -1.835599 -4.368894
v -0.042854 -0.624709 -2.997593
v 0.313166 -2.650949 -3.932993
v -0.042854 -1.195809 -2.824293
v 0.313166 -3.365628 -3.346493
v -0.042854 -1.722139 -2.542994
v 0.313166 -3.952138 -2.631794
v -0.042854 -2.183469 -2.164393
v 0.313166 -4.387998 -1.816393
v -0.042854 -2.562069 -1.702994
v 0.313166 -4.656328 -0.931793
v -0.042854 -2.843399 -1.176694
v 0.313166 -4.746948 -0.011693
v -0.042854 -3.016638 -0.605594
v 0.313166 -4.656328 0.908377
v -0.042854 -3.075138 -0.011693
v -0.050114 -2.948958 -0.592193
v 0.313166 -4.387958 1.793097
v -0.050114 -3.006138 -0.011693
v -0.050114 -2.779648 -1.150293
v -0.050114 -2.948958 0.568767
v -0.042854 -3.016638 0.582227
v -0.050114 -2.779648 1.126917
v -0.050114 -2.504699 -1.664693
v -0.042854 -2.843399 1.153327
v -0.050114 -2.504698 1.641317
v -0.050114 -2.134679 -2.115593
v 0.313166 -3.952138 2.608447
v -0.042854 -2.562078 1.679657
v 0.313166 -3.365628 3.323127
v -0.050114 -2.134678 2.092197
v -0.042854 -2.183468 2.140987
v 0.313166 -2.650958 3.909637
v -0.050114 -1.683799 -2.485593
v -0.050114 -1.683798 2.462216
v -0.042854 -1.722138 2.519587
v 0.313166 -1.835598 4.345457
v -0.050114 -1.169408 2.737167
v -0.042854 -1.195809 2.800916
v 0.313166 -0.950908 4.613826
v -0.050114 -1.169399 -2.760593
v -0.050114 -0.611248 2.906477
v -0.050114 -0.611249 -2.929894
v -0.042854 -0.624709 2.974156
v -0.050114 -0.030789 2.963657
v -0.050114 -0.030789 -2.986994
v 0.313166 -0.030808 4.704446
v -0.042854 -0.030789 3.032657
v 0.313166 0.889261 4.613826
v -0.050114 0.549672 2.906487
v -0.042854 0.563131 2.974156
v 0.313166 1.773981 4.345457
v -0.050114 0.549671 -2.929894
v -0.050114 1.107821 2.737167
v -0.050114 1.107821 -2.760593
v -0.042854 1.134231 2.800916
v -0.050114 1.622222 2.462216
v -0.050114 1.622221 -2.485594
v 0.313166 2.589381 3.909636
v -0.042854 1.660562 2.519586
v 0.313166 3.303981 3.323126
v -0.050114 2.073101 2.092196
v -0.042854 2.121881 2.140986
v -0.050114 2.073101 -2.115594
v -0.050114 2.443081 1.641316
v -0.042854 2.500481 1.679656
v -0.050114 2.443080 -1.664694
v -0.050114 2.718081 1.126916
v -0.042854 2.781781 1.153326
v -0.050114 2.718081 -1.150294
v -0.050114 2.887381 0.568767
v -0.042854 2.955081 0.582226
v -0.050114 2.887381 -0.592194
v -0.050114 2.944581 -0.011694
v -0.042854 3.013581 -0.011694
vn 0.0041 0.9775 -0.2109
vn 0.6103 0.4362 0.6613
vn 0.6103 0.6192 0.4942
vn -0.6103 0.6889 0.3910
vn 0.0218 0.8691 -0.4941
vn -0.6103 0.7760 0.1590
vn 0.6103 0.7415 0.2786
vn 0.0218 0.6740 -0.7384
vn 0.6103 0.7913 0.0358
vn 0.0221 0.4129 -0.9105
vn -0.6103 0.7872 -0.0886
vn 0.0374 0.9522 -0.3031
vn 0.6103 0.7637 -0.2105
vn 0.6103 0.6613 -0.4361
vn 0.0222 -0.2010 -0.9793
vn -0.6103 0.5848 -0.5344
vn -0.6103 0.3910 -0.6889
vn 0.6103 0.4941 -0.6192
vn 0.0218 -0.4940 -0.8692
vn 0.0374 0.3145 -0.9485
vn 0.6103 0.2787 -0.7415
vn 0.6103 0.0357 -0.7913
vn -0.6103 -0.0885 -0.7872
vn 0.0219 -0.9105 -0.4128
vn 0.6103 -0.2105 -0.7637
vn 0.0218 -0.9936 -0.1112
vn -0.6103 -0.3275 -0.7213
vn 0.6103 -0.4362 -0.6613
vn -0.6103 -0.5344 -0.5848
vn 0.0218 -0.9793 0.2012
vn -0.6103 -0.6889 -0.3910
vn 0.6103 -0.6192 -0.4941
vn 0.0218 -0.8692 0.4940
vn 0.6103 -0.7416 -0.2786
vn 0.0041 -0.6669 0.7452
vn 0.6103 -0.7913 -0.0358
vn 0.0041 -0.4040 0.9148
vn 0.6103 -0.7637 0.2105
vn 0.0218 -0.1112 0.9936
vn -0.6103 -0.7213 0.3275
vn 0.0219 0.2012 0.9793
vn 0.6103 -0.6613 0.4362
vn -0.6103 -0.5847 0.5344
vn 0.0373 -0.5922 0.8049
vn 0.6103 -0.4941 0.6191
vn 0.6103 -0.2786 0.7415
vn -0.6103 -0.1590 0.7760
vn 0.0216 0.7385 0.6739
vn 0.6103 -0.0358 0.7914
vn 0.0373 -0.0060 0.9993
vn -0.6103 0.3275 0.7213
vn 0.6103 0.2105 0.7637
vn 0.0219 0.9936 0.1113
vn -0.9307 -0.3421 -0.1295
vn -0.9307 -0.1503 -0.3334
vn -0.9307 0.1294 -0.3420
vn -0.9598 0.2559 -0.1154
vn -0.9313 0.3638 0.0173
vn -0.9315 0.3397 0.1299
vn -0.9598 0.1154 0.2559
vn -0.9598 -0.0994 0.2625
vn -0.9598 -0.2559 0.1154
vn 0.9311 -0.3046 0.2006
vn 0.9317 -0.1298 0.3392
vn 0.9312 0.2005 0.3045
vn 0.9598 0.2625 0.0994
vn 0.9312 0.3044 -0.2005
vn 0.9318 0.1298 -0.3390
vn 0.9315 0.0174 -0.3634
vn 0.9598 -0.0739 -0.2708
vn 0.9315 -0.2447 -0.2692
vn 0.9598 -0.2625 -0.0995
vn -0.1977 0.8337 -0.5156
vn 0.1977 0.9042 -0.3786
vn 0.9598 -0.2560 0.1153
vn -0.6350 0.6172 0.4646
vn 0.1977 0.7429 -0.6395
vn -0.1977 0.6336 -0.7480
vn -0.9312 -0.2696 0.2452
vn -0.0787 0.4223 -0.9030
vn 0.1977 0.5089 -0.8378
vn -0.0787 0.1227 -0.9893
vn 0.1977 0.2250 -0.9541
vn 0.9315 -0.0173 0.3634
vn 0.0219 0.1113 -0.9936
vn 0.1977 -0.0808 -0.9769
vn -0.9313 -0.0173 0.3639
vn -0.6350 0.6326 -0.4434
vn -0.1977 -0.2328 -0.9522
vn -0.0786 -0.4823 -0.8725
vn 0.9598 0.1153 0.2559
vn 0.1977 -0.3788 -0.9041
vn -0.0787 -0.7283 -0.6807
vn 0.1977 -0.6395 -0.7429
vn -0.9313 0.2451 0.2695
vn -0.7125 -0.6347 0.2990
vn -0.0786 -0.9030 -0.4223
vn 0.1977 -0.8378 -0.5089
vn -0.1977 -0.9775 -0.0729
vn 0.1977 -0.9541 -0.2251
vn 0.9315 0.3633 0.0173
vn 0.1977 -0.9769 0.0807
vn -0.1977 -0.9522 0.2328
vn -0.0787 -0.8725 0.4823
vn 0.9598 0.2560 -0.1153
vn 0.1977 -0.9042 0.3787
vn -0.0787 -0.6807 0.7283
vn -0.9313 0.2695 -0.2451
vn 0.1977 -0.7429 0.6395
vn -0.0787 -0.4223 0.9030
vn 0.1977 -0.5089 0.8378
vn -0.6350 -0.7386 0.2262
vn -0.9313 0.0173 -0.3639
vn 0.1977 -0.2251 0.9541
vn -0.1977 -0.0729 0.9775
vn -0.0787 0.1891 0.9788
vn 0.1977 0.0807 0.9769
vn -0.0787 0.4823 0.8725
vn 0.1977 0.3787 0.9042
vn -0.6350 -0.2512 0.7305
vn -0.9581 0.1314 0.2545
vn 0.1977 0.6396 0.7429
vn -0.9312 -0.2452 -0.2697
vn -0.1977 0.7481 0.6335
vn -0.0787 0.9030 0.4224
vn 0.1977 0.8378 0.5089
vn -0.0786 0.9894 0.1225
vn -0.9581 0.2559 0.1286
vn 0.1977 0.9541 0.2251
vn 0.1978 0.9769 -0.0807
vn -0.0787 0.9788 -0.1890
vn -0.6748 -0.7369 0.0396
vn -0.9598 -0.2438 -0.1392
vn -0.9598 0.1392 -0.2438
vn -0.9598 0.2438 0.1392
vn -0.9315 0.1483 0.3321
vn -0.9314 -0.1300 0.3399
vn -0.9314 -0.3323 0.1484
vn 0.9315 -0.2692 0.2447
vn 0.9598 0.1757 -0.2189
vn 0.9310 -0.1500 -0.3329
vn 0.9309 -0.3415 -0.1293
vn 0.0218 0.9793 -0.2013
vn 0.0159 0.9863 -0.1640
vn 0.6350 0.5368 0.5555
vn 0.6350 0.6821 0.3625
vn -0.6350 0.7306 0.2511
vn 0.0158 0.8874 -0.4608
vn -0.9598 -0.1392 0.2438
vn 0.9598 -0.1393 0.2437
vn 0.6350 0.7608 0.1340
vn -0.9581 0.2014 -0.2036
vn 0.6350 0.7650 -0.1077
vn 0.9598 -0.0572 0.2748
vn -0.9581 0.1286 -0.2559
vn 0.6350 0.6942 -0.3388
vn -0.9581 0.0433 -0.2831
vn -0.9598 0.0739 0.2708
vn -0.9581 -0.0463 -0.2826
vn 0.6350 0.5556 -0.5367
vn 0.0158 -0.4608 -0.8874
vn 0.6350 0.3625 -0.6822
vn 0.6350 0.1340 -0.7608
vn 0.9316 0.2834 0.2274
vn 0.9318 0.3390 0.1298
vn 0.6350 -0.1077 -0.7650
vn 0.0158 -0.8943 -0.4471
vn -0.9598 0.2749 0.0571
vn -0.6350 -0.2263 -0.7386
vn 0.0158 -0.9887 -0.1488
vn 0.6350 -0.3388 -0.6942
vn -0.9598 0.2708 -0.0739
vn -0.6350 -0.4434 -0.6326
vn -0.9581 -0.2826 0.0463
vn 0.6350 -0.5368 -0.5556
vn 0.0158 -0.8873 0.4608
vn 0.6350 -0.6822 -0.3625
vn 0.6350 -0.7608 -0.1340
vn 0.0159 -0.7015 0.7125
vn 0.0219 -0.6740 0.7384
vn -0.6992 0.4806 0.5293
vn 0.9598 0.0995 -0.2625
vn 0.6350 -0.7649 0.1077
vn -0.9598 -0.0739 -0.2708
vn 0.6350 -0.6942 0.3388
vn -0.9581 -0.0433 0.2831
vn 0.0158 0.1641 0.9863
vn 0.6350 -0.5556 0.5367
vn 0.0218 0.4940 0.8692
vn 0.6350 -0.3625 0.6822
vn 0.0158 0.7125 0.7015
vn 0.6350 -0.1340 0.7608
vn 0.6350 0.1077 0.7649
vn 0.0217 0.9106 0.4127
vn -0.9581 0.2831 0.0434
vn 0.6350 0.3388 0.6942
vn -0.0157 0.9485 -0.3163
vn -0.9855 0.0636 -0.1573
vn -0.1977 0.0729 -0.9775
vn -0.9855 -0.0899 -0.1439
vn -0.1977 -0.7480 -0.6335
vn -0.6748 -0.0397 -0.7369
vn -0.1977 -0.9072 -0.3714
vn -0.1977 -0.8337 0.5156
vn -0.9855 -0.1091 0.1300
vn -0.1977 -0.3714 0.9072
vn 0.0373 -0.9993 -0.0060
vn -0.1977 0.2328 0.9522
vn -0.9855 0.0899 0.1439
vn -0.1978 0.9072 0.3714
vn -0.6350 0.2262 0.7386
vn -0.1977 0.9775 0.0729
vn -0.1977 0.9522 -0.2328
vn 0.9316 0.0396 0.3613
vn 0.9311 0.3627 -0.0388
vn 0.9598 0.0135 -0.2804
vn 0.9598 -0.2190 -0.1757
vn 0.9317 -0.3317 0.1480
vn -0.6748 0.6195 0.4011
vn -0.0161 0.8041 -0.5943
vn 0.9598 -0.2078 0.1888
vn -0.9598 -0.2078 0.1888
vn 0.0042 0.8645 -0.5026
vn -0.0157 0.5814 -0.8134
vn -0.6350 0.7724 0.0131
vn -0.6748 0.6886 -0.2654
vn -0.9598 -0.0134 0.2804
vn -0.6748 0.5729 -0.4652
vn -0.6350 0.4646 -0.6172
vn -0.0158 -0.3164 -0.9485
vn 0.9318 0.1480 0.3316
vn -0.9598 0.1888 0.2078
vn -0.6748 0.1900 -0.7131
vn 0.9598 0.1888 0.2078
vn 0.0042 -0.5026 -0.8645
vn 0.9598 0.2437 0.1393
vn 0.0218 -0.7385 -0.6739
vn 0.0158 -0.7124 -0.7015
vn -0.6350 0.0131 -0.7724
vn 0.0372 0.0061 -0.9993
vn 0.9598 0.2791 -0.0306
vn -0.9598 0.2791 -0.0306
vn 0.0041 -0.9948 -0.1015
vn -0.0159 -0.9998 0.0080
vn -0.0158 -0.9484 0.3165
vn -0.6350 -0.6172 -0.4646
vn 0.9318 0.3315 -0.1479
vn -0.9309 0.3050 -0.2009
vn -0.9598 0.2078 -0.1888
vn -0.6350 -0.7305 -0.2511
vn -0.0159 -0.8042 0.5941
vn 0.9598 0.2078 -0.1888
vn 0.9316 0.2691 -0.2445
vn 0.0041 -0.8645 0.5026
vn -0.6350 -0.7724 -0.0131
vn -0.0158 -0.5813 0.8136
vn -0.9598 0.0571 -0.2749
vn -0.9598 -0.0306 -0.2791
vn 0.0158 -0.4470 0.8944
vn -0.0158 -0.3014 0.9534
vn -0.6350 -0.6326 0.4434
vn 0.0373 -0.9522 0.3031
vn 0.0041 0.2109 0.9775
vn -0.9598 -0.1540 -0.2347
vn -0.6350 -0.4646 0.6172
vn -0.0159 0.3166 0.9484
vn -0.6748 -0.1900 0.7131
vn 0.9598 -0.1539 -0.2348
vn -0.9598 -0.2190 -0.1757
vn -0.6350 -0.0131 0.7724
vn -0.0161 0.8137 0.5810
vn 0.0042 0.7451 0.6669
vn -0.0157 0.9533 0.3015
vn -0.6350 0.4434 0.6326
vn -0.0158 0.9998 -0.0081
vn -0.9308 -0.3579 -0.0736
vn 0.9310 -0.3630 0.0388
vn 0.7098 0.0381 -0.7034
vn 0.7098 -0.1811 -0.6807
vn 0.7098 -0.6571 -0.2536
vn 0.7035 -0.4291 0.5665
vn 0.7098 -0.2536 0.6571
vn 0.7098 0.5466 0.4443
vn 0.7035 0.6802 -0.2061
vn -0.9598 0.1756 -0.2190
vn -0.9314 0.3565 0.0740
vn -0.9598 0.2190 0.1756
vn -0.9308 -0.3051 0.2010
vn -0.9598 -0.2708 0.0739
vn 0.9309 -0.1812 0.3172
vn 0.9598 -0.0135 0.2804
vn 0.9312 0.0735 -0.3571
vn 0.9311 -0.0388 -0.3628
vn 0.9310 -0.2841 -0.2292
vn 0.1118 0.9585 -0.2623
vn 0.9855 0.1562 -0.0662
vn 0.9855 0.1281 -0.1113
vn -0.6993 -0.0777 -0.7106
vn -0.9855 0.1091 -0.1300
vn -0.0787 0.8725 -0.4823
vn -0.0787 0.6808 -0.7283
vn 0.0788 0.5587 -0.8257
vn -0.0417 0.8871 0.4597
vn 0.9855 0.0874 -0.1454
vn -0.1977 0.3714 -0.9072
vn 0.7098 -0.3826 -0.5914
vn 0.0372 0.9485 0.3145
vn 0.6748 0.7217 -0.1542
vn -0.6350 0.7386 -0.2262
vn 0.9855 0.0382 -0.1653
vn -0.6993 -0.4806 -0.5292
vn 0.7035 -0.5666 -0.4291
vn -0.9309 -0.0736 0.3578
vn 0.0374 0.9993 0.0060
vn 0.9855 -0.0147 -0.1691
vn -0.6993 -0.6206 -0.3548
vn -0.0416 0.9879 -0.1495
vn -0.0787 -0.1890 -0.9788
vn -0.0158 -0.0081 -0.9998
vn -0.9855 -0.0411 -0.1647
vn 0.0159 -0.1640 -0.9863
vn -0.1978 -0.5156 -0.8337
vn 0.9855 -0.0663 -0.1562
vn 0.9598 0.0739 0.2708
vn -0.9309 0.2009 0.3050
vn 0.0039 -0.2110 -0.9775
vn 0.0786 -0.3397 -0.9372
vn 0.7098 -0.7034 -0.0381
vn -0.6992 -0.7106 0.0777
vn -0.0159 -0.5942 -0.8042
vn 0.9855 -0.1113 -0.1281
vn 0.7098 -0.6807 0.1811
vn -0.9855 -0.1300 -0.1091
vn -0.6350 0.2511 -0.7306
vn 0.7035 -0.5832 0.4062
vn 0.9316 0.2446 0.2690
vn 0.1119 -0.7756 -0.6213
vn -0.9855 -0.1573 -0.0636
vn -0.9855 -0.1693 -0.0118
vn -0.9581 -0.2559 -0.1287
vn 0.1119 -0.9296 -0.3512
vn 0.9598 0.2748 0.0571
vn -0.0787 -0.9893 -0.1226
vn -0.6993 -0.3548 0.6206
vn -0.9855 -0.1646 0.0411
vn -0.0787 -0.9788 0.1891
vn -0.9855 -0.1439 0.0899
vn 0.1119 -0.9585 0.2623
vn 0.0159 -0.9863 0.1641
vn 0.7098 -0.0381 0.7033
vn -0.9315 0.3321 -0.1483
vn 0.0041 -0.9775 0.2109
vn -0.6992 0.0777 0.7107
vn -0.1977 -0.6335 0.7480
vn 0.7098 0.1811 0.6807
vn 0.1119 -0.6213 0.7756
vn -0.9855 -0.0636 0.1573
vn -0.9315 0.1791 -0.3166
vn 0.9855 -0.0874 0.1454
vn 0.7098 0.3826 0.5914
vn 0.0218 -0.4128 0.9106
vn -0.9855 -0.0118 0.1693
vn -0.6748 -0.6886 0.2654
vn -0.0787 -0.1226 0.9893
vn -0.0417 -0.9879 0.1495
vn -0.6992 0.6206 0.3549
vn 0.9598 -0.0306 -0.2791
vn -0.9315 -0.0972 -0.3506
vn 0.7098 0.6571 0.2536
vn -0.0159 0.0080 0.9998
vn -0.6992 0.6999 0.1457
vn 0.9317 -0.1480 -0.3316
vn -0.1977 0.5157 0.8337
vn 0.7099 0.7033 0.0382
vn 0.0159 0.4608 0.8873
vn 0.0786 0.6128 0.7864
vn -0.0787 0.7283 0.6807
vn -0.9855 0.1300 0.1091
vn -0.6993 0.6519 -0.2935
vn 0.9855 0.1454 0.0874
vn -0.9855 0.1573 0.0636
vn -0.9598 -0.2625 -0.0994
vn 0.7098 0.5914 -0.3826
vn 0.1118 0.9296 0.3512
vn 0.0159 0.8944 0.4471
vn 0.9317 -0.3392 -0.1299
vn 0.9855 0.1653 0.0382
vn -0.9855 0.1693 0.0118
vn 0.7098 0.4443 -0.5466
vn -0.6748 0.2654 0.6886
vn 0.1118 0.9926 0.0468
vn 0.9855 0.1691 -0.0147
vn 0.0157 0.9887 0.1491
vn 0.7098 0.2536 -0.6571
vn 0.0040 0.9948 0.1015
vn -0.9855 0.1646 -0.0411
vn 0.9314 -0.3635 -0.0174
vn -0.9308 0.3633 -0.0389
vn -0.9315 0.3165 0.1790
vn -0.9306 0.0963 0.3530
vn -0.9306 -0.1815 0.3179
vn 0.9598 -0.2348 0.1539
vn 0.9598 -0.1757 0.2189
vn 0.9311 -0.0735 0.3572
vn 0.9598 0.2709 -0.0738
vn 0.9309 0.1812 -0.3171
vn 0.0373 0.5826 0.8119
vn -0.6992 0.1457 -0.6999
vn -0.0416 0.4475 0.8933
vn -0.0417 0.7016 0.7113
vn 0.6203 0.7022 0.3495
vn -0.6748 0.7131 0.1901
vn -0.9598 -0.1756 0.2190
vn -0.7125 -0.2990 -0.6348
vn 0.6748 0.7340 0.0764
vn 0.9598 -0.0995 0.2625
vn -0.9598 0.0306 0.2791
vn 0.0787 0.2761 -0.9579
vn -0.0416 0.9857 0.1631
vn 0.6203 0.6955 -0.3626
vn 0.0042 0.1016 -0.9948
vn -0.0416 0.8933 -0.4475
vn 0.9318 0.0970 0.3499
vn 0.9598 0.1539 0.2348
vn -0.6748 0.4011 -0.6195
vn 0.6203 0.3495 -0.7022
vn -0.0416 0.7113 -0.7016
vn 0.0041 -0.7452 -0.6668
vn -0.0415 0.4598 -0.8871
vn -0.6748 -0.2655 -0.6886
vn -0.0418 0.1630 -0.9857
vn 0.9318 0.3159 0.1788
vn -0.0416 -0.1496 -0.9879
vn 0.1981 -0.9800 0.0191
vn -0.6748 -0.4652 -0.5728
vn -0.6748 -0.6195 -0.4011
vn 0.9598 0.2559 -0.1153
vn -0.0417 -0.4475 -0.8933
vn 0.5484 -0.7286 -0.4103
vn -0.0416 -0.7016 -0.7113
vn -0.6748 -0.7131 -0.1900
vn -0.9581 -0.2014 0.2036
vn -0.0417 -0.8871 -0.4597
vn 0.0373 -0.9485 -0.3145
vn 0.9598 0.0572 -0.2748
vn 0.5484 -0.8307 0.0963
vn 0.6748 -0.7217 0.1542
vn -0.9598 0.0134 -0.2804
vn 0.6203 -0.6955 0.3626
vn 0.5484 -0.6154 0.5661
vn 0.6748 -0.4932 0.5490
vn -0.6748 -0.4011 0.6195
vn 0.9598 -0.1888 -0.2078
vn -0.9307 -0.2847 -0.2295
vn 0.0041 0.5026 0.8645
vn -0.0417 -0.7113 0.7016
vn -0.9598 -0.1888 -0.2078
vn -0.6748 0.0396 0.7369
vn 0.9598 -0.2437 -0.1393
vn 0.6203 -0.1155 0.7758
vn -0.0417 -0.4597 0.8871
vn -0.0416 -0.1631 0.9857
vn 0.0041 0.9148 0.4039
vn -0.6748 0.4652 0.5729
vn -0.0416 0.1495 0.9879
vn -0.9309 -0.2011 -0.3051
vn -0.9309 0.0736 -0.3578
vn -0.9855 0.1439 -0.0899
vn -0.9855 0.0118 -0.1693
vn 0.6830 0.7278 -0.0617
vn -0.0159 -0.8136 -0.5812
vn 0.9855 -0.1653 -0.0382
vn 0.6830 -0.0617 -0.7278
vn -0.0159 0.5942 0.8042
vn -0.9308 -0.3636 0.0390
vn 0.9312 0.3571 0.0735
vn 0.9598 -0.0738 -0.2709
vn 0.9317 -0.3500 0.0970
vn -0.9598 -0.2347 0.1540
vn -0.9581 0.2826 -0.0463
vn -0.4774 0.0776 -0.8753
vn -0.9581 0.2545 -0.1314
vn 0.6830 0.6251 0.3780
vn -0.6203 0.7843 -0.0075
vn -0.9598 -0.0571 0.2749
vn 0.6831 0.7112 0.1662
vn 0.6871 -0.5698 -0.4509
vn 0.9598 0.0306 0.2790
vn -0.9598 0.1154 0.2560
vn -0.4773 -0.6625 -0.5773
vn 0.0158 0.1487 -0.9888
vn -0.6992 -0.6999 -0.1457
vn 0.6203 0.5494 -0.5598
vn 0.6830 0.5525 -0.4777
vn -0.9581 -0.1314 -0.2545
vn -0.9598 0.2438 0.1393
vn -0.4774 -0.8753 -0.0776
vn 0.6830 0.3779 -0.6251
vn 0.5484 0.1651 -0.8197
vn 0.6871 -0.6049 0.4025
vn 0.9598 0.2190 0.1757
vn -0.4774 -0.8564 0.1967
vn 0.6871 -0.4509 0.5697
vn 0.0787 -0.9579 -0.2761
vn 0.9598 0.2625 0.0995
vn -0.7125 -0.5113 0.4805
vn -0.9598 0.2804 0.0134
vn -0.9309 0.3577 0.0735
vn -0.9581 -0.2831 -0.0433
vn 0.9598 0.2804 0.0135
vn 0.6203 -0.3626 -0.6955
vn 0.6831 -0.2835 -0.6731
vn 0.0787 -0.9372 0.3397
vn 0.6195 -0.4364 -0.6525
vn 0.0544 -0.9634 0.2626
vn -0.9581 -0.2545 0.1314
vn -0.4774 -0.0776 0.8753
vn 0.9598 0.1757 -0.2190
vn 0.6203 -0.7021 -0.3496
vn -0.9598 0.1757 -0.2190
vn 0.6830 -0.6251 -0.3779
vn 0.0787 -0.5586 0.8257
vn -0.9598 0.0994 -0.2625
vn -0.9581 -0.1286 0.2559
vn -0.4774 0.4517 0.7537
vn -0.0417 -0.9857 -0.1630
vn -0.6748 -0.5729 0.4652
vn 0.6195 -0.7554 0.2134
vn -0.4774 0.6625 0.5772
vn 0.0041 -0.1015 0.9948
vn 0.0158 -0.1488 0.9887
vn -0.6195 -0.7127 0.3291
vn -0.9581 0.0463 0.2826
vn -0.4774 0.8084 0.3443
vn -0.0417 -0.8933 0.4475
vn 0.6830 -0.5525 0.4777
vn 0.6203 -0.3496 0.7021
vn -0.6993 0.7106 -0.0777
vn 0.6195 -0.4857 0.6167
vn 0.7098 0.6807 -0.1811
vn -0.9581 0.2036 0.2014
vn -0.4774 0.8564 -0.1967
vn 0.6830 -0.1662 0.7112
vn 0.0786 0.9579 0.2760
vn 0.9311 -0.3573 -0.0735
vn 0.0786 0.9963 -0.0334
vn 0.0545 0.9974 0.0479
vn 0.9314 -0.2447 -0.2693
vn 0.9855 0.0663 0.1562
vn -0.6399 -0.6688 -0.3784
vn -0.9312 -0.3640 -0.0173
vn -0.9312 -0.2452 -0.2698
vn -0.9308 -0.0389 -0.3635
vn -0.9308 0.2294 -0.2845
vn -0.9313 0.3045 -0.1998
vn -0.6403 0.7402 -0.2053
vn -0.9598 0.2790 -0.0306
vn -0.9312 0.2451 0.2697
vn -0.9313 0.0398 0.3620
vn -0.6401 0.2054 0.7403
vn -0.9315 -0.1791 0.3167
vn -0.9315 -0.3506 0.0973
vn 0.9315 -0.3041 0.1994
vn 0.6419 0.0816 0.7624
vn 0.9598 0.2348 -0.1539
vn 0.9311 0.2290 -0.2839
vn 0.9315 0.0174 -0.3633
vn 0.6412 -0.6678 -0.3780
vn 0.6203 0.5598 0.5494
vn -0.4774 0.3442 -0.8085
vn -0.5484 0.6556 0.5191
vn 0.5181 0.8394 -0.1646
vn 0.9582 0.2719 -0.0885
vn 0.9598 -0.2708 0.0739
vn 0.4773 0.2134 -0.8524
vn -0.6103 0.5344 0.5847
vn 0.5484 0.7286 0.4104
vn -0.6195 0.6852 0.3831
vn -0.9313 -0.2279 0.2841
vn 0.7035 -0.2061 -0.6802
vn 0.6195 0.7366 0.2714
vn 0.1119 0.6213 -0.7755
vn -0.6195 0.7700 0.1526
vn 0.9316 -0.2276 0.2836
vn 0.6412 -0.3781 0.6678
vn 0.0158 0.7016 -0.7124
vn 0.6871 -0.4026 -0.6048
vn 0.5484 0.8307 -0.0963
vn -0.5181 0.2342 -0.8226
vn 0.0158 0.4470 -0.8944
vn 0.0041 0.4040 -0.9148
vn 0.9581 0.0870 -0.2729
vn 0.6871 -0.6812 -0.2528
vn 0.5484 0.7602 -0.3483
vn -0.6195 0.7127 -0.3291
vn 0.9582 -0.0001 -0.2859
vn -0.6103 0.7213 -0.3275
vn 0.6871 -0.7260 -0.0299
vn -0.5484 0.5191 -0.6556
vn 0.9316 0.1993 0.3040
vn 0.6195 0.6525 -0.4364
vn -0.9598 0.1540 0.2347
vn -0.1119 -0.6690 -0.7348
vn 0.5181 -0.4159 -0.7474
vn -0.6195 0.3831 -0.6851
vn -0.6203 -0.0075 -0.7843
vn -0.6195 0.1526 -0.7700
vn -0.9581 -0.2036 -0.2014
vn 0.6748 0.0763 -0.7340
vn -0.9598 0.2625 0.0994
vn 0.9583 -0.2314 -0.1679
vn -0.6409 0.5976 0.4818
vn -0.5484 -0.2253 -0.8053
vn 0.6195 0.0305 -0.7844
vn 0.6748 -0.1543 -0.7217
vn 0.9581 -0.2729 -0.0870
vn 0.5181 -0.8491 -0.1028
vn -0.5181 -0.8548 0.0315
vn 0.9317 0.3612 -0.0396
vn -0.6871 -0.3563 0.6332
vn 0.7035 -0.2330 0.6714
vn -0.1119 -0.9056 0.4092
vn -0.5181 -0.8032 0.2941
vn 0.6414 0.7394 -0.2049
vn 0.6748 -0.5490 -0.4932
vn 0.9581 -0.2719 0.0900
vn -0.1119 -0.7348 0.6690
vn -0.6195 -0.6851 -0.3831
vn -0.6203 -0.7843 0.0075
vn -0.6992 0.2935 0.6519
vn 0.5181 -0.5823 0.6265
vn 0.6748 -0.7340 -0.0763
vn 0.9583 -0.1679 0.2314
vn 0.6871 0.4025 0.6049
vn -0.5181 -0.4769 0.7100
vn -0.0194 -0.2740 0.9615
vn -0.6195 -0.7795 0.0928
vn -0.9312 0.0174 -0.3640
vn 0.6830 -0.7278 0.0617
vn -0.6103 -0.7872 0.0886
vn -0.1119 0.1093 0.9877
vn -0.9315 -0.1483 -0.3322
vn 0.9583 0.0001 0.2859
vn 0.7035 0.7105 0.0141
vn -0.5181 0.2941 0.8032
vn 0.6413 -0.2049 -0.7394
vn 0.9598 -0.1153 -0.2559
vn -0.6195 -0.3831 0.6852
vn 0.9311 -0.2006 -0.3046
vn -0.6103 -0.3910 0.6889
vn 0.6830 -0.3779 0.6251
vn -0.1119 0.8633 0.4921
vn -0.6195 -0.1527 0.7700
vn 0.5180 0.6265 0.5823
vn -0.9315 -0.3398 -0.1300
vn -0.6203 0.2495 0.7436
vn 0.5180 0.7758 0.3602
vn -0.6195 0.0928 0.7795
vn -0.6992 0.5293 -0.4806
vn 0.9582 0.2720 0.0882
vn 0.9598 -0.2625 -0.0994
vn 0.6748 0.1542 0.7217
vn 0.6871 0.4509 -0.5697
vn 0.6195 0.2134 0.7554
vn 0.6871 0.2528 -0.6812
vn 0.6748 0.3697 0.6387
vn -0.6195 0.3291 0.7126
vn 0.9581 0.2864 -0.0017
vn -0.3487 -0.8639 0.3634
vn -0.3487 -0.4853 0.8018
vn -0.3487 -0.2138 0.9125
vn 0.9855 -0.1281 0.1113
vn -0.3487 0.6126 0.7093
vn 0.9855 0.0147 0.1691
vn 0.3487 0.8679 0.3537
vn 0.9855 0.1113 0.1281
vn 0.6413 0.6677 0.3780
vn -0.5181 0.8032 -0.2941
vn -0.0195 0.9390 -0.3434
vn 0.7722 0.5220 -0.3623
vn 0.6748 0.6746 0.2993
vn 0.6871 -0.1959 -0.6997
vn 0.0374 0.8049 0.5922
vn -0.6203 0.7482 0.2353
vn -0.6748 0.7369 -0.0396
vn -0.6871 -0.3028 -0.6604
vn 0.7035 -0.4061 -0.5832
vn 0.0039 0.6668 -0.7452
vn -0.6203 0.7436 -0.2495
vn 0.7723 0.2093 -0.5999
vn 0.9310 -0.1293 0.3414
vn -0.4774 -0.4517 -0.7537
vn -0.0195 -0.0364 -0.9991
vn 0.7722 0.0137 -0.6352
vn 0.6748 0.6387 -0.3697
vn 0.0372 0.8120 -0.5825
vn -0.6871 -0.7123 -0.1432
vn 0.6748 0.4932 -0.5490
vn -0.7723 -0.2763 -0.5721
vn 0.9581 -0.0900 -0.2719
vn 0.1981 -0.5915 -0.7816
vn 0.4774 -0.8766 0.0605
vn 0.6748 0.2994 -0.6745
vn 0.9581 -0.1697 -0.2308
vn 0.0374 0.5922 -0.8049
vn 0.5181 -0.6265 -0.5823
vn -0.6103 0.1590 -0.7760
vn -0.5181 -0.8226 -0.2342
vn 0.0040 -0.9148 -0.4040
vn -0.4774 -0.7537 0.4517
vn 0.6748 -0.3697 -0.6387
vn 0.0373 -0.3030 -0.9523
vn 0.6871 -0.2528 0.6812
vn -0.5484 -0.4631 -0.6963
vn 0.6871 -0.0299 0.7260
vn -0.6871 -0.1432 0.7123
vn 0.0373 -0.5825 -0.8120
vn 0.7035 0.2061 0.6802
vn 0.5181 -0.7474 0.4159
vn 0.6748 -0.6745 -0.2994
vn 0.0373 -0.8049 -0.5922
vn -0.6103 -0.7760 -0.1590
vn 0.6195 -0.7844 -0.0305
vn 0.9310 0.1293 -0.3413
vn 0.6203 -0.7735 0.1299
vn 0.6871 0.5698 0.4509
vn 0.6748 -0.6387 0.3697
vn 0.0787 0.0334 0.9963
vn 0.6871 0.6812 0.2528
vn -0.1119 0.4092 0.9056
vn 0.0375 -0.8119 0.5826
vn 0.5181 0.1646 0.8394
vn 0.6203 -0.5494 0.5598
vn -0.6871 0.7217 -0.0839
vn 0.6748 -0.2994 0.6745
vn 0.6871 0.6996 -0.1959
vn -0.6203 -0.2352 0.7482
vn 0.5484 -0.1651 0.8198
vn 0.6748 -0.0763 0.7340
vn 0.4774 0.8150 -0.3285
vn 0.9581 0.2327 0.1670
vn 0.0373 -0.3145 0.9485
vn -0.6103 0.0886 0.7872
vn -0.4774 0.5772 -0.6625
vn -0.6203 0.4671 0.6301
vn -0.7125 0.3377 -0.6150
vn 0.0372 0.3030 0.9523
vn -0.9313 -0.3568 -0.0741
vn -0.6402 0.3783 -0.6686
vn -0.9312 -0.0174 0.3641
vn 0.6437 0.6391 -0.4209
vn 0.6413 0.3780 -0.6677
vn 0.6434 -0.7647 -0.0365
vn -0.3488 0.2137 -0.9125
vn -0.9312 -0.2698 0.2452
vn -0.3488 -0.0787 -0.9339
vn 0.3487 -0.2240 -0.9100
vn -0.9950 0.0495 -0.0867
vn 0.3487 -0.4942 -0.7963
vn -0.3487 -0.3634 -0.8639
vn 0.3488 -0.7161 -0.6046
vn -0.3487 -0.8018 -0.4853
vn 0.3487 -0.8679 -0.3537
vn -0.9950 -0.0672 -0.0739
vn -0.3487 -0.9125 -0.2138
vn 0.3487 -0.9347 -0.0681
vn 0.3488 -0.7963 0.4943
vn 0.3487 -0.6046 0.7162
vn 0.9855 -0.1691 0.0147
vn 0.3487 -0.3537 0.8679
vn -0.9950 -0.0739 0.0672
vn 0.9855 -0.1562 0.0663
vn 0.3488 -0.0681 0.9347
vn 0.3488 0.2240 0.9100
vn -0.3487 0.0787 0.9339
vn -0.3487 0.3634 0.8639
vn 0.9598 0.1393 -0.2437
vn 0.3487 0.4943 0.7963
vn 0.3487 0.7162 0.6046
vn 0.3487 0.9347 0.0681
vn -0.3488 0.9125 0.2137
vn -0.9598 -0.1154 -0.2559
vn -0.3487 0.9339 -0.0786
vn 0.3487 0.9100 -0.2240
vn -0.3487 0.8639 -0.3634
vn -0.3488 0.7093 -0.6126
vn 0.3488 0.6046 -0.7161
vn 0.3487 0.3537 -0.8679
vn -0.9598 -0.2790 0.0306
vn 0.9950 0.0997 0.0048
vn -0.6401 -0.2053 -0.7404
vn -0.6400 -0.3783 0.6688
vn 0.6415 -0.7005 0.3126
vn 0.9315 -0.0174 0.3633
vn 0.6416 0.3126 0.7005
vn 0.9311 0.2839 0.2290
vn 0.6434 0.0365 -0.7647
vn 0.6434 -0.5149 -0.5665
vn 0.2223 0.9623 -0.1569
vn 0.9949 0.0917 -0.0413
vn -0.7125 0.1312 -0.6893
vn 0.4176 0.5547 0.7196
vn -0.0045 0.9985 -0.0552
vn 0.0103 0.9888 -0.1491
vn -0.6403 -0.7014 0.3132
vn 0.6490 0.5006 0.5728
vn -0.7723 0.4587 -0.4395
vn 0.9949 0.0744 -0.0676
vn -0.6870 -0.0839 -0.7218
vn -0.0043 0.9325 -0.3611
vn -0.6423 -0.5670 0.5158
vn -0.9950 0.0739 -0.0672
vn 0.5181 0.5823 -0.6265
vn 0.1048 0.7586 -0.6431
vn 0.6435 -0.5664 0.5149
vn -0.6494 0.7051 0.2848
vn -0.7722 0.3004 -0.5598
vn -0.9950 0.0203 -0.0978
vn 0.1048 0.5227 -0.8461
vn 0.9950 0.0354 -0.0934
vn -0.6425 -0.0363 0.7655
vn -0.9950 -0.0109 -0.0993
vn -0.7125 -0.4805 -0.5113
vn -0.6495 0.7585 0.0530
vn -0.5484 0.8053 -0.2253
vn 0.7098 -0.5466 -0.4443
vn -0.0102 0.3157 -0.9488
vn -0.5181 -0.0315 -0.8548
vn 0.9950 0.0048 -0.0997
vn -0.6871 -0.6332 -0.3563
vn -0.0042 0.2560 -0.9667
vn 0.6830 0.6731 -0.2836
vn -0.6203 0.6301 -0.4671
vn -0.1118 -0.4092 -0.9056
vn -0.6405 0.3132 0.7012
vn -0.0043 -0.0553 -0.9985
vn 0.7722 -0.1833 -0.6084
vn -0.2222 -0.3058 -0.9258
vn -0.7125 -0.6961 0.0882
vn -0.9598 0.2190 0.1757
vn 0.9949 -0.0676 -0.0744
vn -0.6496 0.4887 -0.5824
vn -0.6425 0.5156 0.5669
vn -0.2223 -0.5769 -0.7860
vn -0.7722 -0.4396 -0.4587
vn -0.6992 -0.6519 0.2935
vn 0.1048 -0.6431 -0.7586
vn -0.6406 0.7172 0.2743
vn -0.6495 0.2848 -0.7050
vn 0.6829 0.1663 -0.7113
vn 0.7098 -0.5914 0.3825
vn -0.7722 -0.5598 -0.3004
vn 0.2223 -0.8708 -0.4386
vn -0.0044 -0.8402 -0.5422
vn 0.9598 0.2748 0.0572
vn -0.9949 -0.1004 -0.0048
vn -0.0100 -0.9486 -0.3163
vn 0.7098 -0.4443 0.5466
vn -0.6203 -0.2496 -0.7436
vn 0.6437 0.7495 0.1542
vn -0.9950 -0.0911 0.0410
vn 0.9949 -0.0999 0.0109
vn -0.6497 -0.1839 -0.7376
vn -0.6425 0.7654 0.0363
vn -0.6203 -0.4671 -0.6301
vn -0.5484 -0.6556 -0.5191
vn 0.2223 -0.9623 0.1570
vn 0.9318 0.3498 -0.0969
vn 0.9949 -0.0917 0.0413
vn -0.7125 -0.1312 0.6893
vn -0.0043 -0.9985 0.0552
vn -0.6406 0.7011 -0.3131
vn -0.7125 0.0882 0.6961
vn -0.6496 -0.5824 -0.4887
vn -0.6425 0.5670 -0.5156
vn 0.6871 0.1959 0.6997
vn -0.5181 -0.6730 0.5279
vn 0.5484 -0.8198 -0.1651
vn -0.0195 -0.5577 0.8298
vn -0.5484 -0.8355 -0.0346
vn 0.6435 0.5664 -0.5148
vn -0.9315 0.1300 -0.3397
vn 0.1542 -0.6324 0.7591
vn -0.6496 -0.7049 -0.2848
vn 0.1048 -0.7586 0.6431
vn -0.9950 -0.0495 0.0867
vn -0.9950 -0.0203 0.0978
vn 0.6492 -0.7416 -0.1692
vn -0.7125 0.4805 0.5113
vn -0.6423 0.0364 -0.7656
vn 0.9949 -0.0205 0.0984
vn -0.0043 -0.5422 0.8402
vn 0.9581 -0.0870 0.2729
vn -0.5181 -0.2342 0.8227
vn -0.6203 -0.7436 0.2495
vn -0.7125 0.6150 0.3377
vn -0.2223 0.0047 0.9750
vn 0.5181 -0.1028 0.8491
vn 0.9949 0.0109 0.0999
vn -0.0043 -0.2560 0.9667
vn 0.6830 -0.6731 0.2836
vn -0.7125 0.6893 0.1312
vn -0.4176 -0.6239 0.6606
vn -0.6496 -0.6447 0.4029
vn 0.6871 0.7260 0.0299
vn -0.2223 0.3058 0.9258
vn -0.7723 0.4396 0.4587
vn 0.5181 0.4159 0.7474
vn -0.0043 0.3611 0.9325
vn -0.6422 -0.5156 -0.5671
vn -0.9949 0.0784 0.0629
vn -0.7126 0.6347 -0.2990
vn -0.5181 0.7100 0.4770
vn 0.9949 0.0676 0.0744
vn -0.6495 -0.2848 0.7050
vn 0.1048 0.8461 0.5227
vn -0.5181 0.8227 0.2342
vn 0.9950 0.0934 0.0354
vn 0.1542 0.9174 0.3669
vn -0.6496 -0.0530 0.7584
vn 0.4176 0.0258 0.9083
vn 0.7035 0.4291 -0.5666
vn 0.6492 0.0682 0.7575
vn 0.2223 0.9637 0.1481
vn -0.6497 0.1839 0.7376
vn 0.6419 -0.7624 0.0816
vn 0.7723 0.6352 0.0137
vn -0.6406 -0.7635 0.0818
vn -0.5180 0.8548 -0.0314
vn 0.3488 0.0682 -0.9347
vn -0.3487 -0.6126 -0.7093
vn -0.3487 -0.9339 0.0787
vn 0.3488 -0.9100 0.2240
vn -0.3487 -0.7093 0.6126
vn -0.3487 0.8018 0.4853
vn 0.3487 0.7963 -0.4943
vn 0.9598 -0.2791 0.0306
vn -0.3487 0.4853 -0.8018
vn -0.9949 0.1004 0.0048
vn -0.9855 0.0411 0.1646
vn -0.9598 0.2347 -0.1540
vn 0.6416 -0.2742 0.7164
vn 0.6438 0.4209 0.6391
vn 0.6415 0.2743 -0.7164
vn 0.9317 -0.3161 -0.1789
vn 0.6871 0.0299 -0.7259
vn -0.2264 0.9121 -0.3418
vn -0.9598 -0.1392 0.2437
vn 0.6195 0.6167 0.4857
vn -0.6496 0.5824 0.4887
vn -0.7125 -0.0882 -0.6961
vn -0.5484 0.7839 0.2911
vn 0.9583 0.2312 -0.1682
vn -0.2223 0.5693 -0.7915
vn -0.6404 -0.2744 0.7174
vn 0.9582 0.1680 -0.2314
vn 0.5949 0.2123 -0.7753
vn 0.6434 -0.0363 0.7647
vn 0.6204 0.7735 -0.1298
vn 0.6195 0.7554 -0.2134
vn -0.1008 0.0984 -0.9900
vn -0.6496 0.7377 -0.1840
vn 0.2223 -0.1570 -0.9623
vn -0.1008 -0.2125 -0.9720
vn -0.6496 0.6447 -0.4029
vn 0.6871 -0.6997 0.1959
vn 0.2223 -0.4467 -0.8667
vn 0.7722 -0.3623 -0.5219
vn 0.1009 -0.3617 -0.9268
vn -0.6871 -0.7217 0.0839
vn 0.4176 0.2561 -0.8718
vn -0.5948 -0.7326 -0.3309
vn -0.4175 -0.1678 -0.8930
vn -0.6992 -0.5293 0.4806
vn -0.6498 0.0531 -0.7583
vn 0.5181 -0.7758 -0.3602
vn -0.7125 -0.3377 0.6150
vn 0.5949 -0.8029 0.0376
vn 0.1032 -0.9629 -0.2494
vn -0.7722 -0.6295 0.0860
vn 0.6436 0.7645 0.0365
vn -0.4774 -0.5772 0.6625
vn -0.9949 -0.0979 0.0260
vn 0.9583 -0.2859 0.0001
vn 0.5181 -0.8394 0.1646
vn 0.9583 -0.2719 0.0885
vn -0.6496 -0.4029 -0.6448
vn -0.7722 -0.5721 0.2763
vn -0.2223 -0.9258 0.3058
vn -0.6203 -0.7482 -0.2352
vn 0.1009 -0.9268 0.3617
vn -0.6871 0.0839 0.7217
vn 0.9583 -0.2312 0.1682
vn -0.7722 -0.3004 0.5598
vn 0.9949 -0.0499 0.0873
vn -0.7125 0.2990 0.6347
vn 0.7722 -0.3844 0.5058
vn -0.9598 -0.0306 -0.2790
vn -0.6871 0.4921 0.5346
vn 0.5181 -0.3602 0.7758
vn 0.0101 -0.4609 0.8874
vn -0.9949 -0.0048 0.1004
vn -0.7722 0.0860 0.6295
vn -0.6496 -0.7377 0.1839
vn 0.9581 0.0016 0.2864
vn 0.1048 0.0744 0.9917
vn 0.9949 0.0413 0.0917
vn -0.6871 0.7123 0.1433
vn 0.9317 -0.0970 -0.3500
vn 0.6493 -0.5727 0.5004
vn -0.7125 0.6961 -0.0882
vn 0.9583 0.1682 0.2312
vn -0.6496 -0.4887 0.5824
vn -0.5949 0.5944 0.5411
vn -0.6203 0.0075 0.7843
vn 0.1047 0.6431 0.7586
vn 0.7723 0.5058 0.3844
vn -0.6402 -0.7175 -0.2745
vn -0.6870 0.6605 -0.3028
vn 0.6871 0.6049 -0.4026
vn 0.5949 0.7753 0.2123
vn -0.7126 0.5112 -0.4805
vn -0.6420 -0.7659 -0.0362
vn 0.4774 0.4664 -0.7447
vn 0.1008 0.9624 0.2521
vn 0.9582 0.2859 -0.0001
vn 0.9857 0.0845 -0.1455
vn -0.9857 -0.0432 -0.1627
vn -0.9857 -0.1063 0.1306
vn -0.9857 -0.0092 0.1681
vn -0.9857 0.1570 0.0607
vn -0.9857 0.1681 0.0092
vn -0.9857 0.1627 -0.0432
vn 0.9855 -0.0382 0.1653
vn -0.9313 -0.2842 -0.2279
vn -0.9314 0.2278 -0.2840
vn -0.9307 0.3529 -0.0963
vn -0.9313 0.3639 0.0174
vn -0.6402 0.6686 0.3782
vn -0.9313 0.1998 0.3045
vn 0.9598 -0.2709 0.0739
vn 0.6436 -0.6392 0.4210
vn 0.9598 -0.2347 0.1539
vn 0.6417 0.7004 -0.3126
vn 0.9598 -0.1539 -0.2347
vn 0.6434 -0.7498 -0.1543
vn 0.0786 0.9373 -0.3397
vn 0.1048 0.9917 -0.0743
vn -0.4177 0.6606 0.6238
vn 0.1542 0.9578 -0.2425
vn -0.0246 0.9455 -0.3248
vn -0.1008 0.9720 -0.2124
vn 0.1032 0.9256 -0.3642
vn -0.1048 0.8497 -0.5167
vn 0.5949 0.6275 -0.5023
vn 0.1119 0.8305 -0.5456
vn 0.4774 -0.0605 -0.8766
vn 0.6491 0.6530 0.3902
vn -0.6425 -0.6399 0.4216
vn -0.5949 0.5410 -0.5945
vn -0.0245 0.7989 -0.6010
vn -0.1119 0.4921 -0.8633
vn 0.1981 0.5607 -0.8040
vn -0.6993 -0.2935 -0.6518
vn 0.5949 0.4415 -0.6717
vn 0.6418 -0.4814 0.5969
vn 0.9950 0.0625 -0.0779
vn -0.1009 0.6614 -0.7432
vn 0.1009 0.7697 -0.6304
vn -0.9949 0.0356 -0.0940
vn -0.0174 0.9411 0.3376
vn -0.0245 0.2929 -0.9558
vn -0.5949 0.0883 -0.7989
vn -0.9313 -0.0741 0.3567
vn 0.4175 0.9083 -0.0258
vn 0.9949 0.0205 -0.0984
vn -0.1008 0.3995 -0.9112
vn -0.6871 -0.4921 -0.5346
vn 0.9316 -0.0740 0.3559
vn -0.0043 0.5422 -0.8403
vn -0.4176 0.8930 -0.1678
vn -0.9949 0.0048 -0.1004
vn 0.4774 -0.5642 -0.6736
vn 0.4774 -0.7448 -0.4663
vn 0.1047 0.2357 -0.9662
vn -0.5948 -0.1629 -0.7872
vn -0.9950 -0.0410 -0.0911
vn -0.7125 -0.6150 -0.3377
vn 0.5948 -0.0375 -0.8030
vn 0.0787 -0.0334 -0.9963
vn -0.0101 0.0076 -0.9999
vn -0.6408 0.0819 0.7634
vn 0.4774 -0.8524 -0.2134
vn -0.6195 0.5761 -0.5332
vn 0.6413 0.2049 0.7394
vn -0.7125 -0.6893 -0.1312
vn -0.4774 -0.8085 -0.3442
vn 0.5484 0.6154 -0.5661
vn 0.1032 -0.0605 -0.9928
vn -0.0101 -0.3017 -0.9534
vn -0.6203 0.2352 -0.7483
vn -0.9950 -0.0867 -0.0495
vn 0.9582 -0.1682 -0.2312
vn 0.5484 0.4103 -0.7286
vn -0.0172 0.6119 -0.7908
vn -0.1032 -0.5047 -0.8571
vn 0.6203 0.1154 -0.7758
vn 0.4774 -0.8150 0.3284
vn -0.0245 -0.8185 -0.5739
vn 0.5949 -0.6717 -0.4415
vn 0.6435 0.5149 0.5664
vn -0.6871 -0.6605 0.3028
vn -0.0042 -0.6316 -0.7753
vn -0.1008 -0.7432 -0.6615
vn 0.6417 0.7163 0.2742
vn -0.9949 -0.0982 -0.0211
vn 0.6493 0.1692 -0.7415
vn -0.5484 0.0347 -0.8355
vn 0.4774 -0.6737 0.5642
vn 0.1032 -0.8387 -0.5347
vn -0.5949 -0.7990 -0.0883
vn 0.1543 -0.9174 -0.3669
vn 0.9950 -0.0934 -0.0354
vn 0.6203 -0.1299 -0.7735
vn -0.1008 -0.9112 -0.3995
vn -0.0158 -0.9534 -0.3014
vn -0.1032 -0.9901 -0.0954
vn 0.9316 0.3631 0.0174
vn 0.5484 -0.3483 -0.7602
vn -0.0043 -0.9667 -0.2560
vn 0.4774 -0.4663 0.7447
vn -0.2223 -0.9750 0.0047
vn 0.6493 -0.2990 -0.6993
vn -0.0245 -0.9996 0.0168
vn 0.6203 -0.5598 -0.5494
vn 0.4774 -0.2134 0.8524
vn -0.0245 -0.9454 0.3249
vn 0.9950 -0.0963 0.0263
vn -0.1008 -0.9720 0.2124
vn -0.4774 -0.3443 0.8085
vn 0.1032 -0.9928 0.0604
vn -0.9949 -0.0841 0.0552
vn 0.6492 -0.5005 -0.5727
vn 0.2223 -0.8667 0.4467
vn -0.1048 -0.8497 0.5167
vn 0.1119 -0.8305 0.5456
vn 0.6492 -0.6530 -0.3901
vn -0.6426 0.6398 -0.4215
vn -0.5949 -0.5411 0.5945
vn 0.2223 -0.6862 0.6926
vn -0.6411 0.1538 -0.7519
vn 0.1009 -0.7697 0.6304
vn -0.4774 0.1967 0.8564
vn 0.9581 -0.1670 0.2327
vn -0.9949 -0.0356 0.0940
vn 0.4774 0.3284 0.8150
vn -0.2223 -0.5692 0.7916
vn -0.1032 -0.6591 0.7449
vn 0.1048 -0.5227 0.8461
vn -0.1048 -0.3837 0.9175
vn 0.9316 0.0740 -0.3559
vn 0.9950 -0.0354 0.0934
vn 0.1119 -0.3512 0.9296
vn 0.4774 0.5642 0.6736
vn -0.0102 -0.3161 0.9487
vn -0.9313 0.0741 -0.3566
vn -0.5949 -0.0883 0.7990
vn -0.6203 -0.6301 0.4671
vn 0.1032 -0.2493 0.9629
vn 0.5949 0.0376 0.8029
vn 0.9316 -0.0396 -0.3613
vn -0.6871 0.6332 0.3564
vn -0.1008 -0.0984 0.9900
vn 0.4774 0.7448 0.4663
vn -0.0171 -0.9598 0.2801
vn -0.0245 0.3249 0.9454
vn -0.6424 -0.4217 -0.6399
vn 0.5949 0.2839 0.7520
vn 0.1981 0.3209 0.9262
vn 0.1009 0.0576 0.9932
vn -0.1981 0.4621 0.8644
vn 0.9583 0.0885 0.2719
vn -0.1032 0.2152 0.9711
vn 0.1118 0.5456 0.8305
vn -0.1048 0.5167 0.8497
vn 0.5949 0.5024 0.6274
vn 0.6415 -0.3126 -0.7005
vn 0.1048 0.3772 0.9202
vn 0.4774 0.8766 -0.0604
vn -0.0245 0.6011 0.7988
vn 0.6491 -0.3901 0.6531
vn -0.5484 -0.2911 0.7839
vn -0.1032 0.7449 0.6591
vn -0.5949 0.7326 0.3308
vn 0.9949 0.0875 0.0508
vn 0.1981 0.8041 0.5606
vn 0.1008 0.6304 0.7697
vn 0.9583 0.2314 0.1680
vn -0.0171 -0.3375 0.9412
vn -0.1118 0.9732 0.2012
vn -0.2265 0.9388 0.2595
vn 0.9598 -0.2749 -0.0572
vn -0.4773 0.7537 -0.4517
vn -0.0043 0.8403 0.5422
vn 0.6203 0.1299 0.7735
vn -0.1008 0.9112 0.3995
vn 0.6203 0.3626 0.6955
vn -0.6870 0.3564 -0.6332
vn -0.1118 0.9877 -0.1094
vn -0.1048 0.9912 0.0815
vn -0.0101 0.9999 0.0076
vn -0.5948 0.7872 -0.1629
vn -0.9857 0.0607 -0.1570
vn 0.9949 -0.0109 -0.0999
vn -0.9857 -0.0913 -0.1414
vn -0.9857 -0.1306 -0.1063
vn -0.9857 -0.1570 -0.0607
vn -0.9857 -0.1681 -0.0092
vn -0.9857 -0.1627 0.0432
vn -0.9857 -0.1414 0.0913
vn -0.9857 -0.0607 0.1570
vn -0.9857 0.0913 0.1414
vn -0.9950 0.0410 0.0911
vn -0.9857 0.1306 0.1063
vn -0.9949 0.0940 0.0356
vn 0.9857 0.1540 -0.0680
vn 0.9857 0.1254 -0.1123
vn 0.9857 -0.0681 -0.1540
vn 0.9857 -0.1123 -0.1254
vn 0.9857 -0.1646 -0.0354
vn 0.9857 -0.0846 0.1455
vn 0.9857 -0.0354 0.1645
vn 0.9857 0.0680 0.1540
vn 0.9857 0.1455 0.0846
vn 0.9857 0.1645 0.0354
vn 0.9857 0.1675 -0.0172
vn -0.3450 -0.8549 0.3874
vn -0.9308 0.2845 0.2294
vn -0.5949 0.6983 -0.3982
vn 0.6441 -0.7367 0.2059
vn 0.6195 0.4364 0.6525
vn 0.0246 0.9847 -0.1727
vn -0.6496 0.4029 0.6448
vn -0.9949 0.0919 -0.0406
vn -0.0221 0.9358 -0.3518
vn 0.9950 0.0835 -0.0548
vn -0.9949 0.0629 -0.0784
vn -0.6426 -0.4818 0.5957
vn -0.1008 0.8588 -0.5024
vn -0.6410 -0.1538 0.7520
vn 0.6203 0.7758 0.1155
vn -0.1980 0.4277 -0.8820
vn -0.1544 0.5058 -0.8487
vn -0.5949 0.3310 -0.7325
vn 0.9581 0.1671 -0.2326
vn 0.9583 0.0882 -0.2720
vn 0.0244 0.4390 -0.8982
vn -0.2264 0.2595 -0.9388
vn -0.4176 0.7975 -0.4355
vn -0.1048 0.0814 -0.9912
vn 0.0245 0.1400 -0.9898
vn -0.0221 -0.0455 -0.9987
vn -0.9949 -0.0260 -0.0979
vn -0.6203 0.4549 -0.6389
vn -0.6411 0.4230 0.6404
vn 0.0246 -0.1727 -0.9847
vn -0.9949 -0.0552 -0.0841
vn -0.0224 -0.3516 -0.9359
vn 0.0246 -0.4686 -0.8831
vn 0.9950 -0.0548 -0.0835
vn 0.1048 -0.3772 -0.9202
vn -0.9949 -0.0785 -0.0639
vn -0.5949 -0.5945 -0.5411
vn -0.6412 0.7518 0.1537
vn -0.1048 -0.7540 -0.6485
vn -0.2264 -0.9388 -0.2596
vn 0.9950 -0.0997 -0.0048
vn 0.1119 -0.9926 -0.0468
vn -0.9950 -0.0993 0.0109
vn -0.6429 0.7617 -0.0805
vn 0.0245 -0.9847 0.1727
vn 0.9310 0.3523 -0.0961
vn -0.2264 -0.9121 0.3418
vn -0.0245 -0.7988 0.6011
vn 0.9949 -0.0744 0.0676
vn 0.4176 -0.7500 -0.5130
vn 0.1048 -0.9202 0.3772
vn -0.1981 -0.6793 0.7066
vn -0.1008 -0.8588 0.5024
vn -0.9949 -0.0629 0.0784
vn -0.1545 -0.7434 0.6508
vn 0.6439 0.4812 -0.5948
vn 0.0245 -0.6951 0.7185
vn -0.0171 -0.9411 -0.3376
vn -0.4176 -0.8930 0.1678
vn 0.9318 0.1789 -0.3159
vn -0.6427 -0.0805 -0.7619
vn -0.9950 0.0109 0.0993
vn 0.5949 -0.2124 0.7753
vn -0.6496 -0.7584 -0.0530
vn -0.0223 -0.2655 0.9639
vn -0.1008 -0.3995 0.9112
vn 0.5484 -0.7602 0.3483
vn 0.0245 -0.1400 0.9898
vn -0.5949 0.1629 0.7872
vn -0.5949 0.3982 0.6983
vn 0.1119 0.2623 0.9585
vn -0.1545 0.3892 0.9081
vn -0.9949 0.0552 0.0841
vn -0.6431 -0.3108 -0.6999
vn 0.6437 -0.4209 -0.6392
vn -0.6406 -0.5978 -0.4820
vn -0.1008 0.5023 0.8588
vn 0.6438 -0.5949 -0.4813
vn -0.4773 0.8753 0.0776
vn -0.4176 -0.1164 0.9012
vn 0.5949 0.6717 0.4415
vn 0.6442 -0.7138 -0.2749
vn 0.0245 0.7185 0.6951
vn -0.4176 0.1678 0.8930
vn -0.5948 0.7990 0.0884
vn 0.6195 -0.0305 0.7844
vn 0.4493 0.6158 -0.6472
vn -0.0172 -0.0302 0.9994
vn 0.9581 0.2729 0.0870
vn 0.0246 0.9898 0.1401
vn -0.6400 -0.7404 0.2054
vn -0.1008 0.9900 0.0983
vn 0.5180 0.8492 0.1028
vn 0.1047 0.9662 0.2357
vn -0.4177 0.4355 0.7974
vn -0.6422 -0.7657 -0.0363
vn -0.9949 0.0841 -0.0552
vn -0.6203 0.6389 0.4549
vn 0.6830 0.4777 0.5525
vn 0.0102 0.8944 -0.4472
vn 0.0168 0.8755 0.4830
vn 0.0547 -0.2623 -0.9634
vn -0.9583 -0.1300 -0.2547
vn 0.1980 -0.8041 -0.5606
vn 0.0100 -0.7013 -0.7128
vn 0.0103 -0.8876 -0.4606
vn -0.9582 -0.2824 -0.0445
vn -0.6432 0.3755 -0.6673
vn 0.0172 -0.6833 -0.7300
vn -0.9583 -0.2021 0.2023
vn 0.0544 -0.3538 0.9337
vn -0.9582 0.0449 0.2824
vn 0.0172 -0.9054 0.4243
vn 0.0101 0.4471 0.8944
vn -0.9582 0.2024 0.2020
vn 0.9315 -0.3634 -0.0174
vn 0.0101 0.8872 0.4613
vn -0.9598 -0.2749 -0.0571
vn -0.6843 0.1726 0.7084
vn -0.0590 -0.8202 -0.5691
vn -0.0590 -0.9559 -0.2878
vn -0.0590 -0.2878 0.9559
vn 0.3615 0.0214 0.9321
vn -0.0590 0.3290 0.9425
vn -0.0590 0.9559 0.2878
vn 0.3615 0.8799 -0.3085
vn -0.9857 0.1414 -0.0913
vn 0.3450 -0.2492 -0.9049
vn 0.0590 -0.8992 -0.4336
vn 0.9950 -0.0779 -0.0625
vn -0.9857 0.0432 0.1627
vn -0.9598 -0.2804 -0.0134
vn 0.9949 0.1007 -0.0103
vn -0.9598 -0.2190 -0.1756
vn -0.9598 0.2748 0.0571
vn -0.9315 0.0972 0.3505
vn 0.6442 -0.3753 0.6664
vn 0.9315 0.2692 -0.2446
vn 0.6436 0.1543 -0.7496
vn 0.5949 0.7521 -0.2838
vn 0.1033 0.9928 -0.0605
vn -0.3451 0.1889 -0.9194
vn 0.9598 -0.2559 0.1153
vn 0.9950 0.0963 -0.0263
vn 0.1048 0.9202 -0.3772
vn -0.4176 0.8211 0.3891
vn -0.3451 -0.1043 -0.9328
vn 0.1981 0.7816 -0.5915
vn 0.0589 -0.1778 -0.9823
vn -0.0222 0.7813 -0.6238
vn 0.4175 0.8718 0.2561
vn 0.1542 0.6324 -0.7591
vn 0.3450 -0.5167 -0.7836
vn -0.3450 -0.3874 -0.8549
vn -0.6843 0.6746 0.2768
vn -0.1047 0.6485 -0.7540
vn 0.0100 0.4609 -0.8874
vn 0.5180 0.3602 -0.7758
vn 0.1032 0.5347 -0.8387
vn 0.0546 0.3539 -0.9337
vn 0.9857 0.0354 -0.1646
vn -0.0545 0.2034 -0.9776
vn -0.0245 -0.0169 -0.9996
vn 0.1032 0.2494 -0.9629
vn 0.6435 -0.0364 0.7645
vn 0.4176 0.8558 -0.3052
vn 0.0544 0.0481 -0.9974
vn -0.6843 0.7085 -0.1726
vn 0.0590 -0.9892 -0.1345
vn -0.5484 0.6963 -0.4631
vn -0.1047 -0.2288 -0.9678
vn -0.3450 -0.9194 -0.1890
vn 0.9949 -0.0409 -0.0926
vn -0.6843 0.6205 -0.3830
vn 0.5949 -0.2839 -0.7520
vn 0.0590 -0.9823 0.1778
vn 0.7035 -0.7106 -0.0142
vn -0.5181 -0.2941 -0.8032
vn -0.0195 -0.6168 -0.7869
vn -0.3450 -0.9328 0.1043
vn -0.0043 -0.3610 -0.9325
vn 0.0786 -0.6127 -0.7864
vn -0.4176 0.3892 -0.8211
vn 0.0590 -0.8793 0.4727
vn -0.1545 -0.6508 -0.7433
vn 0.1032 -0.6325 -0.7676
vn 0.6420 0.5968 0.4814
vn 0.9598 0.2189 0.1757
vn -0.0223 -0.8347 -0.5503
vn 0.0590 -0.6902 0.7212
vn 0.5484 -0.0963 -0.8307
vn -0.0590 -0.5691 0.8202
vn -0.0223 -0.9639 -0.2655
vn 0.0544 -0.9337 -0.3538
vn 0.0590 -0.4336 0.8992
vn -0.1119 -0.9731 -0.2012
vn 0.7722 -0.6352 -0.0137
vn 0.2223 -0.9637 -0.1481
vn -0.6433 0.6997 -0.3108
vn 0.0245 -0.9898 -0.1400
vn 0.0590 -0.1345 0.9892
vn -0.1545 -0.9839 0.0896
vn -0.1981 -0.9649 0.1723
vn -0.1981 -0.8644 0.4621
vn -0.3450 -0.1890 0.9194
vn 0.5484 -0.5662 -0.6154
vn 0.7722 -0.6083 0.1833
vn 0.6439 0.7609 -0.0803
vn -0.6843 -0.3830 -0.6205
vn 0.9949 -0.0844 0.0545
vn 0.0590 0.1778 0.9823
vn -0.1545 -0.9081 0.3892
vn 0.3450 0.2492 0.9049
vn -0.4493 0.0219 0.8931
vn 0.7722 -0.5219 0.3623
vn -0.6843 -0.5560 -0.4717
vn -0.4176 -0.8211 -0.3892
vn -0.3450 0.3875 0.8549
vn -0.1981 -0.4277 0.8819
vn 0.1981 -0.5606 0.8040
vn -0.0043 -0.7753 0.6316
vn 0.0590 0.7212 0.6902
vn -0.0222 -0.5504 0.8346
vn -0.3450 0.6327 0.6933
vn 0.1032 -0.5347 0.8387
vn 0.1981 -0.2847 0.9379
vn 0.0590 0.8992 0.4336
vn -0.5484 -0.8053 0.2253
vn 0.1048 -0.2357 0.9662
vn 0.9949 0.0103 0.1007
vn 0.9598 0.0571 -0.2748
vn -0.6843 -0.7085 0.1726
vn 0.6420 -0.0816 -0.7624
vn 0.9598 -0.0306 -0.2790
vn 0.9857 0.0171 0.1674
vn 0.0588 0.9892 0.1345
vn -0.0223 0.0453 0.9987
vn -0.1032 -0.0954 0.9901
vn -0.0245 0.0168 0.9996
vn -0.5484 -0.6963 0.4631
vn 0.3451 0.9376 0.0427
vn -0.6203 -0.4549 0.6389
vn -0.0589 0.9980 -0.0217
vn 0.7723 0.1833 0.6083
vn -0.6429 -0.6675 -0.3757
vn 0.1980 0.5915 0.7816
vn -0.3450 0.9328 -0.1044
vn 0.1032 0.3643 0.9255
vn 0.0589 0.8793 -0.4726
vn -0.1546 0.6507 0.7435
vn -0.9949 0.0785 0.0639
vn -0.1048 0.7540 0.6484
vn -0.0589 0.7947 -0.6042
vn -0.0043 0.6316 0.7753
vn 0.1119 0.7755 0.6213
vn 0.0590 0.6902 -0.7212
vn -0.0224 0.8346 0.5504
vn -0.0195 0.8298 0.5578
vn 0.1032 0.8387 0.5347
vn -0.3450 0.6933 -0.6327
vn -0.1545 0.9634 0.2189
vn 0.0590 0.4336 -0.8992
vn 0.1981 0.9800 -0.0190
vn 0.9598 -0.2804 -0.0135
vn -0.3450 0.4638 -0.8160
vn 0.0590 0.1345 -0.9892
vn -0.0221 0.9987 -0.0455
vn 0.6831 0.2836 0.6730
vn -0.0193 0.9991 -0.0366
vn -0.9313 -0.1998 -0.3046
vn -0.9312 0.2696 -0.2451
vn -0.9314 0.2840 0.2278
vn -0.9598 0.0307 0.2790
vn -0.9308 -0.2295 0.2846
vn -0.9598 -0.2077 0.1888
vn -0.9307 -0.3335 0.1503
vn -0.9312 -0.3642 -0.0174
vn 0.9314 -0.2694 0.2447
vn 0.9309 0.0961 0.3524
vn 0.9316 0.3558 0.0740
vn 0.6443 0.3753 -0.6664
vn 0.6418 -0.5968 -0.4815
vn -0.6870 0.1433 -0.7124
vn -0.1981 0.8644 -0.4621
vn 0.1981 0.9262 -0.3209
vn -0.9582 0.2824 -0.0449
vn 0.6421 -0.6397 0.4224
vn 0.6748 0.5490 0.4932
vn 0.7035 0.0141 -0.7106
vn -0.1544 0.9081 -0.3893
vn -0.6429 -0.7000 0.3110
vn -0.1032 0.9711 -0.2152
vn -0.0172 0.5631 0.8262
vn -0.6431 -0.3755 0.6674
vn -0.6842 0.5561 0.4718
vn 0.1542 0.8361 -0.5265
vn 0.9949 0.0634 -0.0779
vn 0.5181 0.7474 -0.4159
vn 0.0195 0.8737 -0.4860
vn -0.0172 0.7907 0.6119
vn -0.1545 0.7434 -0.6508
vn -0.2223 0.7860 -0.5769
vn -0.0194 0.7869 -0.6168
vn 0.1032 0.7677 -0.6324
vn 0.2223 0.6862 -0.6926
vn -0.4177 0.9011 0.1164
vn 0.9949 0.0499 -0.0873
vn -0.4774 -0.1967 -0.8564
vn 0.0245 0.6951 -0.7185
vn -0.9949 0.0365 -0.0944
vn 0.4773 -0.3284 -0.8150
vn -0.0245 0.5740 -0.8185
vn 0.6493 0.7415 0.1691
vn -0.1118 0.2011 -0.9732
vn -0.4494 -0.5426 -0.7097
vn 0.2222 0.4386 -0.8708
vn 0.9949 0.0213 -0.0990
vn 0.9317 -0.1789 0.3160
vn -0.6428 0.0805 0.7618
vn -0.6425 -0.1544 0.7506
vn 0.6421 -0.1536 0.7510
vn 0.1118 0.3511 -0.9296
vn -0.6844 0.7270 0.0548
vn -0.7723 0.1127 -0.6252
vn -0.9949 0.0055 -0.1011
vn 0.4493 -0.6472 -0.6158
vn -0.1032 0.3967 -0.9121
vn -0.0172 0.9994 0.0303
vn -0.4493 -0.7355 -0.5072
vn 0.2223 0.1481 -0.9637
vn 0.1119 0.0467 -0.9926
vn 0.0100 0.1643 -0.9864
vn 0.4493 -0.8058 -0.3857
vn 0.9581 -0.0016 -0.2864
vn -0.2264 -0.0433 -0.9731
vn 0.6443 0.2060 0.7365
vn 0.6422 0.4224 0.6397
vn 0.4175 0.7197 -0.5548
vn 0.1048 -0.0744 -0.9917
vn 0.1118 -0.2623 -0.9585
vn 0.0103 -0.1491 -0.9888
vn -0.9949 -0.0406 -0.0919
vn 0.4493 -0.8856 -0.1178
vn -0.0246 -0.3248 -0.9455
vn 0.6492 0.5727 -0.5005
vn 0.1542 -0.5265 -0.8361
vn 0.5949 -0.5024 -0.6275
vn -0.9949 -0.0784 -0.0629
vn 0.4176 0.5130 -0.7500
vn 0.0172 0.7300 -0.6833
vn -0.0222 -0.6237 -0.7813
vn -0.0102 -0.5819 -0.8132
vn -0.6423 0.5158 0.5670
vn -0.1048 -0.5167 -0.8497
vn -0.1981 -0.7066 -0.6794
vn 0.1543 -0.7590 -0.6325
vn 0.0195 -0.7322 -0.6808
vn -0.0195 -0.8298 -0.5578
vn 0.2223 -0.6926 -0.6862
vn -0.4176 0.1164 -0.9012
vn 0.9949 -0.0937 -0.0363
vn -0.6843 0.2768 -0.6746
vn 0.6444 0.6663 0.3751
vn -0.9949 -0.0940 -0.0356
vn -0.0103 -0.8047 -0.5936
vn -0.6433 0.6673 0.3754
vn -0.1546 -0.8486 -0.5059
vn -0.2223 -0.7916 -0.5692
vn -0.4493 -0.7096 0.5427
vn 0.2264 -0.8866 -0.4034
vn -0.6195 -0.0928 -0.7795
vn -0.6843 0.0548 -0.7272
vn 0.6422 0.7509 0.1537
vn 0.4175 -0.0258 -0.9083
vn 0.0246 -0.8981 -0.4391
vn 0.1009 -0.8374 -0.5372
vn -0.9949 -0.1011 -0.0055
vn 0.4493 -0.6158 0.6472
vn -0.0168 0.0301 -0.9994
vn -0.6427 0.7504 0.1543
vn -0.1048 -0.9175 -0.3837
vn 0.1542 -0.9859 -0.0654
vn 0.1048 -0.9662 -0.2357
vn -0.5949 -0.7872 0.1629
vn -0.1048 -0.9912 -0.0814
vn -0.6409 0.7632 -0.0818
vn 0.4175 -0.3052 -0.8559
vn 0.0174 -0.1237 -0.9922
vn -0.0223 -0.9987 0.0453
vn -0.4176 -0.4355 -0.7974
vn -0.0171 -0.2801 -0.9598
vn -0.0194 -0.9991 0.0365
vn -0.0194 -0.9390 0.3435
vn 0.2264 -0.9544 0.1947
vn 0.9598 0.2790 -0.0306
vn 0.6444 0.7365 -0.2059
vn -0.9308 0.3333 -0.1503
vn 0.1009 -0.9932 0.0576
vn -0.6992 -0.1457 0.6999
vn 0.6422 0.6397 -0.4223
vn 0.0102 -0.9888 0.1488
vn -0.9949 -0.0919 0.0406
vn -0.0222 -0.9358 0.3517
vn -0.9949 -0.0748 0.0671
vn -0.1048 -0.9678 0.2289
vn -0.4176 -0.6606 -0.6238
vn -0.0171 -0.5630 -0.8263
vn -0.6409 0.4819 -0.5976
vn 0.0544 -0.8351 0.5474
vn 0.5949 -0.6275 0.5024
vn 0.1032 -0.9256 0.3643
vn 0.0787 -0.7864 0.6127
vn 0.0245 -0.8831 0.4686
vn -0.0223 -0.7813 0.6237
vn 0.4774 0.0605 0.8766
vn -0.2264 -0.7618 0.6069
vn -0.0102 -0.8134 0.5817
vn -0.0245 -0.5739 0.8185
vn 0.2264 -0.6577 0.7185
vn -0.6405 0.2744 -0.7172
vn 0.9950 -0.0625 0.0779
vn -0.6871 0.3028 0.6605
vn 0.4176 -0.8718 -0.2561
vn 0.0102 -0.7125 0.7016
vn 0.6830 -0.7112 -0.1662
vn -0.1544 -0.5059 0.8487
vn -0.5949 -0.3309 0.7326
vn -0.1048 -0.6485 0.7540
vn -0.4176 -0.9011 -0.1164
vn -0.0245 -0.2929 0.9558
vn 0.9949 -0.0213 0.0990
vn -0.6843 -0.7271 -0.0548
vn 0.7722 -0.2093 0.5999
vn 0.0245 -0.4390 0.8981
vn -0.9949 -0.0055 0.1011
vn 0.4493 0.6472 0.6158
vn 0.9583 -0.0882 0.2720
vn -0.2264 -0.2596 0.9388
vn 0.4176 -0.8558 0.3052
vn 0.1542 -0.0655 0.9859
vn -0.9306 -0.0964 -0.3530
vn -0.9949 0.0265 0.0970
vn 0.0101 -0.1640 0.9864
vn 0.1119 -0.0467 0.9926
vn -0.1545 0.0896 0.9839
vn 0.6492 -0.6994 0.2990
vn 0.1542 0.2424 0.9578
vn 0.1032 0.0604 0.9928
vn -0.6195 -0.5761 0.5332
vn 0.6443 -0.2058 -0.7366
vn 0.9950 0.0263 0.0963
vn 0.6195 -0.6525 0.4364
vn 0.0245 0.1727 0.9847
vn -0.0222 0.3517 0.9358
vn -0.0172 -0.8263 0.5629
vn -0.6410 -0.4230 -0.6405
vn 0.4774 0.8524 0.2133
vn -0.1048 0.2289 0.9678
vn -0.4176 -0.3892 0.8211
vn 0.7723 0.3622 0.5219
vn 0.9950 0.0548 0.0835
vn 0.1541 0.5266 0.8360
vn -0.9582 0.1300 0.2547
vn 0.9949 0.0779 0.0634
vn 0.2223 0.4467 0.8666
vn 0.0245 0.4686 0.8831
vn -0.0224 0.6236 0.7814
vn -0.2223 0.5769 0.7860
vn -0.0194 0.6168 0.7868
vn -0.0169 -0.6118 0.7908
vn 0.1541 0.7592 0.6323
vn 0.2223 0.6926 0.6862
vn -0.6408 -0.7522 -0.1538
vn 0.9949 0.0873 0.0499
vn 0.4176 -0.2561 0.8718
vn 0.0103 0.7019 0.7122
vn -0.5484 -0.0346 0.8355
vn -0.9950 0.0867 0.0495
vn 0.4493 0.7857 -0.4252
vn -0.0103 0.8047 0.5936
vn -0.9315 -0.3167 -0.1791
vn 0.0195 0.9068 0.4212
vn 0.6416 -0.7164 -0.2743
vn 0.9598 -0.2748 -0.0571
vn 0.9949 0.0990 0.0213
vn 0.0542 0.9337 0.3538
vn -0.6843 -0.0548 0.7271
vn 0.2222 0.8708 0.4386
vn 0.1980 0.9380 0.2846
vn -0.1980 0.9710 0.1342
vn -0.1032 0.9121 0.3968
vn -0.0245 0.9558 0.2929
vn 0.6431 -0.7650 -0.0364
vn 0.6413 -0.7394 0.2049
vn -0.6992 0.3549 -0.6206
vn 0.5948 0.8030 -0.0375
vn 0.1032 0.9629 0.2493
vn 0.0104 0.9865 0.1632
vn 0.4493 0.3857 -0.8058
vn -0.9949 0.0970 -0.0265
vn -0.2223 0.9750 -0.0047
vn -0.0171 0.2801 0.9598
vn 0.9855 -0.1454 -0.0874
vn -0.9857 0.1063 -0.1306
vn 0.9857 -0.0172 -0.1675
vn -0.3450 -0.4639 0.8160
vn -0.9950 0.0993 -0.0109
vn -0.9313 -0.3621 0.0398
vn 0.9316 -0.3614 0.0396
vn 0.7723 0.6083 -0.1832
vn -0.6195 0.5333 0.5761
vn 0.3615 -0.0215 -0.9321
vn 0.9949 0.0844 -0.0545
vn 0.1009 0.9932 -0.0576
vn -0.9949 0.0748 -0.0671
vn 0.9857 -0.1455 -0.0846
vn 0.3450 0.0427 -0.9376
vn -0.1032 0.8571 -0.5048
vn -0.0590 -0.3291 -0.9425
vn 0.6438 -0.4812 0.5949
vn 0.2223 0.8667 -0.4466
vn 0.1196 0.9492 -0.2910
vn -0.1981 0.6794 -0.7065
vn -0.6421 -0.5670 0.5159
vn 0.0590 -0.4726 -0.8793
vn 0.7722 0.3845 -0.5059
vn -0.1197 0.7136 -0.6902
vn -0.0589 -0.6042 -0.7947
vn -0.0224 0.5504 -0.8346
vn 0.0590 -0.7212 -0.6902
vn -0.5181 0.4769 -0.7100
vn 0.1195 0.5969 -0.7934
vn -0.6195 0.7795 -0.0928
vn -0.0157 0.3015 -0.9533
vn 0.9949 -0.0103 -0.1007
vn 0.1009 0.2521 -0.9624
vn -0.1196 0.1713 -0.9779
vn -0.1545 -0.0896 -0.9839
vn -0.6431 0.2064 0.7374
vn -0.7722 -0.0860 -0.6295
vn -0.0171 0.9598 -0.2801
vn -0.1119 -0.1092 -0.9877
vn -0.4177 0.6238 -0.6606
vn -0.1032 -0.2152 -0.9711
vn 0.3615 -0.9321 0.0214
vn 0.9950 -0.0263 -0.0963
vn 0.1544 -0.2422 -0.9579
vn 0.1009 -0.0577 -0.9932
vn -0.1544 -0.3893 -0.9081
vn -0.5949 -0.3982 -0.6983
vn 0.0195 -0.4860 -0.8737
vn 0.3615 -0.8799 0.3084
vn 0.1032 -0.3642 -0.9256
vn 0.3450 -0.9049 0.2492
vn -0.5181 -0.5279 -0.6730
vn -0.1008 -0.5023 -0.8588
vn 0.7722 -0.5058 -0.3844
vn 0.6434 0.5150 0.5664
vn -0.1197 -0.6903 -0.7136
vn -0.0589 -0.7947 0.6042
vn 0.1194 -0.5702 -0.8128
vn 0.3451 -0.7836 0.5166
vn -0.1981 -0.8820 -0.4277
vn 0.9949 -0.0984 -0.0205
vn -0.7722 -0.6253 -0.1127
vn -0.1196 -0.8770 -0.4653
vn -0.0544 -0.9776 -0.2033
vn -0.0245 -0.9558 -0.2929
vn 0.9949 -0.1007 0.0103
vn 0.9857 -0.1674 0.0171
vn 0.0787 -0.9963 0.0334
vn 0.1195 -0.9390 -0.3224
vn -0.1196 -0.9779 -0.1716
vn 0.3450 -0.3303 0.8785
vn -0.5949 -0.6983 0.3982
vn 0.9949 -0.0926 0.0409
vn 0.9857 -0.1540 0.0681
vn -0.1196 -0.9830 0.1390
vn -0.4493 -0.2551 0.8562
vn 0.9310 0.3327 -0.1499
vn 0.6830 -0.4777 -0.5525
vn 0.3450 -0.0427 0.9376
vn 0.9949 -0.0754 0.0675
vn -0.9583 -0.2547 0.1300
vn 0.0590 0.4726 0.8793
vn -0.6423 0.5670 -0.5157
vn -0.8082 -0.4386 0.3930
vn 0.3615 0.5652 0.7415
vn 0.5949 -0.4415 0.6717
vn -0.9949 -0.0365 0.0944
vn 0.3450 0.5166 0.7836
vn -0.1008 -0.6615 0.7431
vn 0.2223 -0.4386 0.8708
vn -0.6426 0.1543 -0.7505
vn 0.1195 -0.5968 0.7934
vn -0.4493 0.5427 0.7096
vn 0.6421 0.1537 -0.7510
vn -0.0590 0.8202 0.5691
vn -0.0543 -0.2033 0.9776
vn -0.7722 -0.1127 0.6252
vn -0.1119 -0.2012 0.9731
vn 0.6492 -0.7576 0.0683
vn -0.1196 -0.4654 0.8770
vn -0.2264 0.0433 0.9731
vn 0.9950 -0.0048 0.0997
vn -0.3450 0.8160 0.4639
vn 0.2264 -0.1097 0.9678
vn 0.1009 -0.2521 0.9624
vn -0.4176 -0.7974 0.4355
vn 0.7035 0.6714 0.2330
vn -0.6407 -0.0818 -0.7634
vn 0.3450 0.8785 0.3304
vn -0.7723 0.2763 0.5721
vn -0.4493 0.8562 0.2550
vn 0.2223 0.1570 0.9623
vn -0.6843 -0.6205 0.3830
vn 0.0589 0.9823 -0.1778
vn -0.1196 0.1390 0.9830
vn 0.9581 0.0901 0.2719
vn 0.4493 0.8787 -0.1617
vn -0.1032 0.5047 0.8571
vn 0.6421 -0.4224 -0.6398
vn 0.4176 -0.5130 0.7500
vn 0.1008 0.3617 0.9268
vn -0.9950 0.0672 0.0739
vn -0.4493 0.8426 -0.2969
vn 0.1032 0.6325 0.7677
vn -0.1195 0.6904 0.7135
vn -0.7722 0.5598 0.3004
vn -0.0545 0.8669 0.4955
vn -0.2222 0.7916 0.5692
vn 0.7723 0.5998 0.2093
vn -0.2223 0.9287 0.2968
vn -0.0590 0.5691 -0.8202
vn 0.1195 0.7934 0.5969
vn -0.7722 0.6253 0.1127
vn -0.0223 0.9638 0.2656
vn -0.9950 0.0978 0.0203
vn 0.4176 0.3052 0.8559
vn -0.1032 0.9901 0.0954
vn 0.3614 0.2677 -0.8932
vn 0.9598 -0.2790 0.0306
vn -0.0042 0.9667 0.2560
vn -0.0541 0.9926 -0.1089
vn -0.8082 0.5859 -0.0601
vn -0.5484 0.4631 0.6963
vn -0.9857 0.0092 -0.1681
vn 0.8082 -0.5493 -0.2125
vn 0.9857 -0.1254 0.1123
vn 0.9316 -0.2836 -0.2275
vn -0.7722 0.5721 -0.2763
vn 0.9949 0.0971 -0.0257
vn 0.9309 -0.3329 0.1500
vn -0.6843 0.3830 0.6205
vn -0.9950 0.0911 -0.0410
vn -0.2223 0.9258 -0.3058
vn 0.9581 0.2719 -0.0900
vn 0.8081 0.4949 -0.3195
vn 0.0171 0.6832 0.7300
vn -0.4493 -0.0220 -0.8931
vn -0.9582 0.2547 -0.1300
vn 0.9581 0.2307 -0.1697
vn -0.5180 0.6731 -0.5279
vn -0.2265 0.5370 -0.8126
vn 0.1195 0.8128 -0.5701
vn 0.0101 0.7126 -0.7015
vn 0.6195 0.7844 0.0305
vn -0.3450 -0.6327 -0.6933
vn -0.1196 0.4654 -0.8770
vn -0.0224 0.2656 -0.9638
vn -0.9307 -0.1295 0.3420
vn -0.3617 -0.8403 -0.4039
vn -0.2222 0.2968 -0.9287
vn -0.3450 -0.8160 -0.4639
vn 0.8082 0.0324 -0.5880
vn -0.3616 -0.9240 -0.1245
vn 0.8082 -0.1509 -0.5693
vn 0.6439 0.0803 0.7609
vn -0.9308 0.1503 0.3333
vn 0.9949 -0.0545 -0.0844
vn -0.1197 -0.1390 -0.9830
vn -0.4493 -0.8562 -0.2551
vn -0.9949 -0.0549 -0.0850
vn 0.3450 -0.9376 -0.0427
vn -0.0245 -0.6011 -0.7988
vn 0.9949 -0.0675 -0.0754
vn 0.0543 -0.5474 -0.8351
vn -0.6844 0.4717 -0.5560
vn -0.9949 -0.0869 -0.0505
vn 0.0246 -0.7185 -0.6950
vn -0.9307 0.3177 0.1814
vn 0.9949 -0.0873 -0.0499
vn 0.9309 0.3171 0.1812
vn -0.4493 -0.8426 0.2969
vn 0.0543 -0.7787 -0.6251
vn -0.5181 -0.7100 -0.4769
vn -0.1032 -0.7449 -0.6591
vn 0.3615 -0.5306 0.7667
vn -0.6871 -0.5346 0.4921
vn 0.5949 -0.7753 -0.2124
vn 0.9583 -0.2720 -0.0882
vn -0.3616 -0.4039 0.8403
vn -0.6433 0.7373 -0.2063
vn -0.6843 -0.1726 -0.7085
vn 0.9581 -0.2864 0.0016
vn 0.5949 -0.7520 0.2839
vn 0.4176 -0.5547 -0.7196
vn -0.0194 -0.7869 0.6168
vn -0.1032 -0.8571 0.5047
vn 0.9316 0.3039 -0.1993
vn 0.1195 -0.9492 0.2911
vn 0.3615 0.3084 0.8799
vn 0.6195 -0.6167 -0.4857
vn -0.5484 -0.7839 -0.2911
vn -0.9949 -0.0639 0.0785
vn -0.1119 -0.4921 0.8633
vn 0.6203 -0.7758 -0.1155
vn 0.9316 0.2274 -0.2834
vn 0.9949 -0.0508 0.0875
vn 0.1195 -0.8128 0.5702
vn -0.6843 -0.6746 -0.2768
vn 0.6432 0.0365 -0.7648
vn 0.0194 -0.4212 0.9067
vn -0.3616 0.8403 0.4039
vn 0.7722 -0.0137 0.6352
vn -0.1196 -0.1716 0.9779
vn -0.4493 0.7354 0.5072
vn -0.6431 -0.2063 -0.7375
vn 0.4493 0.8058 0.3857
vn -0.5181 0.0315 0.8548
vn -0.6420 -0.5159 -0.5672
vn 0.3615 0.9321 -0.0215
vn 0.9949 0.0409 0.0926
vn 0.1195 -0.0165 0.9927
vn 0.0787 0.3397 0.9373
vn 0.9315 -0.1994 -0.3041
vn 0.9857 0.1123 0.1254
vn -0.6844 -0.4717 0.5560
vn -0.5181 0.5279 0.6730
vn -0.1119 0.6690 0.7348
vn -0.0104 0.5820 0.8131
vn 0.3450 0.9049 -0.2491
vn 0.3615 0.7415 -0.5652
vn -0.6844 -0.2768 0.6746
vn 0.0195 0.7321 0.6809
vn 0.0542 0.7788 0.6249
vn 0.7035 0.5832 -0.4062
vn -0.3616 0.6438 -0.6744
vn 0.0246 0.8981 0.4391
vn -0.6871 0.5346 -0.4921
vn -0.9583 0.2548 0.1297
vn 0.4773 0.6737 -0.5642
vn -0.9949 0.1000 -0.0103
vn -0.0102 0.9488 0.3158
vn -0.3615 0.4039 -0.8403
vn 0.9949 0.0999 -0.0109
vn -0.1196 0.9779 0.1716
vn 0.1541 0.9859 0.0653
vn 0.7035 0.2330 -0.6714
vn -0.6429 -0.7376 0.2064
vn -0.3616 0.1245 -0.9240
vn -0.9598 -0.1888 -0.2077
vn -0.9308 0.0390 0.3635
vn -0.9306 -0.3531 0.0964
vn 0.9598 -0.0134 0.2804
vn -0.4493 0.2551 -0.8562
vn 0.2265 0.9544 -0.1947
vn 0.8082 0.5693 -0.1509
vn 0.9949 0.0926 -0.0409
vn -0.0590 -0.0217 -0.9980
vn 0.1195 0.9927 0.0165
vn 0.0543 0.9634 -0.2627
vn 0.6441 -0.6991 0.3104
vn 0.5484 0.5662 0.6154
vn 0.0195 0.9812 -0.1922
vn 0.0173 0.4242 0.9054
vn -0.9949 0.0850 -0.0549
vn -0.6409 -0.6405 0.4231
vn -0.0543 0.9104 -0.4102
vn -0.3615 -0.1672 -0.9173
vn 0.4493 0.1178 -0.8856
vn -0.8082 0.5386 -0.2382
vn -0.1048 0.9678 -0.2289
vn -0.1196 0.9830 -0.1390
vn -0.1119 0.9056 -0.4091
vn -0.0100 0.9533 -0.3018
vn -0.6407 -0.4820 0.5977
vn 0.4177 0.7500 0.5129
vn 0.9949 0.0754 -0.0675
vn 0.6433 -0.5665 0.5151
vn 0.3615 -0.3084 -0.8799
vn 0.2264 0.8475 -0.4801
vn 0.0245 0.8831 -0.4686
vn 0.1009 0.9268 -0.3617
vn 0.0786 0.7864 -0.6127
vn -0.9949 0.0639 -0.0785
vn 0.4493 -0.1616 -0.8786
vn -0.0543 0.7391 -0.6714
vn 0.0543 0.8351 -0.5475
vn -0.0102 0.8136 -0.5813
vn -0.9313 -0.3046 0.1998
vn -0.3615 -0.4424 -0.8207
vn -0.2264 0.7618 -0.6070
vn -0.8082 0.4386 -0.3930
vn -0.1196 0.8920 -0.4359
vn -0.1119 0.7348 -0.6690
vn -0.4493 -0.2969 -0.8426
vn 0.2264 0.6577 -0.7185
vn 0.8081 0.3719 -0.4567
vn 0.9949 0.0508 -0.0875
vn -0.6430 -0.2750 0.7147
vn 0.9310 -0.2291 0.2840
vn 0.3615 -0.5652 -0.7415
vn 0.5484 0.8197 0.1651
vn -0.0044 0.7753 -0.6316
vn 0.0195 0.6809 -0.7321
vn -0.9583 0.2021 -0.2023
vn -0.5484 0.8355 0.0346
vn -0.9949 0.0505 -0.0869
vn 0.0544 0.6250 -0.7787
vn -0.9949 0.0211 -0.0982
vn -0.0545 0.4954 -0.8669
vn -0.3615 -0.6744 -0.6438
vn 0.4493 -0.4251 -0.7857
vn -0.8082 0.2957 -0.5093
vn -0.1032 0.6592 -0.7449
vn -0.0194 0.5577 -0.8298
vn -0.0101 0.5937 -0.8046
vn -0.0194 0.2739 -0.9616
vn 0.2264 0.4035 -0.8865
vn 0.8082 0.2125 -0.5493
vn 0.9949 0.0363 -0.0937
vn 0.6442 -0.2748 0.7138
vn -0.6421 -0.0361 0.7658
vn 0.1543 0.3670 -0.9174
vn 0.9598 -0.0994 0.2625
vn 0.3617 -0.7666 -0.5306
vn 0.0171 0.9818 0.1889
vn 0.1009 0.5372 -0.8374
vn -0.9582 0.1297 -0.2548
vn 0.0194 0.4212 -0.9068
vn 0.1980 0.2847 -0.9379
vn -0.1980 0.1343 -0.9709
vn -0.9949 -0.0103 -0.1000
vn -0.1546 0.2190 -0.9634
vn 0.3451 -0.7335 -0.5856
vn -0.8082 0.1239 -0.5757
vn -0.1048 0.3836 -0.9175
vn 0.6494 0.7574 -0.0682
vn -0.1032 0.0955 -0.9901
vn 0.6437 -0.1542 0.7495
vn 0.9949 0.0055 -0.1003
vn 0.1195 0.3225 -0.9390
vn 0.0171 0.9922 -0.1237
vn 0.1543 0.0656 -0.9858
vn 0.3616 -0.8931 -0.2677
vn 0.5181 0.1028 -0.8491
vn 0.2264 0.1097 -0.9678
vn 0.0194 0.1205 -0.9925
vn -0.9582 0.0445 -0.2825
vn 0.1981 -0.0191 -0.9800
vn -0.9949 -0.0265 -0.0970
vn -0.0541 -0.1089 -0.9926
vn 0.7035 -0.6714 -0.2331
vn -0.8083 -0.0601 -0.5858
vn -0.2222 -0.0047 -0.9750
vn 0.6492 0.6994 -0.2990
vn -0.1981 -0.1723 -0.9649
vn 0.3450 -0.8785 -0.3303
vn -0.1981 -0.4620 -0.8644
vn 0.2264 -0.1947 -0.9544
vn 0.9949 -0.0257 -0.0971
vn 0.9311 0.0388 0.3628
vn -0.9598 0.1888 0.2077
vn 0.9949 -0.0413 -0.0917
vn -0.0590 -0.9980 0.0217
vn 0.0172 0.9054 -0.4242
vn 0.6443 0.3103 0.6990
vn 0.9310 0.1499 0.3328
vn 0.5180 -0.1646 -0.8394
vn 0.0195 -0.1922 -0.9812
vn 0.1195 0.0165 -0.9927
vn -0.9582 -0.0449 -0.2824
vn 0.1981 -0.3210 -0.9261
vn 0.9583 -0.0885 -0.2719
vn -0.9949 -0.0671 -0.0748
vn -0.6431 0.3109 0.6998
vn -0.0545 -0.4102 -0.9104
vn -0.2264 -0.3418 -0.9121
vn -0.8082 -0.2382 -0.5386
vn -0.0195 -0.3436 -0.9389
vn -0.0171 0.8263 -0.5630
vn -0.3616 -0.9172 0.1672
vn -0.4493 -0.8931 0.0219
vn 0.2264 -0.4801 -0.8475
vn 0.8082 -0.3194 -0.4948
vn 0.6195 0.4857 -0.6167
vn -0.0590 -0.9425 0.3291
vn 0.1194 -0.2913 -0.9492
vn 0.9949 -0.0779 -0.0634
vn 0.9315 0.2446 0.2692
vn 0.0101 -0.4471 -0.8944
vn 0.1118 -0.5456 -0.8305
vn -0.0543 -0.6714 -0.7391
vn 0.6493 0.3900 -0.6529
vn 0.7035 -0.6802 0.2061
vn -0.6429 0.5956 0.4817
vn -0.6427 0.4215 0.6398
vn 0.4493 -0.8786 0.1616
vn -0.2264 -0.6069 -0.7618
vn -0.8082 -0.3930 -0.4386
vn -0.5484 0.2911 -0.7839
vn -0.1196 -0.4360 -0.8920
vn -0.3616 -0.8207 0.4425
vn -0.1119 -0.8633 -0.4921
vn 0.2264 -0.7184 -0.6577
vn 0.8082 -0.4567 -0.3719
vn 0.6439 0.5949 0.4812
vn 0.9949 -0.0875 -0.0509
vn 0.0169 0.4830 -0.8754
vn 0.3615 -0.7415 0.5652
vn 0.6195 0.2714 -0.7366
vn 0.0786 -0.8258 -0.5585
vn 0.1008 -0.6305 -0.7696
vn -0.9583 -0.2023 -0.2021
vn -0.0543 -0.8669 -0.4955
vn 0.9581 -0.2327 -0.1670
vn -0.9949 -0.0944 -0.0365
vn -0.6432 0.7146 0.2750
vn 0.4493 -0.7857 0.4253
vn -0.8082 -0.5093 -0.2957
vn -0.2264 -0.8126 -0.5370
vn -0.0174 0.3377 -0.9411
vn -0.3616 -0.6438 0.6744
vn -0.1981 -0.9709 -0.1343
vn 0.1981 -0.9379 -0.2847
vn 0.1048 -0.8461 -0.5227
vn -0.2223 -0.9287 -0.2968
vn 0.9949 -0.0990 -0.0213
vn 0.6444 0.7136 0.2749
vn 0.9310 0.3413 0.1293
vn 0.0175 0.1891 -0.9818
vn -0.9582 -0.2549 -0.1296
vn 0.6434 0.7647 0.0364
vn 0.9949 -0.1003 -0.0055
vn -0.3450 -0.6933 0.6327
vn 0.7722 -0.5999 -0.2093
vn 0.0195 -0.9067 -0.4213
vn 0.1195 -0.7934 -0.5968
vn -0.9950 -0.0978 -0.0203
vn 0.6491 -0.0683 -0.7576
vn -0.9949 -0.1000 0.0103
vn -0.9308 0.3419 0.1294
vn -0.6423 0.7656 0.0362
vn -0.1545 -0.9634 -0.2189
vn -0.8082 -0.5757 -0.1239
vn -0.1032 -0.9121 -0.3967
vn -0.0195 -0.9615 -0.2740
vn 0.3450 -0.5856 0.7335
vn -0.4493 -0.5072 0.7354
vn 0.2264 -0.9678 -0.1097
vn 0.8082 -0.5881 -0.0324
vn 0.9598 0.2804 0.0134
vn 0.3616 -0.2677 0.8931
vn 0.6195 -0.2134 -0.7554
vn 0.0194 -0.9925 -0.1204
vn 0.1009 -0.9624 -0.2521
vn 0.0102 -0.9864 -0.1640
vn -0.1008 -0.9900 -0.0983
vn 0.4493 -0.3857 0.8058
vn 0.0544 -0.9974 -0.0479
vn -0.9314 0.3618 -0.0397
vn -0.9949 -0.0970 0.0265
vn -0.0544 -0.9926 0.1088
vn -0.8082 -0.5858 0.0601
vn -0.2264 -0.9731 0.0432
vn -0.6195 -0.3291 -0.7127
vn -0.1119 -0.9877 0.1093
vn -0.0102 -0.9999 -0.0075
vn -0.3616 -0.1245 0.9240
vn -0.6203 -0.6389 -0.4549
vn 0.0194 -0.9812 0.1922
vn 0.8082 -0.5693 0.1509
vn 0.9949 -0.0971 0.0257
vn 0.6420 0.7623 -0.0816
vn -0.0590 0.0217 0.9980
vn 0.1195 -0.9927 -0.0165
vn 0.1542 -0.9578 0.2424
vn 0.0171 -0.4243 -0.9054
vn -0.9582 -0.2824 0.0449
vn 0.6443 0.6990 -0.3102
vn 0.9598 0.2708 -0.0739
vn 0.1048 -0.9917 0.0744
vn 0.1981 -0.9261 0.3210
vn -0.0543 -0.9104 0.4102
vn 0.7035 -0.0142 0.7106
vn -0.9949 -0.0850 0.0549
vn -0.6412 0.6403 -0.4229
vn -0.9315 0.3504 -0.0972
vn -0.3616 0.1672 0.9172
vn 0.4493 -0.1178 0.8856
vn -0.8082 -0.5386 0.2382
vn -0.1032 -0.9711 0.2152
vn -0.6195 -0.5332 -0.5761
vn -0.0102 -0.9533 0.3019
vn 0.1542 -0.8361 0.5265
vn 0.2264 -0.8475 0.4801
vn 0.8082 -0.4948 0.3194
vn 0.9950 -0.0835 0.0548
vn -0.3450 0.1043 0.9328
vn 0.1981 -0.7816 0.5914
vn 0.0194 -0.8738 0.4860
vn -0.0043 -0.9325 0.3611
vn 0.0102 -0.8944 0.4471
vn -0.1196 -0.8920 0.4360
vn -0.0171 -0.7908 -0.6119
vn -0.6428 0.4817 -0.5956
vn -0.9598 0.2077 -0.1888
vn -0.0544 -0.7391 0.6714
vn -0.3616 0.4424 0.8207
vn 0.4493 0.1617 0.8786
vn -0.2223 -0.7860 0.5769
vn 0.9581 -0.2308 0.1697
vn -0.7722 -0.4587 0.4396
vn -0.4493 0.2968 0.8426
vn 0.4493 0.4252 0.7857
vn 0.8082 -0.3719 0.4567
vn 0.6420 0.4814 -0.5968
vn 0.6434 0.5665 -0.5150
vn 0.9949 -0.0634 0.0779
vn -0.9307 0.1815 -0.3177
vn 0.6442 0.2750 -0.7137
vn 0.9949 -0.0363 0.0937
vn -0.0590 0.6042 0.7947
vn 0.6195 -0.7366 -0.2714
vn 0.1032 -0.7677 0.6324
vn 0.0194 -0.6808 0.7322
vn 0.0171 -0.8754 -0.4831
vn -0.9949 -0.0505 0.0869
vn -0.0544 -0.4954 0.8670
vn 0.0544 -0.6251 0.7787
vn -0.0101 -0.5938 0.8045
vn 0.7035 0.4062 0.5832
vn -0.9949 -0.0211 0.0982
vn -0.6432 0.2751 -0.7146
vn -0.3616 0.6744 0.6438
vn -0.8082 -0.2957 0.5093
vn -0.2264 -0.5370 0.8126
vn -0.6195 -0.7700 -0.1526
vn -0.1196 -0.7136 0.6903
vn 0.4176 -0.9083 0.0258
vn 0.1542 -0.3669 0.9174
vn 0.2264 -0.4034 0.8865
vn -0.1032 -0.3967 0.9121
vn 0.8082 -0.2125 0.5493
vn -0.6422 0.0363 -0.7657
vn 0.1009 -0.5372 0.8374
vn 0.0171 -0.9818 -0.1889
vn -0.9583 -0.1297 0.2548
vn 0.9598 0.0994 -0.2625
vn 0.3615 0.7667 0.5306
vn 0.0787 -0.2761 0.9579
vn 0.7035 0.5665 0.4291
vn -0.9598 0.0571 -0.2748
vn -0.1545 -0.2189 0.9635
vn -0.8082 -0.1239 0.5757
vn -0.2223 -0.2968 0.9287
vn -0.1981 -0.1343 0.9709
vn -0.0171 -0.9994 -0.0302
vn 0.3450 0.7335 0.5856
vn 0.8082 -0.0324 0.5881
vn 0.9949 -0.0055 0.1003
vn 0.9598 0.0134 -0.2804
vn -0.9313 -0.0398 -0.3620
vn 0.0171 -0.9922 0.1237
vn 0.9309 -0.0961 -0.3524
vn 0.9949 0.0257 0.0971
vn 0.0544 -0.0480 0.9974
vn 0.3616 0.8931 0.2677
vn 0.2223 -0.1480 0.9637
vn 0.1195 -0.3224 0.9390
vn -0.9582 -0.0445 0.2824
vn 0.0194 -0.1204 0.9925
vn 0.1981 0.0191 0.9800
vn -0.9949 0.0260 0.0979
vn -0.9949 0.0103 0.1000
vn -0.0102 -0.0075 0.9999
vn -0.0544 0.1088 0.9926
vn -0.3615 0.9240 0.1244
vn -0.8082 0.0601 0.5858
vn -0.1048 -0.0814 0.9912
vn -0.0194 0.0365 0.9991
vn -0.1981 0.1724 0.9649
vn 0.4493 0.8856 0.1177
vn -0.0195 0.3435 0.9390
vn 0.8082 0.1509 0.5693
vn 0.6438 -0.0804 -0.7610
vn -0.3451 0.9193 0.1891
vn 0.4175 -0.7197 0.5548
vn 0.2264 0.1947 0.9544
vn 0.0101 0.1488 0.9888
vn -0.0043 0.0552 0.9985
vn 0.0194 0.1922 0.9812
vn -0.5484 -0.5191 0.6556
vn -0.9949 0.0406 0.0919
vn 0.0544 0.2625 0.9634
vn -0.9949 0.0549 0.0850
vn -0.6404 -0.3131 -0.7013
vn -0.0543 0.4102 0.9104
vn -0.2264 0.3418 0.9121
vn -0.8082 0.2382 0.5386
vn -0.1008 0.2124 0.9720
vn -0.0101 0.3018 0.9533
vn -0.3615 0.9173 -0.1672
vn 0.8082 0.3194 0.4948
vn 0.9949 0.0545 0.0844
vn 0.6442 -0.3103 -0.6991
vn 0.9949 0.0675 0.0754
vn 0.0544 0.5475 0.8351
vn -0.1196 0.4361 0.8919
vn 0.6433 -0.5150 -0.5665
vn -0.0590 0.9425 -0.3291
vn -0.4493 0.8931 -0.0219
vn 0.5484 -0.4103 0.7286
vn 0.2264 0.4800 0.8475
vn 0.0171 -0.7300 0.6833
vn 0.1194 0.2911 0.9492
vn 0.0194 0.4860 0.8738
vn -0.9949 0.0671 0.0748
vn -0.9949 0.0869 0.0505
vn -0.6426 -0.5957 -0.4818
vn -0.0545 0.6713 0.7392
vn -0.8082 0.3930 0.4386
vn -0.2264 0.6069 0.7618
vn 0.9581 0.1697 0.2308
vn -0.3615 0.8207 -0.4424
vn -0.1981 0.7066 0.6794
vn 0.2264 0.7185 0.6576
vn 0.8081 0.4567 0.3719
vn 0.9950 0.0779 0.0625
vn 0.9309 -0.3172 -0.1813
vn -0.1008 0.7431 0.6615
vn -0.3450 0.8549 -0.3874
vn 0.6195 -0.2714 0.7366
vn 0.1194 0.5701 0.8128
vn 0.0171 -0.4831 0.8754
vn 0.0786 0.8257 0.5586
vn -0.1981 0.8819 0.4278
vn -0.9949 0.0944 0.0365
vn -0.6428 -0.7149 -0.2751
vn -0.9306 -0.3179 -0.1816
vn -0.1545 0.8486 0.5059
vn -0.8082 0.5093 0.2957
vn -0.2264 0.8126 0.5370
vn 0.6492 -0.1692 0.7416
vn -0.0245 0.8185 0.5739
vn 0.3450 0.7836 -0.5166
vn 0.8082 0.5493 0.2125
vn 0.9949 0.0937 0.0363
vn 0.6442 -0.6665 -0.3753
vn 0.9949 0.0984 0.0205
vn 0.0171 -0.1889 0.9818
vn 0.9315 -0.3561 -0.0740
vn 0.3616 0.5305 -0.7667
vn -0.4493 0.7097 -0.5427
vn 0.2264 0.8865 0.4035
vn 0.5484 0.0963 0.8307
vn 0.1009 0.8374 0.5372
vn -0.5484 0.2252 0.8053
vn -0.9949 0.0982 0.0211
vn -0.9949 0.1011 0.0055
vn -0.6423 -0.7507 -0.1544
vn -0.9598 -0.2748 -0.0571
vn -0.0545 0.9776 0.2034
vn -0.8082 0.5758 0.1239
vn -0.1047 0.9175 0.3838
vn -0.1197 0.8770 0.4654
vn 0.6830 0.0617 0.7278
vn -0.0194 0.9616 0.2739
vn 0.3450 0.5856 -0.7335
vn 0.0195 0.9925 0.1204
vn 0.2264 0.9678 0.1097
vn 0.8082 0.5880 0.0324
vn 0.6421 -0.7510 -0.1538
vn 0.9949 0.1003 0.0055
vn -0.0590 0.2877 -0.9559
vn 0.1193 0.9391 0.3223
vn 0.6438 -0.7610 0.0804
vn 0.9308 -0.3525 0.0962
vn 0.9598 -0.2804 -0.0134
vn -0.4493 0.5072 -0.7354
vn 0.5484 0.3483 0.7602
vn 0.0172 0.1237 0.9922
vn -0.9582 0.2825 0.0446
vn -0.9949 0.0979 -0.0260
vn -0.6425 -0.7620 0.0806
vn -0.1544 0.9839 -0.0896
vn -0.2265 0.9731 -0.0432
vn 0.6493 0.2990 0.6993
vn -0.0244 0.9996 -0.0168
vn -0.1981 0.9649 -0.1723
vn 0.3450 0.3303 -0.8786
vn -0.7723 0.6295 -0.0860
vn -0.0000 0.6344 -0.7730
vn -0.0000 0.4714 -0.8819
vn -0.0000 0.2903 -0.9569
vn -0.6263 0.3675 -0.6876
vn -0.0000 0.0980 -0.9952
vn -0.6263 0.2263 -0.7460
vn -0.6244 0.0766 -0.7774
vn -0.6245 0.2268 -0.7474
vn -0.0000 -0.0980 -0.9952
vn -0.6246 0.0765 -0.7772
vn -0.6245 -0.0765 -0.7772
vn -0.0000 -0.2903 -0.9569
vn -0.6269 -0.0764 -0.7753
vn -0.6268 -0.2262 -0.7456
vn -0.0000 -0.4714 -0.8819
vn -0.6263 -0.2263 -0.7460
vn -0.6263 -0.3675 -0.6876
vn -0.0000 -0.6344 -0.7730
vn -0.6266 -0.3674 -0.6873
vn -0.6265 -0.4945 -0.6025
vn -0.0000 -0.7730 -0.6344
vn -0.6248 -0.4953 -0.6036
vn -0.6251 -0.6034 -0.4952
vn -0.0000 -0.8819 -0.4714
vn -0.6271 -0.6022 -0.4941
vn -0.6268 -0.6872 -0.3673
vn -0.0000 -0.9569 -0.2903
vn -0.0000 -0.9570 -0.2903
vn -0.6263 -0.6875 -0.3675
vn -0.6262 -0.7461 -0.2263
vn -0.0000 -0.9952 -0.0980
vn -0.6262 -0.7759 -0.0764
vn -0.0000 -0.9952 0.0980
vn -0.6260 -0.7760 -0.0764
vn -0.6260 -0.7760 0.0764
vn -0.0000 -0.9569 0.2903
vn -0.6262 -0.7759 0.0764
vn -0.6262 -0.7461 0.2263
vn -0.0000 -0.8819 0.4714
vn -0.6260 -0.7462 0.2264
vn -0.6260 -0.6877 0.3676
vn -0.0000 -0.7730 0.6344
vn -0.6260 -0.6878 0.3676
vn -0.6259 -0.6028 0.4947
vn -0.9763 -0.2070 0.0628
vn -0.0000 -0.6344 0.7730
vn -0.6260 -0.6028 0.4947
vn -0.6260 -0.4947 0.6028
vn -0.9763 -0.1908 0.1020
vn -0.0000 -0.4714 0.8819
vn -0.6259 -0.4947 0.6028
vn -0.6260 -0.3676 0.6878
vn -0.9763 -0.1672 0.1372
vn -0.0000 -0.2903 0.9569
vn -0.6260 -0.2264 0.7463
vn -0.9763 -0.1372 0.1672
vn -0.0000 -0.0980 0.9952
vn -0.6259 -0.2264 0.7463
vn -0.6259 -0.0765 0.7761
vn -0.9763 -0.1020 0.1908
vn -0.0000 0.0980 0.9952
vn -0.6261 -0.0764 0.7760
vn -0.6261 0.0764 0.7760
vn -0.9763 -0.0628 0.2070
vn -0.0000 0.2903 0.9569
vn -0.6259 0.0764 0.7761
vn -0.6260 0.2264 0.7463
vn -0.9763 -0.0212 0.2153
vn -0.0000 0.4714 0.8819
vn -0.6261 0.2264 0.7462
vn -0.6261 0.3676 0.6877
vn -0.9763 0.0212 0.2153
vn -0.0000 0.6344 0.7730
vn -0.6256 0.3677 0.6880
vn -0.6255 0.4950 0.6031
vn -0.9763 0.0628 0.2070
vn -0.0000 0.7730 0.6344
vn -0.6251 0.4952 0.6034
vn -0.6249 0.6035 0.4953
vn -0.9763 0.1020 0.1908
vn -0.0000 0.8819 0.4714
vn -0.6267 0.6024 0.4943
vn -0.6268 0.6872 0.3673
vn -0.9763 0.1372 0.1672
vn -0.0000 0.9569 0.2903
vn -0.6241 0.6891 0.3684
vn -0.6239 0.7479 0.2269
vn -0.9763 0.1672 0.1372
vn -0.0000 0.9952 0.0981
vn -0.6245 0.7474 0.2267
vn -0.6244 0.7773 0.0766
vn -0.9763 0.1908 0.1020
vn -0.0000 0.9952 -0.0981
vn -0.6270 0.7752 0.0763
vn -0.6270 0.7752 -0.0764
vn -0.9763 0.2070 0.0628
vn -0.0000 0.9569 -0.2903
vn -0.6244 0.7773 -0.0765
vn -0.6245 0.7474 -0.2267
vn -0.9763 0.2153 0.0212
vn -0.0000 0.8819 -0.4714
vn -0.6240 0.7477 -0.2268
vn -0.6243 0.6889 -0.3682
vn -0.9763 0.2153 -0.0212
vn -0.0000 0.7730 -0.6344
vn -0.6276 0.6018 -0.4939
vn -0.6275 0.6867 -0.3671
vn -0.6258 0.4948 -0.6029
vn -0.6255 0.6032 -0.4949
vn -0.6261 0.4946 -0.6028
vn -0.9763 0.2070 -0.0628
vn -0.9763 0.1908 -0.1020
vn -0.9763 0.1672 -0.1372
vn -0.9763 0.1372 -0.1672
vn -0.9941 0.1082 -0.0107
vn -0.9941 0.1041 -0.0316
vn -0.9941 0.1083 -0.0107
vn -0.9941 0.1082 0.0107
vn -1.0000 -0.0000 -0.0000
vn -0.9941 0.1082 0.0106
vn -0.9941 0.1040 -0.0315
vn -0.9941 0.0958 -0.0512
vn -0.9941 0.1040 0.0316
vn -0.9941 0.1040 0.0315
vn -0.9941 0.0960 -0.0513
vn -0.9941 0.0841 -0.0691
vn -0.9941 0.0958 0.0512
vn -0.9941 0.0960 0.0513
vn -0.9941 0.0841 -0.0690
vn -0.9941 0.0841 0.0690
vn -0.9941 0.0690 -0.0841
vn -0.9763 0.1020 -0.1908
vn -0.9941 0.0690 0.0841
vn -0.9941 0.0513 -0.0960
vn -0.9763 0.0628 -0.2070
vn -0.9941 0.0513 0.0959
vn -0.9941 0.0316 0.1041
vn -0.9941 0.0316 -0.1041
vn -0.9763 0.0212 -0.2153
vn -0.9941 0.0316 -0.1042
vn -0.9941 0.0107 0.1082
vn -0.9941 0.0107 -0.1083
vn -0.9763 -0.0212 -0.2153
vn -0.9941 0.0107 -0.1082
vn -0.9941 -0.0107 0.1082
vn -0.9941 -0.0107 -0.1082
vn -0.9763 -0.0628 -0.2070
vn -0.9941 -0.0107 -0.1083
vn -0.9941 -0.0316 0.1041
vn -0.9941 -0.0316 -0.1042
vn -0.9763 -0.1020 -0.1908
vn -0.9941 -0.0316 -0.1041
vn -0.9941 -0.0513 0.0959
vn -0.9941 -0.0513 -0.0960
vn -0.9763 -0.1372 -0.1672
vn -0.9941 -0.0690 0.0841
vn -0.9941 -0.0690 -0.0841
vn -0.9763 -0.1672 -0.1372
vn -0.9941 -0.0841 0.0690
vn -0.9941 -0.0841 -0.0690
vn -0.9763 -0.1908 -0.1020
vn -0.9941 -0.0959 0.0513
vn -0.9941 -0.0960 -0.0513
vn -0.9763 -0.2070 -0.0628
vn -0.9941 -0.0959 -0.0513
vn -0.9941 -0.1041 -0.0316
vn -0.9763 -0.2153 -0.0212
vn -0.9941 -0.1041 0.0316
vn -0.9941 -0.1083 -0.0107
vn -0.9763 -0.2153 0.0212
vn -0.9941 -0.1083 0.0107
vn 0.7067 0.7041 -0.0694
vn 0.7068 0.6769 -0.2054
vn 0.7080 0.7028 -0.0692
vn 0.7080 0.7028 0.0693
vn 1.0000 -0.0000 -0.0000
vn 0.7071 0.6236 -0.3333
vn 0.7067 0.7041 0.0694
vn 0.7067 0.6770 0.2054
vn 0.7074 0.5464 -0.4484
vn 0.7064 0.5472 -0.4491
vn 0.7067 0.4489 -0.5469
vn 0.7061 0.4492 -0.5474
vn 0.7062 0.3337 -0.6244
vn 0.7065 0.3336 -0.6242
vn 0.7064 0.2055 -0.6773
vn 0.7067 0.2054 -0.6771
vn 0.7067 0.0694 -0.7041
vn 0.7060 0.0694 -0.7048
vn 0.7060 -0.0694 -0.7048
vn 0.7067 -0.0693 -0.7041
vn 0.7067 -0.2054 -0.6771
vn 0.7065 -0.2055 -0.6773
vn 0.7065 -0.3336 -0.6242
vn 0.7065 -0.3336 -0.6241
vn 0.7066 -0.4489 -0.5470
vn 0.7076 -0.4483 -0.5462
vn 0.7075 -0.5463 -0.4483
vn 0.7077 -0.5461 -0.4482
vn 0.7075 -0.6232 -0.3331
vn 0.7076 -0.6231 -0.3331
vn 0.7074 -0.6764 -0.2052
vn 0.7072 -0.6766 -0.2052
vn 0.7071 -0.7037 -0.0693
vn 0.7070 -0.7038 -0.0693
vn 0.7070 -0.7038 0.0693
vn 0.7071 -0.7037 0.0693
vn 0.7071 -0.6766 0.2052
vn 0.7070 -0.6767 0.2053
vn 0.7071 -0.6237 0.3334
vn 0.7071 -0.6236 0.3333
vn 0.7071 -0.5466 0.4486
vn 0.7071 -0.4486 0.5466
vn 0.7069 -0.4487 0.5467
vn 0.7069 -0.3334 0.6238
vn 0.7070 -0.3334 0.6237
vn 0.7070 -0.2053 0.6767
vn 0.7071 -0.2053 0.6767
vn 0.7071 -0.0693 0.7037
vn 0.7070 -0.0693 0.7038
vn 0.7070 0.0693 0.7038
vn 0.7069 0.0693 0.7039
vn 0.7070 0.2053 0.6768
vn 0.7070 0.2053 0.6767
vn 0.7071 0.3333 0.6237
vn 0.7065 0.3336 0.6241
vn 0.7064 0.4490 0.5471
vn 0.7062 0.4492 0.5473
vn 0.7060 0.5475 0.4493
vn 0.7066 0.5470 0.4489
vn 0.7066 0.6241 0.3336
vn 0.7065 0.6242 0.3336
vn 0.7065 0.6773 0.2054
vn 0.7084 -0.6224 -0.3328
vn 0.7067 -0.6771 -0.2054
vn 0.7085 -0.6753 -0.2049
vn 0.7080 -0.7028 -0.0692
vn 0.7067 -0.7041 -0.0693
vn 0.7086 -0.7023 0.0692
vn 0.7080 -0.7028 0.0692
vn 0.7082 -0.6756 0.2050
vn 0.7062 -0.6775 0.2056
vn 0.7061 -0.6245 0.3338
vn 0.7074 -0.5463 0.4484
vn 0.7079 -0.5459 0.4481
vn 0.7080 -0.4481 0.5459
vn 0.7061 -0.4492 0.5474
vn 0.7062 -0.3337 0.6244
vn 0.7065 -0.3336 0.6242
vn 0.7064 -0.2054 0.6773
vn 0.7086 -0.2049 0.6752
vn -0.0000 -0.2902 0.9570
vn 0.7087 -0.0692 0.7021
vn 0.7081 -0.0692 0.7027
vn 0.7081 0.0692 0.7027
vn 0.7087 0.0691 0.7021
vn 0.7087 0.2048 0.6752
vn 0.7065 0.2055 0.6773
vn 0.7065 0.3336 0.6242
vn 0.7065 0.4490 0.5471
vn 0.7076 0.4483 0.5463
vn 0.7075 0.5463 0.4484
vn 0.7079 0.5460 0.4481
vn 0.7077 0.6231 0.3331
vn 0.7067 0.6240 0.3335
vn 0.7068 0.6769 0.2053
vn 0.7070 0.6768 0.2053
vn 0.7069 0.7039 0.0693
vn 0.7070 0.7038 0.0693
vn -0.0000 0.9952 0.0980
vn 0.7070 0.7038 -0.0693
vn 0.7069 0.7039 -0.0693
vn -0.0000 0.9952 -0.0980
vn 0.7069 0.6768 -0.2053
vn 0.7071 0.6767 -0.2053
vn 0.7071 0.5466 -0.4486
vn 0.7071 0.4486 -0.5466
vn 0.7071 0.3333 -0.6236
vn 0.7070 0.3334 -0.6237
vn 0.7070 0.2053 -0.6767
vn 0.7071 0.2053 -0.6767
vn 0.7071 0.0693 -0.7037
vn 0.7068 0.0693 -0.7040
vn 0.7068 -0.0693 -0.7040
vn 0.7069 -0.0693 -0.7040
vn 0.7069 -0.2053 -0.6769
vn 0.7070 -0.2053 -0.6768
vn 0.7070 -0.3334 -0.6237
vn 0.7077 -0.3330 -0.6231
vn 0.7079 -0.4481 -0.5460
vn 0.7075 -0.4484 -0.5463
vn 0.7076 -0.5462 -0.4483
vn 0.7066 -0.5470 -0.4489
vn 0.7066 -0.6241 -0.3336
vn 0.6294 -0.6007 -0.4930
vn -0.0000 -0.9952 -0.0979
vn 0.6281 -0.6863 -0.3668
vn 0.6294 -0.6853 -0.3664
vn 0.6298 -0.7433 -0.2255
vn 0.6281 -0.7447 -0.2258
vn 0.6277 -0.7747 -0.0762
vn 0.6298 -0.7730 -0.0762
vn 0.6286 -0.7740 0.0762
vn 0.6277 -0.7747 0.0764
vn 0.6288 -0.7441 0.2257
vn 0.6281 -0.7447 0.2259
vn 0.9779 -0.2082 0.0205
vn 0.9779 -0.2003 0.0607
vn 0.6281 -0.6862 0.3669
vn 0.6295 -0.6852 0.3662
vn 0.9779 -0.2002 0.0608
vn 0.9779 -0.1845 0.0987
vn 0.6295 -0.6006 0.4929
vn 0.6286 -0.6011 0.4934
vn 0.9779 -0.1845 0.0986
vn 0.9779 -0.1618 0.1327
vn 0.6286 -0.4934 0.6012
vn 0.6295 -0.4929 0.6006
vn 0.9779 -0.1327 0.1618
vn 0.6295 -0.3663 0.6852
vn 0.6281 -0.3668 0.6862
vn 0.9779 -0.0987 0.1845
vn 0.6281 -0.2258 0.7447
vn 0.6285 -0.2258 0.7443
vn 0.9779 -0.0986 0.1845
vn 0.9779 -0.0607 0.2002
vn 0.6285 -0.0762 0.7741
vn 0.6290 -0.0762 0.7737
vn 0.9779 -0.0608 0.2002
vn 0.9779 -0.0205 0.2083
vn 0.6290 0.0762 0.7737
vn 0.6285 0.0763 0.7741
vn 0.9779 0.0205 0.2083
vn 0.6285 0.2257 0.7444
vn 0.6281 0.2259 0.7446
vn 0.9779 0.0205 0.2082
vn 0.9779 0.0607 0.2002
vn 0.6281 0.3668 0.6862
vn 0.6294 0.3663 0.6853
vn 0.9779 0.0608 0.2002
vn 0.9779 0.0987 0.1845
vn 0.6294 0.4930 0.6007
vn 0.6287 0.4933 0.6011
vn 0.9779 0.0986 0.1846
vn 0.9779 0.1327 0.1618
vn 0.6287 0.6011 0.4933
vn 0.6290 0.6009 0.4932
vn 0.9779 0.1618 0.1327
vn 0.6290 0.6856 0.3665
vn 0.6288 0.6858 0.3666
vn 0.9779 0.1845 0.0986
vn 0.6288 0.7441 0.2257
vn 0.9779 0.2002 0.0607
vn 0.6289 0.7738 0.0762
vn 0.6288 0.7738 0.0762
vn 0.9779 0.2082 0.0205
vn 0.6288 0.7738 -0.0762
vn 0.6289 0.7738 -0.0762
vn 0.9779 0.2082 -0.0205
vn 0.9945 0.1006 0.0305
vn 0.6289 0.7440 -0.2257
vn 0.6288 0.7441 -0.2257
vn 0.9945 0.1046 0.0103
vn 0.9945 0.0927 0.0496
vn 0.9945 0.1046 -0.0103
vn 0.9779 0.2002 -0.0607
vn 0.9945 0.1006 -0.0305
vn 0.9945 0.0813 0.0667
vn 0.9945 0.0927 -0.0496
vn 0.9945 0.0667 0.0813
vn 0.9779 0.1845 -0.0986
vn 0.6288 0.6858 -0.3666
vn 0.6288 0.6857 -0.3665
vn 0.6289 0.6010 -0.4932
vn 0.9779 0.1618 -0.1327
vn 0.6288 0.6011 -0.4933
vn 0.9945 0.0813 -0.0667
vn 0.9779 0.1617 -0.1327
vn 0.6288 0.4933 -0.6011
vn 0.9779 0.1327 -0.1618
vn 0.9945 0.0667 0.0812
vn 0.9945 0.0495 0.0927
vn 0.9945 0.0667 -0.0813
vn 0.6288 0.3666 -0.6858
vn 0.9779 0.0986 -0.1845
vn 0.6289 0.3665 -0.6857
vn 0.9945 0.0496 -0.0927
vn 0.6288 0.2257 -0.7441
vn 0.9779 0.0607 -0.2002
vn 0.9945 0.0496 0.0928
vn 0.9945 0.0305 0.1007
vn 0.9945 0.0305 -0.1006
vn 0.9945 0.0305 0.1006
vn 0.9945 0.0103 0.1046
vn 0.9945 0.0103 -0.1046
vn 0.9945 0.0103 0.1045
vn 0.9945 -0.0103 0.1045
vn 0.6288 0.0762 -0.7739
vn 0.9779 0.0205 -0.2082
vn 0.6290 0.0762 -0.7737
vn 0.6290 -0.0762 -0.7737
vn 0.9779 -0.0205 -0.2082
vn 0.6289 -0.0762 -0.7737
vn 0.9945 -0.0103 -0.1046
vn 0.6289 -0.2257 -0.7440
vn 0.9779 -0.0607 -0.2002
vn 0.6288 -0.2257 -0.7440
vn 0.9945 -0.0103 0.1046
vn 0.9945 -0.0305 0.1006
vn 0.9945 -0.0305 -0.1006
vn 0.9945 -0.0305 0.1007
vn 0.9945 -0.0496 0.0928
vn 0.9945 -0.0496 -0.0927
vn 0.9944 -0.0496 0.0928
vn 0.9944 -0.0668 0.0814
vn 0.6289 -0.3665 -0.6857
vn 0.9779 -0.0986 -0.1845
vn 0.6284 -0.3667 -0.6861
vn 0.6282 -0.4936 -0.6014
vn 0.9779 -0.1328 -0.1617
vn 0.6287 -0.4933 -0.6011
vn 0.6287 -0.6011 -0.4933
vn 0.9945 -0.0667 -0.0813
vn 0.9779 -0.1327 -0.1618
vn 0.9779 -0.1618 -0.1327
vn 0.9945 -0.0667 0.0813
vn 0.9945 -0.0813 0.0667
vn 0.9945 -0.0813 -0.0667
vn 0.9945 -0.0812 -0.0667
vn 0.9779 -0.1845 -0.0987
vn 0.9945 -0.0927 0.0496
vn 0.9945 -0.0927 -0.0495
vn 0.9779 -0.1845 -0.0986
vn 0.9945 -0.0928 -0.0496
vn 0.9779 -0.2002 -0.0607
vn 0.9945 -0.0928 0.0496
vn 0.9944 -0.1007 0.0306
vn 0.9945 -0.1007 -0.0305
vn 0.9779 -0.2002 -0.0608
vn 0.9945 -0.1006 -0.0305
vn 0.9779 -0.2082 -0.0205
vn 0.9945 -0.1006 0.0305
vn 0.9945 -0.1046 -0.0103
vn 0.9945 -0.1046 0.0103
s 0
usemtl rim_red
f 1720//2440 1721//2440 1722//2440
f 1720//2441 1722//2441 1723//2441
f 1723//2441 1722//2441 1724//2441
f 1723//2442 1724//2442 1725//2442
f 1725//2442 1724//2442 1726//2442
f 1720//2443 1723//2443 1727//2443
f 1725//2444 1726//2444 1728//2444
f 1728//2444 1726//2444 1729//2444
f 1723//2445 1725//2445 1730//2445
f 1727//2443 1723//2443 1730//2443
f 1725//2446 1728//2446 1731//2446
f 1730//2447 1725//2447 1731//2447
f 1728//2448 1729//2448 1732//2448
f 1732//2448 1729//2448 1733//2448
f 1731//2449 1728//2449 1734//2449
f 1728//2450 1732//2450 1734//2450
f 1732//2451 1733//2451 1735//2451
f 1735//2451 1733//2451 1736//2451
f 1734//2452 1732//2452 1737//2452
f 1732//2453 1735//2453 1737//2453
f 1735//2454 1736//2454 1738//2454
f 1738//2454 1736//2454 1739//2454
f 1737//2455 1735//2455 1740//2455
f 1735//2456 1738//2456 1740//2456
f 1738//2457 1739//2457 1741//2457
f 1741//2457 1739//2457 1742//2457
f 1740//2458 1738//2458 1743//2458
f 1738//2459 1741//2459 1743//2459
f 1741//2460 1742//2460 1744//2460
f 1744//2460 1742//2460 1745//2460
f 1743//2461 1741//2461 1746//2461
f 1741//2462 1744//2462 1746//2462
f 1744//2463 1745//2463 1747//2463
f 1747//2463 1745//2463 1748//2463
f 1746//2464 1744//2464 1749//2464
f 1744//2465 1747//2465 1749//2465
f 1747//2466 1748//2466 1750//2466
f 1750//2467 1748//2467 1751//2467
f 1749//2468 1747//2468 1752//2468
f 1747//2469 1750//2469 1752//2469
f 1750//2470 1751//2470 1753//2470
f 1753//2470 1751//2470 1754//2470
f 1752//2469 1750//2469 1755//2469
f 1750//2471 1753//2471 1755//2471
f 1753//2472 1754//2472 1756//2472
f 1756//2472 1754//2472 1757//2472
f 1755//2473 1753//2473 1758//2473
f 1753//2474 1756//2474 1758//2474
f 1756//2475 1757//2475 1759//2475
f 1759//2475 1757//2475 1760//2475
f 1758//2476 1756//2476 1761//2476
f 1756//2477 1759//2477 1761//2477
f 1759//2478 1760//2478 1762//2478
f 1762//2478 1760//2478 1763//2478
f 1761//2479 1759//2479 1764//2479
f 1759//2480 1762//2480 1764//2480
f 1762//2481 1763//2481 1765//2481
f 1765//2481 1763//2481 1766//2481
f 1764//2482 1762//2482 1767//2482
f 1762//2483 1765//2483 1767//2483
f 1761//2484 1764//2484 1768//2484
f 1765//2485 1769//2485 1770//2485
f 1770//2485 1766//2485 1771//2485
f 1767//2486 1765//2486 1772//2486
f 1765//2487 1770//2487 1772//2487
f 1764//2488 1767//2488 1773//2488
f 1768//2484 1764//2484 1773//2484
f 1770//2489 1771//2489 1774//2489
f 1774//2489 1771//2489 1775//2489
f 1772//2490 1770//2490 1776//2490
f 1770//2491 1774//2491 1776//2491
f 1767//2492 1772//2492 1777//2492
f 1773//2488 1767//2488 1777//2488
f 1774//2493 1775//2493 1778//2493
f 1778//2493 1775//2493 1779//2493
f 1776//2491 1774//2491 1780//2491
f 1774//2494 1778//2494 1780//2494
f 1772//2495 1776//2495 1781//2495
f 1777//2492 1772//2492 1781//2492
f 1778//2496 1779//2496 1782//2496
f 1782//2496 1779//2496 1783//2496
f 1780//2497 1778//2497 1784//2497
f 1778//2498 1782//2498 1784//2498
f 1776//2499 1780//2499 1785//2499
f 1781//2495 1776//2495 1785//2495
f 1782//2500 1783//2500 1786//2500
f 1786//2500 1783//2500 1787//2500
f 1784//2501 1782//2501 1788//2501
f 1782//2502 1786//2502 1788//2502
f 1780//2503 1784//2503 1789//2503
f 1785//2499 1780//2499 1789//2499
f 1786//2504 1787//2504 1790//2504
f 1790//2504 1787//2504 1791//2504
f 1788//2505 1786//2505 1792//2505
f 1786//2506 1790//2506 1792//2506
f 1784//2507 1788//2507 1793//2507
f 1789//2503 1784//2503 1793//2503
f 1790//2508 1791//2508 1794//2508
f 1794//2508 1791//2508 1795//2508
f 1792//2509 1790//2509 1796//2509
f 1790//2510 1794//2510 1796//2510
f 1788//2511 1792//2511 1797//2511
f 1793//2507 1788//2507 1797//2507
f 1794//2512 1795//2512 1798//2512
f 1798//2512 1795//2512 1799//2512
f 1796//2513 1794//2513 1800//2513
f 1794//2514 1798//2514 1800//2514
f 1792//2515 1796//2515 1801//2515
f 1797//2511 1792//2511 1801//2511
f 1798//2516 1799//2516 1802//2516
f 1802//2516 1799//2516 1803//2516
f 1800//2517 1798//2517 1804//2517
f 1798//2518 1802//2518 1804//2518
f 1796//2519 1800//2519 1805//2519
f 1801//2515 1796//2515 1805//2515
f 1802//2520 1803//2520 1806//2520
f 1806//2520 1803//2520 1807//2520
f 1804//2521 1802//2521 1808//2521
f 1802//2522 1806//2522 1808//2522
f 1800//2523 1804//2523 1809//2523
f 1805//2519 1800//2519 1809//2519
f 1806//2524 1807//2524 1810//2524
f 1810//2524 1807//2524 1811//2524
f 1808//2525 1806//2525 1812//2525
f 1806//2526 1810//2526 1812//2526
f 1804//2527 1808//2527 1813//2527
f 1809//2523 1804//2523 1813//2523
f 1810//2528 1811//2528 1814//2528
f 1814//2528 1811//2528 1815//2528
f 1812//2529 1810//2529 1816//2529
f 1810//2530 1814//2530 1816//2530
f 1808//2531 1812//2531 1817//2531
f 1813//2527 1808//2527 1817//2527
f 1814//2532 1815//2532 1818//2532
f 1818//2532 1815//2532 1819//2532
f 1816//2533 1814//2533 1820//2533
f 1818//2534 1820//2534 1814//2534
f 1812//2535 1816//2535 1821//2535
f 1817//2531 1812//2531 1821//2531
f 1818//2536 1819//2536 1822//2536
f 1822//2536 1819//2536 1823//2536
f 1824//2537 1820//2537 1818//2537
f 1818//2538 1822//2538 1824//2538
f 1816//2539 1820//2539 1825//2539
f 1821//2535 1816//2535 1825//2535
f 1822//2540 1823//2540 1826//2540
f 1826//2540 1823//2540 1827//2540
f 1824//2541 1822//2541 1828//2541
f 1822//2542 1826//2542 1828//2542
f 1820//2543 1824//2543 1829//2543
f 1825//2539 1820//2539 1829//2539
f 1826//2544 1827//2544 1830//2544
f 1830//2544 1827//2544 1831//2544
f 1830//2440 1831//2440 1720//2440
f 1826//2545 1830//2545 1832//2545
f 1828//2546 1826//2546 1832//2546
f 1830//2547 1720//2547 1833//2547
f 1832//2548 1830//2548 1833//2548
f 1833//2549 1720//2549 1727//2549
f 1824//2550 1828//2550 1834//2550
f 1829//2543 1824//2543 1834//2543
f 1828//2551 1832//2551 1835//2551
f 1834//2550 1828//2550 1835//2550
f 1832//2552 1833//2552 1836//2552
f 1835//2551 1832//2551 1836//2551
f 1833//2553 1727//2553 1837//2553
f 1836//2552 1833//2552 1837//2552
f 1834//2554 1838//2554 1829//2554
f 1834//2555 1835//2555 1839//2555
f 1839//2556 1838//2556 1834//2556
f 1840//2557 1829//2557 1838//2557
f 1840//2558 1838//2558 1839//2558
f 1825//2559 1829//2559 1840//2559
f 1839//2560 1835//2560 1841//2560
f 1839//2558 1841//2558 1840//2558
f 1835//2561 1836//2561 1841//2561
f 1842//2562 1825//2562 1840//2562
f 1840//2558 1841//2558 1842//2558
f 1821//2563 1825//2563 1842//2563
f 1841//2564 1836//2564 1843//2564
f 1841//2558 1843//2558 1842//2558
f 1836//2565 1837//2565 1843//2565
f 1844//2566 1821//2566 1842//2566
f 1842//2558 1843//2558 1844//2558
f 1817//2567 1821//2567 1844//2567
f 1843//2568 1837//2568 1845//2568
f 1843//2558 1845//2558 1844//2558
f 1846//2569 1817//2569 1844//2569
f 1844//2558 1845//2558 1846//2558
f 1813//2569 1817//2569 1846//2569
f 1837//2570 1847//2570 1845//2570
f 1837//2553 1727//2553 1847//2553
f 1727//2571 1730//2571 1847//2571
f 1845//2558 1848//2558 1846//2558
f 1845//2570 1847//2570 1848//2570
f 1849//2572 1813//2572 1846//2572
f 1846//2558 1848//2558 1849//2558
f 1809//2572 1813//2572 1849//2572
f 1847//2571 1730//2571 1850//2571
f 1847//2573 1850//2573 1848//2573
f 1730//2574 1731//2574 1850//2574
f 1851//2575 1809//2575 1849//2575
f 1805//2575 1809//2575 1851//2575
f 1848//2558 1852//2558 1849//2558
f 1849//2558 1852//2558 1851//2558
f 1848//2573 1850//2573 1852//2573
f 1853//2576 1805//2576 1851//2576
f 1852//2558 1853//2558 1851//2558
f 1801//2576 1805//2576 1853//2576
f 1850//2574 1731//2574 1854//2574
f 1850//2577 1854//2577 1852//2577
f 1731//2578 1734//2578 1854//2578
f 1855//2558 1853//2558 1852//2558
f 1852//2579 1854//2579 1855//2579
f 1856//2580 1801//2580 1853//2580
f 1853//2558 1855//2558 1856//2558
f 1797//2580 1801//2580 1856//2580
f 1854//2578 1734//2578 1857//2578
f 1854//2581 1857//2581 1855//2581
f 1734//2582 1737//2582 1857//2582
f 1856//2558 1855//2558 1858//2558
f 1855//2583 1857//2583 1858//2583
f 1859//2584 1797//2584 1856//2584
f 1858//2558 1859//2558 1856//2558
f 1793//2584 1797//2584 1859//2584
f 1857//2582 1737//2582 1860//2582
f 1857//2585 1860//2585 1858//2585
f 1737//2586 1740//2586 1860//2586
f 1861//2558 1859//2558 1858//2558
f 1858//2587 1860//2587 1861//2587
f 1862//2588 1793//2588 1859//2588
f 1861//2558 1862//2558 1859//2558
f 1789//2588 1793//2588 1862//2588
f 1860//2586 1740//2586 1863//2586
f 1860//2589 1863//2589 1861//2589
f 1740//2590 1743//2590 1863//2590
f 1864//2558 1862//2558 1861//2558
f 1861//2591 1863//2591 1864//2591
f 1865//2592 1789//2592 1862//2592
f 1864//2558 1865//2558 1862//2558
f 1785//2592 1789//2592 1865//2592
f 1863//2590 1743//2590 1866//2590
f 1863//2593 1866//2593 1864//2593
f 1743//2594 1746//2594 1866//2594
f 1867//2558 1865//2558 1864//2558
f 1864//2593 1866//2593 1867//2593
f 1868//2595 1785//2595 1865//2595
f 1867//2558 1868//2558 1865//2558
f 1781//2595 1785//2595 1868//2595
f 1866//2594 1746//2594 1869//2594
f 1866//2596 1869//2596 1867//2596
f 1746//2597 1749//2597 1869//2597
f 1870//2558 1868//2558 1867//2558
f 1867//2596 1869//2596 1870//2596
f 1871//2598 1781//2598 1868//2598
f 1870//2558 1871//2558 1868//2558
f 1777//2598 1781//2598 1871//2598
f 1869//2597 1749//2597 1872//2597
f 1869//2599 1872//2599 1870//2599
f 1749//2600 1752//2600 1872//2600
f 1873//2558 1871//2558 1870//2558
f 1870//2599 1872//2599 1873//2599
f 1874//2601 1777//2601 1871//2601
f 1873//2558 1874//2558 1871//2558
f 1773//2601 1777//2601 1874//2601
f 1872//2600 1752//2600 1875//2600
f 1872//2602 1875//2602 1873//2602
f 1752//2603 1755//2603 1875//2603
f 1873//2604 1875//2604 1876//2604
f 1876//2558 1874//2558 1873//2558
f 1875//2603 1755//2603 1877//2603
f 1875//2605 1877//2605 1876//2605
f 1755//2606 1758//2606 1877//2606
f 1876//2558 1878//2558 1874//2558
f 1876//2605 1877//2605 1878//2605
f 1879//2607 1773//2607 1874//2607
f 1874//2558 1878//2558 1879//2558
f 1768//2607 1773//2607 1879//2607
f 1877//2606 1758//2606 1880//2606
f 1877//2608 1880//2608 1878//2608
f 1758//2609 1761//2609 1880//2609
f 1880//2609 1761//2609 1768//2609
f 1878//2558 1881//2558 1879//2558
f 1878//2608 1880//2608 1881//2608
f 1881//2610 1768//2610 1879//2610
f 1880//2610 1768//2610 1881//2610
f 1882//2611 1883//2611 1884//2611
f 1884//2612 1885//2612 1882//2612
f 1882//2612 1885//2612 1886//2612
f 1884//2613 1883//2613 1887//2613
f 1888//2614 1887//2614 1883//2614
f 1889//2615 1885//2615 1884//2615
f 1884//2615 1887//2615 1889//2615
f 1885//2616 1890//2616 1886//2616
f 1886//2616 1890//2616 1891//2616
f 1892//2617 1887//2617 1888//2617
f 1893//2618 1892//2618 1888//2618
f 1890//2619 1894//2619 1891//2619
f 1891//2620 1894//2620 1895//2620
f 1896//2615 1890//2615 1885//2615
f 1896//2615 1885//2615 1889//2615
f 1897//2615 1894//2615 1890//2615
f 1897//2615 1890//2615 1896//2615
f 1894//2621 1898//2621 1895//2621
f 1895//2622 1898//2622 1899//2622
f 1900//2615 1894//2615 1897//2615
f 1900//2615 1898//2615 1894//2615
f 1898//2623 1901//2623 1899//2623
f 1899//2624 1901//2624 1902//2624
f 1903//2615 1898//2615 1900//2615
f 1903//2615 1901//2615 1898//2615
f 1901//2625 1904//2625 1902//2625
f 1902//2626 1904//2626 1905//2626
f 1906//2615 1901//2615 1903//2615
f 1906//2615 1904//2615 1901//2615
f 1904//2627 1907//2627 1905//2627
f 1905//2628 1907//2628 1908//2628
f 1909//2615 1904//2615 1906//2615
f 1909//2615 1907//2615 1904//2615
f 1907//2629 1910//2629 1908//2629
f 1908//2630 1910//2630 1911//2630
f 1912//2615 1907//2615 1909//2615
f 1912//2615 1910//2615 1907//2615
f 1910//2631 1913//2631 1911//2631
f 1911//2632 1913//2632 1914//2632
f 1915//2615 1910//2615 1912//2615
f 1915//2615 1913//2615 1910//2615
f 1913//2633 1916//2633 1914//2633
f 1914//2634 1916//2634 1917//2634
f 1918//2615 1913//2615 1915//2615
f 1918//2615 1916//2615 1913//2615
f 1916//2635 1919//2635 1917//2635
f 1917//2636 1919//2636 1920//2636
f 1921//2615 1916//2615 1918//2615
f 1921//2615 1919//2615 1916//2615
f 1919//2637 1922//2637 1920//2637
f 1920//2638 1922//2638 1923//2638
f 1924//2615 1919//2615 1921//2615
f 1924//2615 1922//2615 1919//2615
f 1922//2639 1925//2639 1923//2639
f 1923//2640 1925//2640 1926//2640
f 1927//2615 1922//2615 1924//2615
f 1927//2615 1925//2615 1922//2615
f 1925//2641 1928//2641 1926//2641
f 1926//2642 1928//2642 1929//2642
f 1930//2615 1925//2615 1927//2615
f 1930//2615 1928//2615 1925//2615
f 1928//2643 1931//2643 1929//2643
f 1929//2644 1931//2644 1932//2644
f 1933//2615 1928//2615 1930//2615
f 1933//2615 1931//2615 1928//2615
f 1931//2645 1934//2645 1932//2645
f 1932//2646 1934//2646 1935//2646
f 1936//2615 1931//2615 1933//2615
f 1936//2615 1934//2615 1931//2615
f 1934//2647 1937//2647 1935//2647
f 1935//2648 1937//2648 1938//2648
f 1939//2615 1934//2615 1936//2615
f 1939//2615 1937//2615 1934//2615
f 1937//2649 1940//2649 1938//2649
f 1938//2650 1940//2650 1941//2650
f 1942//2615 1937//2615 1939//2615
f 1942//2615 1940//2615 1937//2615
f 1940//2651 1943//2651 1941//2651
f 1941//2651 1943//2651 1944//2651
f 1945//2615 1940//2615 1942//2615
f 1945//2615 1943//2615 1940//2615
f 1943//2652 1946//2652 1944//2652
f 1944//2653 1946//2653 1947//2653
f 1948//2615 1943//2615 1945//2615
f 1948//2615 1946//2615 1943//2615
f 1946//2654 1949//2654 1947//2654
f 1947//2655 1949//2655 1950//2655
f 1951//2615 1946//2615 1948//2615
f 1951//2615 1949//2615 1946//2615
f 1949//2656 1952//2656 1950//2656
f 1950//2657 1952//2657 1953//2657
f 1954//2615 1949//2615 1951//2615
f 1954//2615 1952//2615 1949//2615
f 1952//2658 1955//2658 1953//2658
f 1953//2659 1955//2659 1956//2659
f 1957//2615 1952//2615 1954//2615
f 1957//2615 1955//2615 1952//2615
f 1955//2660 1958//2660 1956//2660
f 1956//2661 1958//2661 1959//2661
f 1960//2615 1955//2615 1957//2615
f 1960//2615 1958//2615 1955//2615
f 1958//2662 1961//2662 1959//2662
f 1959//2663 1961//2663 1962//2663
f 1963//2615 1958//2615 1960//2615
f 1963//2615 1961//2615 1958//2615
f 1961//2664 1964//2664 1962//2664
f 1962//2665 1964//2665 1965//2665
f 1966//2615 1961//2615 1963//2615
f 1966//2615 1964//2615 1961//2615
f 1964//2666 1967//2666 1965//2666
f 1965//2667 1967//2667 1968//2667
f 1969//2615 1964//2615 1966//2615
f 1969//2615 1967//2615 1964//2615
f 1967//2668 1970//2668 1968//2668
f 1968//2669 1970//2669 1971//2669
f 1972//2615 1967//2615 1969//2615
f 1972//2615 1970//2615 1967//2615
f 1970//2670 1973//2670 1971//2670
f 1971//2671 1973//2671 1893//2671
f 1973//2672 1892//2672 1893//2672
f 1974//2615 1970//2615 1972//2615
f 1974//2615 1973//2615 1970//2615
f 1975//2615 1892//2615 1973//2615
f 1975//2615 1973//2615 1974//2615
f 1976//2615 1892//2615 1975//2615
f 1976//2615 1887//2615 1892//2615
f 1974//2673 1977//2673 1975//2673
f 1978//2615 1887//2615 1976//2615
f 1889//2615 1887//2615 1978//2615
f 1975//2674 1979//2674 1976//2674
f 1977//2675 1979//2675 1975//2675
f 1976//2676 1980//2676 1978//2676
f 1979//2677 1980//2677 1976//2677
f 1889//2678 1978//2678 1981//2678
f 1981//2679 1978//2679 1980//2679
f 1981//2680 1982//2680 1889//2680
f 1889//2681 1982//2681 1896//2681
f 1981//2472 1980//2472 1983//2472
f 1983//2475 1982//2475 1981//2475
f 1982//2682 1984//2682 1896//2682
f 1896//2650 1984//2650 1897//2650
f 1985//2475 1982//2475 1983//2475
f 1985//2478 1984//2478 1982//2478
f 1984//2683 1986//2683 1897//2683
f 1897//2684 1986//2684 1900//2684
f 1987//2478 1984//2478 1985//2478
f 1987//2481 1986//2481 1984//2481
f 1986//2685 1988//2685 1900//2685
f 1900//2686 1988//2686 1903//2686
f 1989//2481 1986//2481 1987//2481
f 1989//2485 1988//2485 1986//2485
f 1988//2687 1990//2687 1903//2687
f 1903//2688 1990//2688 1906//2688
f 1991//2485 1988//2485 1989//2485
f 1991//2489 1990//2489 1988//2489
f 1990//2689 1992//2689 1906//2689
f 1906//2690 1992//2690 1909//2690
f 1993//2489 1990//2489 1991//2489
f 1993//2691 1992//2691 1990//2691
f 1992//2692 1994//2692 1909//2692
f 1909//2693 1994//2693 1912//2693
f 1995//2691 1992//2691 1993//2691
f 1995//2496 1994//2496 1992//2496
f 1994//2694 1996//2694 1912//2694
f 1912//2695 1996//2695 1915//2695
f 1997//2496 1994//2496 1995//2496
f 1997//2500 1996//2500 1994//2500
f 1996//2696 1998//2696 1915//2696
f 1915//2697 1998//2697 1918//2697
f 1999//2500 1996//2500 1997//2500
f 1999//2504 1998//2504 1996//2504
f 1998//2698 2000//2698 1918//2698
f 1918//2698 2000//2698 1921//2698
f 2001//2504 1998//2504 1999//2504
f 2001//2508 2000//2508 1998//2508
f 2000//2699 2002//2699 1921//2699
f 1921//2700 2002//2700 1924//2700
f 2003//2508 2000//2508 2001//2508
f 2003//2512 2002//2512 2000//2512
f 2002//2701 2004//2701 1924//2701
f 1924//2702 2004//2702 1927//2702
f 2005//2512 2002//2512 2003//2512
f 2005//2516 2004//2516 2002//2516
f 2004//2703 2006//2703 1927//2703
f 1927//2704 2006//2704 1930//2704
f 2007//2516 2004//2516 2005//2516
f 2007//2520 2006//2520 2004//2520
f 2006//2705 2008//2705 1930//2705
f 1930//2706 2008//2706 1933//2706
f 2009//2520 2006//2520 2007//2520
f 2009//2524 2008//2524 2006//2524
f 2008//2707 2010//2707 1933//2707
f 1933//2708 2010//2708 1936//2708
f 2011//2524 2008//2524 2009//2524
f 2011//2709 2010//2709 2008//2709
f 2010//2710 2012//2710 1936//2710
f 1936//2711 2012//2711 1939//2711
f 2013//2709 2010//2709 2011//2709
f 2013//2712 2012//2712 2010//2712
f 2012//2713 2014//2713 1939//2713
f 1939//2714 2014//2714 1942//2714
f 2015//2712 2012//2712 2013//2712
f 2015//2536 2014//2536 2012//2536
f 2014//2616 2016//2616 1942//2616
f 1942//2616 2016//2616 1945//2616
f 2017//2536 2014//2536 2015//2536
f 2017//2540 2016//2540 2014//2540
f 2016//2715 2018//2715 1945//2715
f 1945//2715 2018//2715 1948//2715
f 2019//2540 2016//2540 2017//2540
f 2019//2544 2018//2544 2016//2544
f 2018//2716 2020//2716 1948//2716
f 1948//2716 2020//2716 1951//2716
f 2021//2544 2018//2544 2019//2544
f 2021//2440 2020//2440 2018//2440
f 2020//2717 2022//2717 1951//2717
f 1951//2718 2022//2718 1954//2718
f 2023//2440 2020//2440 2021//2440
f 2023//2441 2022//2441 2020//2441
f 2022//2719 2024//2719 1954//2719
f 1954//2720 2024//2720 1957//2720
f 2025//2441 2022//2441 2023//2441
f 2025//2442 2024//2442 2022//2442
f 2024//2721 2026//2721 1957//2721
f 1957//2722 2026//2722 1960//2722
f 2027//2442 2024//2442 2025//2442
f 2027//2444 2026//2444 2024//2444
f 2026//2723 2028//2723 1960//2723
f 1960//2724 2028//2724 1963//2724
f 2029//2444 2026//2444 2027//2444
f 2029//2448 2028//2448 2026//2448
f 2028//2725 2030//2725 1963//2725
f 1963//2726 2030//2726 1966//2726
f 2031//2448 2028//2448 2029//2448
f 2031//2451 2030//2451 2028//2451
f 2030//2727 2032//2727 1966//2727
f 1966//2728 2032//2728 1969//2728
f 2033//2451 2030//2451 2031//2451
f 2033//2454 2032//2454 2030//2454
f 2032//2729 2034//2729 1969//2729
f 1969//2730 2034//2730 1972//2730
f 2035//2454 2032//2454 2033//2454
f 2035//2457 2034//2457 2032//2457
f 2034//2731 2036//2731 1972//2731
f 1972//2732 2036//2732 1974//2732
f 2036//2733 1977//2733 1974//2733
f 2037//2457 2034//2457 2035//2457
f 2037//2460 2036//2460 2034//2460
f 2038//2463 1977//2463 2036//2463
f 2038//2460 2036//2460 2037//2460
f 2039//2463 1977//2463 2038//2463
f 2039//2466 1979//2466 1977//2466
f 2037//2734 2040//2734 2038//2734
f 2041//2466 1979//2466 2039//2466
f 2041//2735 1980//2735 1979//2735
f 2038//2736 2042//2736 2039//2736
f 2040//2737 2042//2737 2038//2737
f 2043//2735 1980//2735 2041//2735
f 1983//2472 1980//2472 2043//2472
f 2039//2738 2044//2738 2041//2738
f 2042//2739 2044//2739 2039//2739
f 2041//2740 2045//2740 2043//2740
f 2044//2741 2045//2741 2041//2741
f 1983//2742 2043//2742 2046//2742
f 2046//2743 2043//2743 2045//2743
f 2046//2744 2047//2744 1983//2744
f 1983//2745 2047//2745 1985//2745
f 2046//2746 2045//2746 2048//2746
f 2048//2747 2047//2747 2046//2747
f 2047//2748 2049//2748 1985//2748
f 1985//2749 2049//2749 1987//2749
f 2050//2750 2047//2750 2048//2750
f 2050//2751 2049//2751 2047//2751
f 2049//2752 2051//2752 1987//2752
f 1987//2753 2051//2753 1989//2753
f 2052//2754 2049//2754 2050//2754
f 2052//2755 2051//2755 2049//2755
f 2051//2756 2053//2756 1989//2756
f 1989//2757 2053//2757 1991//2757
f 2054//2755 2051//2755 2052//2755
f 2054//2758 2053//2758 2051//2758
f 2053//2759 2055//2759 1991//2759
f 1991//2760 2055//2760 1993//2760
f 2056//2758 2053//2758 2054//2758
f 2056//2761 2055//2761 2053//2761
f 2055//2762 2057//2762 1993//2762
f 1993//2763 2057//2763 1995//2763
f 2058//2764 2055//2764 2056//2764
f 2058//2765 2057//2765 2055//2765
f 2057//2766 2059//2766 1995//2766
f 1995//2767 2059//2767 1997//2767
f 2060//2768 2057//2768 2058//2768
f 2060//2769 2059//2769 2057//2769
f 2059//2770 2061//2770 1997//2770
f 1997//2771 2061//2771 1999//2771
f 2062//2769 2059//2769 2060//2769
f 2062//2772 2061//2772 2059//2772
f 2061//2773 2063//2773 1999//2773
f 1999//2774 2063//2774 2001//2774
f 2064//2775 2061//2775 2062//2775
f 2064//2776 2063//2776 2061//2776
f 2063//2777 2065//2777 2001//2777
f 2001//2778 2065//2778 2003//2778
f 2066//2779 2063//2779 2064//2779
f 2066//2780 2065//2780 2063//2780
f 2065//2781 2067//2781 2003//2781
f 2003//2782 2067//2782 2005//2782
f 2068//2783 2065//2783 2066//2783
f 2068//2784 2067//2784 2065//2784
f 2067//2785 2069//2785 2005//2785
f 2005//2786 2069//2786 2007//2786
f 2070//2784 2067//2784 2068//2784
f 2070//2787 2069//2787 2067//2787
f 2069//2788 2071//2788 2007//2788
f 2007//2789 2071//2789 2009//2789
f 2072//2787 2069//2787 2070//2787
f 2072//2790 2071//2790 2069//2790
f 2071//2791 2073//2791 2009//2791
f 2009//2791 2073//2791 2011//2791
f 2074//2790 2071//2790 2072//2790
f 2074//2792 2073//2792 2071//2792
f 2073//2793 2075//2793 2011//2793
f 2011//2794 2075//2794 2013//2794
f 2076//2792 2073//2792 2074//2792
f 2076//2795 2075//2795 2073//2795
f 2075//2796 2077//2796 2013//2796
f 2013//2797 2077//2797 2015//2797
f 2078//2795 2075//2795 2076//2795
f 2078//2798 2077//2798 2075//2798
f 2074//2799 2079//2799 2076//2799
f 2077//2800 2080//2800 2015//2800
f 2015//2801 2080//2801 2017//2801
f 2079//2802 2081//2802 2076//2802
f 2076//2802 2081//2802 2078//2802
f 2082//2799 2079//2799 2074//2799
f 2072//2803 2082//2803 2074//2803
f 2083//2615 2081//2615 2079//2615
f 2081//2804 2083//2804 2078//2804
f 2082//2615 2083//2615 2079//2615
f 2084//2798 2077//2798 2078//2798
f 2078//2804 2083//2804 2084//2804
f 2084//2805 2080//2805 2077//2805
f 2085//2615 2083//2615 2082//2615
f 2083//2806 2085//2806 2084//2806
f 2086//2803 2082//2803 2072//2803
f 2082//2615 2086//2615 2085//2615
f 2070//2807 2086//2807 2072//2807
f 2084//2806 2085//2806 2087//2806
f 2087//2805 2080//2805 2084//2805
f 2085//2615 2086//2615 2088//2615
f 2085//2808 2088//2808 2087//2808
f 2089//2807 2086//2807 2070//2807
f 2086//2615 2089//2615 2088//2615
f 2068//2809 2089//2809 2070//2809
f 2087//2810 2090//2810 2080//2810
f 2080//2811 2090//2811 2017//2811
f 2017//2812 2090//2812 2019//2812
f 2087//2808 2088//2808 2091//2808
f 2091//2810 2090//2810 2087//2810
f 2090//2813 2092//2813 2019//2813
f 2091//2814 2092//2814 2090//2814
f 2019//2815 2092//2815 2021//2815
f 2088//2816 2093//2816 2091//2816
f 2088//2615 2089//2615 2093//2615
f 2094//2817 2092//2817 2091//2817
f 2091//2816 2093//2816 2094//2816
f 2092//2818 2095//2818 2021//2818
f 2094//2819 2095//2819 2092//2819
f 2021//2818 2095//2818 2023//2818
f 2096//2820 2089//2820 2068//2820
f 2089//2615 2096//2615 2093//2615
f 2066//2821 2096//2821 2068//2821
f 2093//2822 2097//2822 2094//2822
f 2093//2615 2096//2615 2097//2615
f 2098//2819 2095//2819 2094//2819
f 2094//2822 2097//2822 2098//2822
f 2095//2823 2099//2823 2023//2823
f 2098//2824 2099//2824 2095//2824
f 2023//2825 2099//2825 2025//2825
f 2097//2826 2100//2826 2098//2826
f 2096//2615 2100//2615 2097//2615
f 2101//2824 2099//2824 2098//2824
f 2098//2826 2100//2826 2101//2826
f 2099//2827 2102//2827 2025//2827
f 2101//2828 2102//2828 2099//2828
f 2025//2827 2102//2827 2027//2827
f 2103//2829 2096//2829 2066//2829
f 2103//2615 2100//2615 2096//2615
f 2064//2830 2103//2830 2066//2830
f 2100//2831 2104//2831 2101//2831
f 2103//2615 2104//2615 2100//2615
f 2105//2832 2103//2832 2064//2832
f 2105//2615 2104//2615 2103//2615
f 2062//2833 2105//2833 2064//2833
f 2101//2831 2104//2831 2106//2831
f 2106//2828 2102//2828 2101//2828
f 2104//2615 2105//2615 2107//2615
f 2104//2834 2107//2834 2106//2834
f 2108//2835 2105//2835 2062//2835
f 2107//2615 2105//2615 2108//2615
f 2060//2836 2108//2836 2062//2836
f 2102//2837 2109//2837 2027//2837
f 2106//2838 2109//2838 2102//2838
f 2027//2839 2109//2839 2029//2839
f 2106//2834 2107//2834 2110//2834
f 2110//2838 2109//2838 2106//2838
f 2109//2840 2111//2840 2029//2840
f 2110//2841 2111//2841 2109//2841
f 2029//2842 2111//2842 2031//2842
f 2107//2843 2112//2843 2110//2843
f 2108//2615 2112//2615 2107//2615
f 2113//2841 2111//2841 2110//2841
f 2110//2843 2112//2843 2113//2843
f 2111//2844 2114//2844 2031//2844
f 2113//2845 2114//2845 2111//2845
f 2031//2846 2114//2846 2033//2846
f 2115//2847 2108//2847 2060//2847
f 2115//2615 2112//2615 2108//2615
f 2058//2848 2115//2848 2060//2848
f 2112//2849 2116//2849 2113//2849
f 2115//2615 2116//2615 2112//2615
f 2117//2850 2115//2850 2058//2850
f 2117//2615 2116//2615 2115//2615
f 2056//2851 2117//2851 2058//2851
f 2113//2849 2116//2849 2118//2849
f 2118//2845 2114//2845 2113//2845
f 2117//2615 2119//2615 2116//2615
f 2116//2852 2119//2852 2118//2852
f 2120//2853 2117//2853 2056//2853
f 2120//2615 2119//2615 2117//2615
f 2054//2854 2120//2854 2056//2854
f 2114//2855 2121//2855 2033//2855
f 2118//2856 2121//2856 2114//2856
f 2033//2857 2121//2857 2035//2857
f 2118//2852 2119//2852 2122//2852
f 2122//2856 2121//2856 2118//2856
f 2121//2858 2123//2858 2035//2858
f 2122//2859 2123//2859 2121//2859
f 2035//2860 2123//2860 2037//2860
f 2123//2861 2040//2861 2037//2861
f 2119//2862 2124//2862 2122//2862
f 2120//2615 2124//2615 2119//2615
f 2125//2863 2123//2863 2122//2863
f 2125//2864 2040//2864 2123//2864
f 2122//2862 2124//2862 2125//2862
f 2126//2865 2120//2865 2054//2865
f 2126//2615 2124//2615 2120//2615
f 2052//2866 2126//2866 2054//2866
f 2124//2867 2127//2867 2125//2867
f 2126//2615 2127//2615 2124//2615
f 2128//2864 2040//2864 2125//2864
f 2125//2868 2127//2868 2128//2868
f 2128//2869 2042//2869 2040//2869
f 2129//2866 2126//2866 2052//2866
f 2129//2615 2127//2615 2126//2615
f 2050//2870 2129//2870 2052//2870
f 2127//2871 2130//2871 2128//2871
f 2129//2615 2130//2615 2127//2615
f 2131//2872 2042//2872 2128//2872
f 2128//2873 2130//2873 2131//2873
f 2131//2874 2044//2874 2042//2874
f 2132//2875 2129//2875 2050//2875
f 2132//2615 2130//2615 2129//2615
f 2048//2876 2132//2876 2050//2876
f 2130//2877 2133//2877 2131//2877
f 2132//2615 2133//2615 2130//2615
f 2134//2878 2044//2878 2131//2878
f 2131//2879 2133//2879 2134//2879
f 2134//2880 2045//2880 2044//2880
f 2135//2615 2133//2615 2132//2615
f 2135//2881 2132//2881 2048//2881
f 2133//2882 2136//2882 2134//2882
f 2135//2615 2136//2615 2133//2615
f 2137//2880 2045//2880 2134//2880
f 2134//2882 2136//2882 2137//2882
f 2048//2746 2045//2746 2137//2746
f 2135//2883 2137//2883 2136//2883
f 2048//2883 2137//2883 2135//2883
usemtl tyre
f 1//1 2//1 3//1
f 4//2 5//2 6//2
f 7//3 8//3 9//3
f 10//4 11//4 12//4
f 13//5 14//5 15//5
f 16//6 17//6 18//6
f 19//7 20//7 21//7
f 22//8 23//8 24//8
f 25//9 26//9 27//9
f 28//10 29//10 30//10
f 31//11 32//11 33//11
f 34//12 35//12 36//12
f 37//13 38//13 39//13
f 40//14 41//14 42//14
f 43//15 44//15 45//15
f 46//16 47//16 48//16
f 49//17 50//17 51//17
f 52//18 53//18 54//18
f 55//19 56//19 57//19
f 58//20 59//20 60//20
f 61//21 62//21 63//21
f 64//22 65//22 66//22
f 67//23 68//23 69//23
f 70//24 71//24 72//24
f 73//25 74//25 75//25
f 76//26 77//26 78//26
f 79//27 80//27 81//27
f 82//28 83//28 84//28
f 85//29 86//29 87//29
f 88//30 89//30 90//30
f 91//31 92//31 93//31
f 94//32 95//32 96//32
f 97//33 98//33 99//33
f 100//34 101//34 102//34
f 103//35 104//35 105//35
f 106//36 107//36 108//36
f 109//37 110//37 111//37
f 112//38 113//38 114//38
f 115//39 116//39 117//39
f 118//40 119//40 120//40
f 121//41 122//41 123//41
f 124//42 125//42 126//42
f 127//43 128//43 129//43
f 130//44 131//44 132//44
f 133//45 134//45 135//45
f 136//46 137//46 138//46
f 139//47 140//47 141//47
f 142//48 143//48 144//48
f 145//49 146//49 147//49
f 148//50 149//50 150//50
f 151//51 152//51 153//51
f 154//52 155//52 156//52
f 157//53 158//53 159//53
f 160//54 161//54 162//54
f 163//55 164//55 165//55
f 166//56 167//56 168//56
f 169//57 170//57 171//57
f 172//58 173//58 174//58
f 175//59 176//59 177//59
f 178//60 179//60 180//60
f 181//61 182//61 183//61
f 184//62 185//62 186//62
f 187//63 188//63 189//63
f 190//64 191//64 192//64
f 193//65 194//65 195//65
f 196//66 197//66 198//66
f 199//67 200//67 201//67
f 202//68 203//68 204//68
f 205//69 206//69 207//69
f 208//70 209//70 210//70
f 211//71 212//71 213//71
f 214//72 215//72 216//72
f 217//73 218//73 219//73
f 220//74 221//74 222//74
f 223//75 224//75 225//75
f 226//76 227//76 228//76
f 229//77 230//77 231//77
f 232//78 233//78 234//78
f 235//79 236//79 237//79
f 238//80 239//80 240//80
f 241//81 242//81 243//81
f 244//82 245//82 246//82
f 247//83 248//83 249//83
f 250//84 251//84 252//84
f 34//85 253//85 254//85
f 255//86 256//86 257//86
f 258//87 259//87 260//87
f 261//88 262//88 263//88
f 264//89 265//89 266//89
f 267//90 268//90 269//90
f 270//91 271//91 272//91
f 273//92 274//92 275//92
f 276//93 277//93 278//93
f 279//94 280//94 281//94
f 282//95 283//95 284//95
f 285//96 286//96 287//96
f 288//97 289//97 290//97
f 291//98 292//98 293//98
f 294//99 295//99 296//99
f 297//100 298//100 299//100
f 300//101 301//101 302//101
f 303//102 304//102 305//102
f 306//103 307//103 308//103
f 309//104 310//104 311//104
f 312//105 313//105 314//105
f 315//106 316//106 317//106
f 318//107 319//107 320//107
f 321//108 322//108 323//108
f 324//109 325//109 326//109
f 327//110 328//110 329//110
f 330//111 331//111 332//111
f 333//112 334//112 335//112
f 336//113 337//113 338//113
f 339//114 340//114 341//114
f 342//115 343//115 344//115
f 345//116 346//116 347//116
f 348//117 349//117 350//117
f 351//118 352//118 353//118
f 354//119 355//119 356//119
f 357//120 358//120 359//120
f 360//121 361//121 362//121
f 363//122 364//122 365//122
f 366//123 367//123 368//123
f 369//124 370//124 371//124
f 372//125 373//125 374//125
f 375//126 376//126 377//126
f 378//127 379//127 380//127
f 381//128 382//128 383//128
f 384//129 385//129 386//129
f 387//130 388//130 389//130
f 390//131 391//131 392//131
f 393//132 394//132 395//132
f 396//133 397//133 161//133
f 398//134 399//134 167//134
f 400//135 401//135 176//135
f 402//136 178//136 403//136
f 404//137 181//137 405//137
f 406//138 184//138 407//138
f 408//139 188//139 409//139
f 410//140 411//140 412//140
f 208//141 413//141 414//141
f 214//142 415//142 416//142
f 1//143 3//143 417//143
f 418//144 419//144 6//144
f 420//145 421//145 5//145
f 422//146 423//146 8//146
f 424//147 12//147 425//147
f 426//148 427//148 9//148
f 428//149 429//149 430//149
f 431//150 432//150 433//150
f 434//151 435//151 20//151
f 436//152 23//152 437//152
f 438//153 439//153 26//153
f 440//154 441//154 442//154
f 443//155 29//155 444//155
f 445//156 446//156 38//156
f 447//157 253//157 448//157
f 449//158 450//158 451//158
f 452//159 44//159 453//159
f 454//160 455//160 41//160
f 456//161 457//161 54//161
f 458//162 459//162 53//162
f 460//163 461//163 62//163
f 462//164 463//164 464//164
f 465//165 466//165 198//165
f 467//166 468//166 65//166
f 469//167 470//167 66//167
f 471//168 472//168 473//168
f 474//169 69//169 475//169
f 476//170 477//170 75//170
f 478//171 479//171 74//171
f 480//172 481//172 169//172
f 482//173 81//173 483//173
f 484//174 89//174 485//174
f 486//175 487//175 83//175
f 488//176 489//176 96//176
f 490//177 491//177 95//177
f 492//178 493//178 101//178
f 494//179 495//179 102//179
f 103//180 105//180 496//180
f 497//181 498//181 499//181
f 204//182 500//182 501//182
f 502//183 503//183 107//183
f 504//184 505//184 164//184
f 506//185 507//185 113//185
f 508//186 116//186 509//186
f 510//187 511//187 126//187
f 512//188 513//188 125//188
f 130//189 361//189 514//189
f 515//190 516//190 134//190
f 517//191 518//191 138//191
f 519//192 520//192 137//192
f 521//193 522//193 146//193
f 148//194 382//194 523//194
f 524//195 158//195 525//195
f 526//196 527//196 155//196
f 528//197 529//197 530//197
f 531//198 532//198 533//198
f 534//199 246//199 535//199
f 536//200 537//200 538//200
f 539//201 278//201 540//201
f 541//202 59//202 542//202
f 543//203 290//203 544//203
f 545//204 311//204 546//204
f 547//205 548//205 549//205
f 550//206 329//206 551//206
f 109//207 552//207 110//207
f 553//208 347//208 554//208
f 555//209 556//209 557//209
f 558//210 374//210 559//210
f 560//211 561//211 378//211
f 562//212 380//212 563//212
f 564//213 392//213 565//213
f 566//214 251//214 567//214
f 568//215 301//215 569//215
f 207//216 570//216 571//216
f 211//217 572//217 573//217
f 574//218 187//218 224//218
f 227//219 529//219 575//219
f 576//220 11//220 577//220
f 578//221 579//221 580//221
f 581//222 582//222 583//222
f 13//223 10//223 14//223
f 584//224 17//224 585//224
f 586//225 18//225 238//225
f 33//226 32//226 587//226
f 588//227 589//227 590//227
f 262//228 35//228 591//228
f 592//229 48//229 267//229
f 593//230 47//230 594//230
f 595//231 193//231 271//231
f 596//232 597//232 598//232
f 51//233 50//233 599//233
f 600//234 601//234 602//234
f 55//235 49//235 56//235
f 603//236 463//236 604//236
f 58//237 286//237 285//237
f 287//238 605//238 63//238
f 606//239 541//239 288//239
f 70//240 68//240 67//240
f 607//241 608//241 609//241
f 610//242 611//242 174//242
f 76//243 79//243 77//243
f 612//244 80//244 613//244
f 614//245 86//245 615//245
f 616//246 87//246 309//246
f 617//247 199//247 313//247
f 618//248 171//248 322//248
f 619//249 620//249 621//249
f 622//250 93//250 318//250
f 623//251 92//251 624//251
f 625//252 626//252 627//252
f 412//253 200//253 628//253
f 97//254 91//254 98//254
f 629//255 393//255 327//255
f 630//256 394//256 631//256
f 632//257 633//257 168//257
f 634//258 635//258 338//258
f 498//259 636//259 108//259
f 637//260 552//260 638//260
f 639//261 120//261 345//261
f 115//262 119//262 118//262
f 121//263 127//263 122//263
f 640//264 641//264 165//264
f 642//265 129//265 351//265
f 643//266 128//266 644//266
f 358//267 131//267 645//267
f 414//268 646//268 647//268
f 648//269 649//269 368//269
f 650//270 141//270 372//270
f 651//271 140//271 652//271
f 142//272 139//272 143//272
f 653//273 149//273 654//273
f 655//274 153//274 390//274
f 656//275 152//275 657//275
f 160//276 162//276 658//276
f 659//277 660//277 661//277
f 662//278 663//278 664//278
f 665//279 666//279 667//279
f 668//280 669//280 670//280
f 671//281 672//281 673//281
f 674//282 675//282 676//282
f 677//283 678//283 679//283
f 680//284 681//284 682//284
f 323//285 683//285 398//285
f 173//286 473//286 684//286
f 284//287 685//287 400//287
f 407//288 186//288 236//288
f 686//289 687//289 184//289
f 432//290 688//290 192//290
f 252//291 689//291 442//291
f 203//292 205//292 690//292
f 210//293 206//293 691//293
f 692//294 693//294 213//294
f 421//295 694//295 695//295
f 696//296 221//296 220//296
f 697//297 230//297 229//297
f 15//298 426//298 698//298
f 232//299 234//299 699//299
f 228//300 663//300 218//300
f 425//301 666//301 233//301
f 435//302 243//302 700//302
f 19//303 21//303 701//303
f 702//304 242//304 241//304
f 531//305 240//305 532//305
f 703//306 239//306 704//306
f 22//307 17//307 16//307
f 27//308 26//308 705//308
f 706//309 33//309 244//309
f 707//310 248//310 247//310
f 30//311 443//311 708//311
f 709//312 245//312 710//312
f 405//313 183//313 259//313
f 28//314 32//314 31//314
f 711//315 256//315 255//315
f 254//316 447//316 712//316
f 37//317 39//317 713//317
f 263//318 669//318 265//318
f 714//319 35//319 715//319
f 264//320 266//320 716//320
f 452//321 453//321 42//321
f 536//322 269//322 537//322
f 717//323 274//323 273//323
f 567//324 270//324 718//324
f 403//325 180//325 283//325
f 43//326 46//326 44//326
f 455//327 275//327 719//327
f 720//328 268//328 721//328
f 57//329 456//329 722//329
f 723//330 50//330 724//330
f 725//331 280//331 279//331
f 726//332 277//332 727//332
f 539//333 540//333 728//333
f 729//334 51//334 276//334
f 730//335 289//335 731//335
f 464//336 194//336 462//336
f 461//337 732//337 733//337
f 543//338 544//338 734//338
f 294//339 296//339 735//339
f 469//340 71//340 470//340
f 468//341 736//341 737//341
f 738//342 196//342 302//342
f 475//343 672//343 295//343
f 78//344 476//344 739//344
f 306//345 308//345 740//345
f 483//346 675//346 307//346
f 545//347 546//347 741//347
f 487//348 742//348 743//348
f 484//349 485//349 84//349
f 744//350 310//350 745//350
f 746//351 169//351 618//351
f 88//352 85//352 89//352
f 99//353 488//353 747//353
f 547//354 320//354 548//354
f 748//355 319//355 749//355
f 493//356 750//356 751//356
f 550//357 551//357 752//357
f 753//358 754//358 167//358
f 755//359 331//359 330//359
f 756//360 328//360 757//360
f 109//361 111//361 497//361
f 342//362 344//362 758//362
f 334//363 552//363 759//363
f 335//364 678//364 343//364
f 112//365 114//365 760//365
f 117//366 508//366 761//366
f 570//367 762//367 763//367
f 764//368 765//368 164//368
f 766//369 346//369 767//369
f 768//370 119//370 769//370
f 123//371 510//371 770//371
f 771//372 413//372 208//372
f 555//373 353//373 556//373
f 772//374 352//374 773//374
f 360//375 362//375 135//375
f 516//376 365//376 774//376
f 359//377 681//377 370//377
f 369//378 371//378 775//378
f 144//379 517//379 776//379
f 777//380 376//380 375//380
f 558//381 559//381 778//381
f 397//382 779//382 161//382
f 780//383 373//383 781//383
f 522//384 782//384 783//384
f 381//385 383//385 147//385
f 784//386 415//386 214//386
f 785//387 385//387 384//387
f 562//388 563//388 786//388
f 787//389 379//389 788//389
f 561//390 149//390 789//390
f 527//391 790//391 791//391
f 792//392 388//392 387//392
f 524//393 525//393 156//393
f 793//394 391//394 794//394
f 157//395 151//395 158//395
f 564//396 565//396 795//396
f 796//397 660//397 797//397
f 798//398 172//398 480//398
f 175//399 799//399 176//399
f 178//400 800//400 451//400
f 181//401 801//401 430//401
f 189//402 578//402 225//402
f 408//403 431//403 580//403
f 191//404 250//404 441//404
f 568//405 312//405 609//405
f 410//406 802//406 204//406
f 1//407 529//407 2//407
f 417//408 418//408 694//408
f 4//409 6//409 803//409
f 7//410 9//410 804//410
f 8//411 423//411 805//411
f 12//412 11//412 806//412
f 582//413 428//413 237//413
f 24//414 23//414 436//414
f 21//415 20//415 807//415
f 192//416 440//416 433//416
f 589//417 449//417 260//417
f 439//418 249//418 708//418
f 25//419 27//419 808//419
f 38//420 446//420 809//420
f 34//421 36//421 253//421
f 40//422 42//422 810//422
f 595//423 271//423 811//423
f 195//424 600//424 272//424
f 48//425 47//425 812//425
f 53//426 459//426 813//426
f 52//427 54//427 814//427
f 58//428 60//428 286//428
f 61//429 63//429 815//429
f 69//430 68//430 816//430
f 64//431 66//431 817//431
f 198//432 818//432 465//432
f 73//433 75//433 819//433
f 303//434 305//434 479//434
f 81//435 80//435 820//435
f 87//436 86//436 821//436
f 314//437 313//437 201//437
f 82//438 84//438 822//438
f 490//439 324//439 491//439
f 94//440 96//440 823//440
f 93//441 92//441 824//441
f 494//442 105//442 495//442
f 100//443 102//443 825//443
f 103//444 394//444 104//444
f 500//445 690//445 571//445
f 502//446 339//446 503//446
f 108//447 107//447 826//447
f 633//448 634//448 827//448
f 635//184 505//184 504//184
f 113//449 507//449 828//449
f 512//450 354//450 513//450
f 126//451 125//451 829//451
f 129//452 128//452 830//452
f 646//453 831//453 573//453
f 832//454 366//454 396//454
f 130//455 132//455 361//455
f 133//456 135//456 833//456
f 641//457 648//457 834//457
f 141//458 140//458 835//458
f 572//459 693//459 216//459
f 137//460 520//460 836//460
f 136//461 138//461 837//461
f 145//462 147//462 838//462
f 148//463 150//463 382//463
f 153//464 152//464 839//464
f 154//465 156//465 840//465
f 163//466 165//466 367//466
f 166//467 168//467 337//467
f 217//468 219//468 841//468
f 534//469 535//469 842//469
f 843//470 28//470 844//470
f 731//471 59//471 845//471
f 846//472 298//472 297//472
f 847//473 70//473 848//473
f 682//474 131//474 849//474
f 850//475 851//475 686//475
f 466//476 300//476 196//476
f 210//477 209//477 763//477
f 574//478 224//478 661//478
f 185//479 581//479 186//479
f 418//480 3//480 419//480
f 852//481 698//481 231//481
f 426//482 14//482 427//482
f 577//483 13//483 853//483
f 238//484 18//484 854//484
f 182//485 588//485 183//485
f 585//486 22//486 855//486
f 856//487 245//487 857//487
f 689//488 566//488 718//488
f 450//489 179//489 178//489
f 858//490 712//490 257//490
f 447//491 448//491 39//491
f 45//492 452//492 719//492
f 41//493 455//493 859//493
f 594//494 43//494 860//494
f 456//495 56//495 457//495
f 685//496 401//496 400//496
f 861//497 722//497 281//497
f 724//498 55//498 862//498
f 460//499 291//499 461//499
f 863//500 289//500 864//500
f 464//501 603//501 602//501
f 865//502 732//502 293//502
f 866//503 672//503 867//503
f 468//504 299//504 736//504
f 198//505 197//505 604//505
f 72//506 71//506 469//506
f 472//507 610//507 684//507
f 177//508 473//508 173//508
f 476//509 77//509 477//509
f 302//510 607//510 738//510
f 481//57 170//57 169//57
f 74//511 479//511 868//511
f 613//512 76//512 869//512
f 487//513 317//513 742//513
f 870//514 315//514 486//514
f 871//515 88//515 90//515
f 488//516 98//516 489//516
f 872//517 747//517 326//517
f 412//518 411//518 627//518
f 95//519 491//519 873//519
f 620//520 683//520 323//520
f 624//521 97//521 874//521
f 493//522 332//522 750//522
f 399//523 632//523 167//523
f 498//524 111//524 636//524
f 875//525 499//525 341//525
f 106//526 108//526 876//526
f 120//527 119//527 877//527
f 878//528 348//528 506//528
f 879//529 761//529 350//529
f 115//530 118//530 116//530
f 508//531 509//531 114//531
f 880//532 639//532 553//532
f 510//533 122//533 511//533
f 881//534 770//534 356//534
f 124//535 126//535 882//535
f 644//536 121//536 883//536
f 134//537 516//537 884//537
f 514//538 360//538 774//538
f 885//539 363//539 515//539
f 886//540 681//540 680//540
f 517//541 143//541 518//541
f 887//542 776//542 377//542
f 652//543 142//543 888//543
f 522//544 386//544 782//544
f 415//545 796//545 416//545
f 527//546 389//546 790//546
f 889//547 157//547 159//547
f 831//548 212//548 211//548
f 890//549 355//549 354//549
f 832//550 891//550 892//550
f 851//551 658//551 893//551
f 368//552 367//552 834//552
f 765//553 336//553 504//553
f 754//554 321//554 398//554
f 322//555 171//555 621//555
f 798//556 746//556 894//556
f 174//557 611//557 480//557
f 284//558 283//558 598//558
f 451//559 258//559 260//559
f 800//560 402//560 895//560
f 404//561 801//561 181//561
f 406//562 850//562 184//562
f 189//563 188//563 579//563
f 811//564 251//564 896//564
f 626//565 625//565 201//565
f 802//566 410//566 628//566
f 207//567 206//567 762//567
f 692//568 897//568 784//568
f 5//569 421//569 695//569
f 898//570 694//570 222//570
f 217//571 226//571 228//571
f 899//572 900//572 420//572
f 901//573 664//573 530//573
f 224//574 223//574 659//574
f 902//575 218//575 663//575
f 2//576 529//576 227//576
f 422//577 229//577 423//577
f 903//578 424//578 232//578
f 430//579 235//579 237//579
f 667//580 666//580 576//580
f 904//581 241//581 434//581
f 435//582 700//582 807//582
f 905//583 586//583 531//583
f 409//584 432//584 408//584
f 688//585 906//585 190//585
f 436//586 437//586 21//586
f 907//587 239//587 703//587
f 438//588 247//588 439//588
f 908//589 706//589 909//589
f 443//590 444//590 27//590
f 28//591 31//591 29//591
f 843//592 709//592 710//592
f 910//593 669//593 668//593
f 445//594 255//594 446//594
f 911//595 261//595 264//595
f 912//596 670//596 715//596
f 36//597 35//597 262//597
f 913//598 268//598 720//598
f 536//599 592//599 267//599
f 195//600 194//600 601//600
f 914//601 273//601 454//601
f 179//602 596//602 180//602
f 276//603 599//603 277//603
f 915//604 916//604 458//604
f 917//605 729//605 539//605
f 288//606 541//606 542//606
f 918//607 606//607 543//607
f 287//608 286//608 605//608
f 63//609 62//609 733//609
f 401//610 471//610 176//610
f 919//611 730//611 845//611
f 920//612 282//612 799//612
f 294//613 474//613 475//613
f 921//614 297//614 467//614
f 66//615 65//615 737//615
f 847//616 671//616 673//616
f 922//617 923//617 478//617
f 924//618 482//618 925//618
f 608//619 301//619 568//619
f 926//620 78//620 739//620
f 676//621 675//621 612//621
f 309//622 821//622 310//622
f 927//623 616//623 928//623
f 929//624 617//624 569//624
f 84//625 83//625 743//625
f 615//626 745//626 614//626
f 318//627 824//627 319//627
f 930//628 622//628 547//628
f 327//629 393//629 395//629
f 496//630 494//630 750//630
f 931//631 932//631 492//631
f 102//632 101//632 751//632
f 933//633 757//633 631//633
f 934//634 328//634 756//634
f 935//635 629//635 936//635
f 759//636 637//636 678//636
f 937//637 333//637 342//637
f 338//638 337//638 827//638
f 638//639 109//639 938//639
f 110//640 552//640 334//640
f 345//641 877//641 346//641
f 764//642 164//642 163//642
f 939//643 767//643 769//643
f 773//644 352//644 643//644
f 940//645 642//645 941//645
f 942//646 771//646 691//646
f 209//647 208//647 647//647
f 943//648 357//648 369//648
f 413//649 212//649 414//649
f 132//650 131//650 358//650
f 849//651 130//651 944//651
f 372//652 835//652 373//652
f 945//653 650//653 558//653
f 946//654 947//654 519//654
f 649//133 397//133 396//133
f 891//655 161//655 160//655
f 378//656 561//656 789//656
f 948//657 949//657 521//657
f 950//658 560//658 562//658
f 523//659 381//659 782//659
f 951//660 788//660 654//660
f 416//661 215//661 214//661
f 147//662 146//662 783//662
f 952//663 379//663 787//663
f 953//664 387//664 526//664
f 954//665 391//665 793//665
f 156//666 155//666 791//666
f 955//667 655//667 564//667
f 657//668 794//668 656//668
f 292//669 956//669 293//669
f 304//670 957//670 305//670
f 316//671 958//671 317//671
f 959//672 325//672 324//672
f 340//673 960//673 341//673
f 961//674 349//674 348//674
f 554//675 347//675 962//675
f 963//676 364//676 363//676
f 818//677 964//677 465//677
f 965//678 226//678 966//678
f 575//679 528//679 663//679
f 967//680 697//680 968//680
f 9//681 8//681 805//681
f 969//682 666//682 665//682
f 13//683 11//683 10//683
f 425//684 12//684 806//684
f 18//685 17//685 854//685
f 970//686 24//686 700//686
f 704//687 239//687 584//687
f 22//688 16//688 23//688
f 244//689 33//689 587//689
f 971//690 707//690 972//690
f 192//691 191//691 441//691
f 973//692 708//692 249//692
f 591//693 714//693 669//693
f 974//694 711//694 975//694
f 39//695 38//695 809//695
f 43//696 47//696 46//696
f 271//324 270//324 567//324
f 976//697 45//697 719//697
f 42//698 41//698 859//698
f 538//699 977//699 978//699
f 594//700 721//700 593//700
f 279//701 281//701 459//701
f 979//702 278//702 277//702
f 54//703 53//703 813//703
f 724//704 727//704 723//704
f 55//705 50//705 49//705
f 980//706 981//706 460//706
f 60//707 59//707 541//707
f 982//708 474//708 983//708
f 70//709 67//709 71//709
f 984//710 736//710 299//710
f 75//711 74//711 868//711
f 76//712 80//712 79//712
f 985//713 675//713 674//713
f 306//714 482//714 483//714
f 986//715 310//715 744//715
f 987//716 90//716 742//716
f 88//717 86//717 85//717
f 749//718 319//718 623//718
f 988//719 989//719 490//719
f 96//720 95//720 873//720
f 97//721 92//721 91//721
f 104//722 394//722 393//722
f 990//723 339//723 502//723
f 204//724 203//724 690//724
f 107//725 503//725 826//725
f 991//726 678//726 677//726
f 114//727 113//727 828//727
f 507//728 350//728 761//728
f 992//729 346//729 766//729
f 351//730 830//730 352//730
f 121//731 128//731 127//731
f 993//732 994//732 512//732
f 125//733 513//733 829//733
f 995//734 514//734 774//734
f 135//735 134//735 884//735
f 996//736 681//736 886//736
f 359//737 358//737 645//737
f 519//738 375//738 520//738
f 138//739 137//739 836//739
f 997//740 374//740 373//740
f 652//741 781//741 651//741
f 142//742 140//742 139//742
f 150//743 149//743 561//743
f 998//744 790//744 389//744
f 390//745 153//745 839//745
f 159//746 158//746 524//746
f 157//747 152//747 151//747
f 658//748 162//748 999//748
f 754//749 753//749 1000//749
f 260//750 259//750 590//750
f 199//751 1001//751 200//751
f 802//752 1002//752 202//752
f 796//753 1003//753 660//753
f 221//754 1004//754 222//754
f 687//62 185//62 184//62
f 237//755 236//755 583//755
f 230//756 1005//756 231//756
f 234//757 233//757 1006//757
f 428//758 1007//758 429//758
f 532//759 240//759 1008//759
f 242//760 1009//760 243//760
f 535//761 246//761 1010//761
f 256//762 1011//762 257//762
f 266//763 265//763 1012//763
f 596//764 1013//764 597//764
f 274//765 1014//765 275//765
f 537//766 269//766 1015//766
f 544//767 290//767 1016//767
f 296//768 295//768 1017//768
f 1018//769 304//769 303//769
f 308//770 307//770 1019//770
f 619//771 1020//771 620//771
f 1021//772 316//772 315//772
f 546//773 311//773 1022//773
f 548//774 320//774 1023//774
f 325//775 1024//775 326//775
f 331//776 1025//776 332//776
f 411//777 410//777 501//777
f 551//778 329//778 1026//778
f 344//779 343//779 1027//779
f 556//780 353//780 1028//780
f 355//781 1029//781 356//781
f 505//782 640//782 164//782
f 364//783 1030//783 365//783
f 371//784 370//784 1031//784
f 376//785 1032//785 377//785
f 385//786 1033//786 386//786
f 563//787 380//787 1034//787
f 565//788 392//788 1035//788
f 1036//789 1037//789 1038//789
f 1039//790 1040//790 1041//790
f 765//791 764//791 1042//791
f 801//792 404//792 1043//792
f 187//793 574//793 1044//793
f 252//794 251//794 566//794
f 193//795 595//795 1045//795
f 818//796 463//796 462//796
f 205//797 1046//797 206//797
f 213//798 212//798 1047//798
f 1048//799 420//799 5//799
f 1049//800 223//800 225//800
f 417//801 3//801 418//801
f 900//802 696//802 220//802
f 803//803 1050//803 4//803
f 6//804 419//804 1051//804
f 1052//805 406//805 407//805
f 1053//806 1//806 530//806
f 699//807 1054//807 903//807
f 1055//808 578//808 580//808
f 852//809 15//809 698//809
f 804//810 1056//810 7//810
f 1057//811 236//811 235//811
f 581//812 1058//812 582//812
f 1059//813 904//813 434//813
f 1060//814 20//814 19//814
f 409//815 188//815 1061//815
f 1062//816 437//816 701//816
f 533//817 1063//817 905//817
f 182//818 1064//818 588//818
f 1065//819 26//819 25//819
f 440//820 1066//820 433//820
f 1067//821 259//821 258//821
f 589//822 1068//822 449//822
f 30//823 29//823 443//823
f 1069//824 444//824 808//824
f 534//825 706//825 244//825
f 857//826 245//826 709//826
f 843//827 32//827 1070//827
f 1071//828 261//828 911//828
f 689//829 1072//829 442//829
f 858//830 254//830 712//830
f 713//831 1073//831 37//831
f 715//832 34//832 912//832
f 263//833 262//833 591//833
f 267//834 812//834 268//834
f 1074//835 402//835 403//835
f 810//836 1075//836 40//836
f 1076//837 717//837 914//837
f 1077//838 48//838 592//838
f 57//839 56//839 456//839
f 597//840 685//840 284//840
f 1078//841 600//841 602//841
f 1079//842 457//842 814//842
f 1080//843 283//843 282//843
f 1081//844 51//844 729//844
f 728//845 1082//845 917//845
f 285//846 287//846 732//846
f 1083//847 62//847 61//847
f 1084//848 175//848 177//848
f 1085//849 605//849 815//849
f 845//850 58//850 919//850
f 864//851 289//851 730//851
f 734//852 1086//852 918//852
f 1087//853 467//853 65//853
f 817//854 1088//854 64//854
f 197//855 196//855 738//855
f 472//856 1089//856 610//856
f 847//857 68//857 1090//857
f 867//858 672//858 671//858
f 475//859 69//859 816//859
f 300//860 466//860 1091//860
f 481//861 1092//861 170//861
f 1093//862 607//862 609//862
f 1094//863 477//863 819//863
f 1095//864 173//864 172//864
f 483//865 81//865 820//865
f 545//866 616//866 309//866
f 1096//867 486//867 83//867
f 617//868 313//868 569//868
f 1097//869 312//869 314//869
f 90//870 89//870 484//870
f 822//871 1098//871 82//871
f 1099//872 746//872 618//872
f 99//873 98//873 488//873
f 1100//874 489//874 823//874
f 1101//875 322//875 321//875
f 1102//876 319//876 748//876
f 1103//877 622//877 930//877
f 492//878 330//878 493//878
f 395//879 630//879 328//879
f 550//880 629//880 327//880
f 628//881 200//881 1104//881
f 753//882 167//882 166//882
f 496//883 1105//883 933//883
f 1106//884 495//884 825//884
f 1107//885 101//885 100//885
f 683//886 1108//886 399//886
f 632//887 1109//887 633//887
f 1110//888 103//888 631//888
f 497//889 111//889 498//889
f 1111//890 337//890 336//890
f 1112//891 500//891 571//891
f 876//892 1113//892 106//892
f 638//893 679//893 637//893
f 1114//894 333//894 937//894
f 335//895 334//895 759//895
f 117//896 116//896 508//896
f 1115//897 120//897 639//897
f 1116//898 878//898 506//898
f 1117//899 570//899 763//899
f 760//900 1118//900 112//900
f 769//901 115//901 939//901
f 123//902 122//902 510//902
f 941//903 555//903 557//903
f 1119//904 511//904 882//904
f 1120//905 352//905 772//905
f 1121//906 129//906 642//906
f 775//907 1122//907 943//907
f 1123//908 885//908 515//908
f 833//909 1124//909 133//909
f 1125//910 367//910 366//910
f 648//911 1126//911 649//911
f 144//912 143//912 517//912
f 1127//913 650//913 945//913
f 1128//914 646//914 573//914
f 693//217 572//217 211//217
f 1129//915 518//915 837//915
f 1130//916 146//916 145//916
f 1131//917 560//917 950//917
f 215//918 1132//918 216//918
f 523//919 1133//919 951//919
f 1134//920 383//920 838//920
f 949//921 785//921 384//921
f 788//922 379//922 653//922
f 1135//923 148//923 654//923
f 1136//924 526//924 155//924
f 1137//925 525//925 840//925
f 661//926 660//926 1138//926
f 1139//927 792//927 953//927
f 1140//928 851//928 850//928
f 1141//929 655//929 955//929
f 219//930 218//930 1142//930
f 248//931 1143//931 249//931
f 280//932 1144//932 281//932
f 540//933 278//933 1145//933
f 298//934 1146//934 299//934
f 349//935 1147//935 350//935
f 161//382 779//382 162//382
f 559//936 374//936 1148//936
f 1039//937 1149//937 1150//937
f 388//938 1151//938 389//938
f 1152//939 1153//939 1036//939
f 553//940 554//940 1154//940
f 171//941 619//941 621//941
f 451//158 450//158 178//158
f 432//403 431//403 408//403
f 190//942 1155//942 191//942
f 193//943 1156//943 194//943
f 202//944 1157//944 203//944
f 214//945 692//945 784//945
f 902//946 663//946 662//946
f 1158//947 1159//947 227//947
f 430//948 429//948 181//948
f 968//949 229//949 422//949
f 1160//950 427//950 804//950
f 15//951 14//951 426//951
f 232//952 424//952 425//952
f 853//953 667//953 577//953
f 1161//954 18//954 586//954
f 1162//955 404//955 405//955
f 855//956 704//956 585//956
f 971//957 438//957 1163//957
f 1164//958 1165//958 250//958
f 26//959 439//959 705//959
f 975//960 255//960 445//960
f 253//961 36//961 1166//961
f 1167//962 448//962 713//962
f 1168//963 454//963 41//963
f 272//91 271//91 195//91
f 44//964 46//964 1169//964
f 1170//965 453//965 810//965
f 979//966 277//966 726//966
f 1171//967 458//967 53//967
f 915//968 725//968 916//968
f 1172//969 1173//969 52//969
f 861//970 57//970 722//970
f 176//610 471//610 473//610
f 604//236 463//236 198//236
f 981//971 1174//971 291//971
f 1086//972 1175//972 606//972
f 983//973 294//973 735//973
f 72//974 469//974 736//974
f 1176//975 470//975 817//975
f 1177//976 921//976 467//976
f 78//977 77//977 476//977
f 922//978 478//978 1178//978
f 1179//979 73//979 1180//979
f 740//980 924//980 925//980
f 300//981 1181//981 301//981
f 926//982 739//982 305//982
f 1182//983 1183//983 611//983
f 869//984 676//984 613//984
f 1184//985 870//985 486//985
f 871//986 745//986 615//986
f 1185//987 485//987 822//987
f 741//988 927//988 928//988
f 1186//989 87//989 616//989
f 318//990 93//990 824//990
f 201//565 625//565 314//565
f 1187//991 1188//991 94//991
f 872//992 99//992 747//992
f 874//993 749//993 624//993
f 752//994 935//994 936//994
f 627//252 626//252 412//252
f 1189//995 411//995 501//995
f 496//996 105//996 494//996
f 931//997 755//997 932//997
f 338//998 635//998 504//998
f 875//999 497//999 499//999
f 1190//1000 990//1000 502//1000
f 108//1001 636//1001 1191//1001
f 633//1002 1192//1002 634//1002
f 1193//1003 1194//1003 880//1003
f 1195//1004 509//1004 760//1004
f 769//1005 767//1005 768//1005
f 1196//1006 125//1006 124//1006
f 165//264 641//264 834//264
f 1197//1007 209//1007 647//1007
f 881//1008 123//1008 770//1008
f 771//1009 208//1009 691//1009
f 1198//1010 121//1010 644//1010
f 514//1011 361//1011 360//1011
f 944//1012 680//1012 849//1012
f 1199//1013 362//1013 833//1013
f 1122//1014 1200//1014 357//1014
f 372//1015 141//1015 835//1015
f 1201//1016 137//1016 136//1016
f 946//1017 777//1017 947//1017
f 1202//1018 891//1018 160//1018
f 887//1019 144//1019 776//1019
f 997//1020 373//1020 780//1020
f 948//1021 521//1021 1203//1021
f 523//1022 382//1022 381//1022
f 1204//1023 658//1023 1205//1023
f 954//1024 392//1024 391//1024
f 1206//1025 1207//1025 154//1025
f 889//1026 794//1026 657//1026
f 1208//289 687//289 686//289
f 1209//1027 242//1027 702//1027
f 716//1028 266//1028 1210//1028
f 549//1029 548//1029 1211//1029
f 758//1030 344//1030 1212//1030
f 778//1031 559//1031 1213//1031
f 786//1032 563//1032 1214//1032
f 795//1033 565//1033 1215//1033
f 1216//1034 340//1034 339//1034
f 396//1035 366//1035 368//1035
f 398//1036 321//1036 323//1036
f 169//1037 798//1037 480//1037
f 174//1038 173//1038 684//1038
f 799//1039 175//1039 920//1039
f 283//1040 180//1040 598//1040
f 186//479 581//479 583//479
f 659//1041 223//1041 1217//1041
f 187//1042 1218//1042 188//1042
f 579//1043 578//1043 189//1043
f 199//1044 617//1044 1219//1044
f 831//1045 646//1045 414//1045
f 796//1046 415//1046 1220//1046
f 421//1047 222//1047 694//1047
f 1221//1048 5//1048 4//1048
f 966//1049 217//1049 841//1049
f 417//1050 898//1050 901//1050
f 575//1051 529//1051 528//1051
f 3//1052 2//1052 1222//1052
f 1223//1053 7//1053 1224//1053
f 1225//1054 10//1054 12//1054
f 967//1055 422//1055 1226//1055
f 423//1056 698//1056 805//1056
f 969//1057 233//1057 666//1057
f 1227//1058 13//1058 577//1058
f 1228//1059 407//1059 236//1059
f 1054//1060 1229//1060 424//1060
f 806//1061 11//1061 576//1061
f 238//1062 854//1062 239//1062
f 241//1063 243//1063 435//1063
f 24//1064 436//1064 700//1064
f 1059//1065 434//1065 1230//1065
f 409//1066 906//1066 688//1066
f 431//1067 1231//1067 580//1067
f 23//1068 16//1068 1232//1068
f 1233//1069 1234//1069 19//1069
f 429//1070 1235//1070 182//1070
f 1236//1071 17//1071 22//1071
f 587//1072 32//1072 710//1072
f 908//1073 1237//1073 706//1073
f 259//1074 183//1074 590//1074
f 972//1075 707//1075 247//1075
f 1238//1076 440//1076 442//1076
f 29//1077 31//1077 1239//1077
f 973//1078 30//1078 708//1078
f 441//1079 250//1079 252//1079
f 808//1080 1240//1080 25//1080
f 909//1081 534//1081 842//1081
f 588//1082 1241//1082 589//1082
f 856//1083 246//1083 245//1083
f 910//1084 265//1084 669//1084
f 1242//1085 38//1085 37//1085
f 1071//1086 1243//1086 261//1086
f 450//1087 1244//1087 179//1087
f 254//1088 253//1088 447//1088
f 974//1089 445//1089 1245//1089
f 446//1090 257//1090 712//1090
f 715//1091 35//1091 1246//1091
f 895//1092 258//1092 800//1092
f 913//1093 269//1093 268//1093
f 978//1094 592//1094 536//1094
f 896//1095 595//1095 811//1095
f 45//1096 44//1096 452//1096
f 976//1097 719//1097 275//1097
f 454//1098 273//1098 455//1098
f 1247//1099 40//1099 1248//1099
f 594//1100 47//1100 1249//1100
f 276//1101 51//1101 599//1101
f 685//1102 1250//1102 401//1102
f 602//234 601//234 464//234
f 862//1103 727//1103 724//1103
f 458//1104 279//1104 459//1104
f 1251//1105 50//1105 55//1105
f 1252//1106 1253//1106 49//1106
f 62//1107 461//1107 733//1107
f 863//1108 290//1108 289//1108
f 542//1109 59//1109 731//1109
f 980//1110 460//1110 1254//1110
f 462//1111 194//1111 1255//1111
f 865//1112 285//1112 732//1112
f 815//1113 1256//1113 61//1113
f 286//1114 60//1114 1257//1114
f 465//1115 1258//1115 466//1115
f 1259//1116 1260//1116 471//1116
f 1261//1117 58//1117 845//1117
f 543//1118 606//1118 288//1118
f 866//1119 295//1119 672//1119
f 1262//1120 64//1120 1263//1120
f 982//1121 1264//1121 474//1121
f 72//1122 984//1122 848//1122
f 197//1123 1265//1123 604//1123
f 65//1124 468//1124 737//1124
f 71//1125 67//1125 1266//1125
f 673//1126 68//1126 847//1126
f 1267//1127 1268//1127 79//1127
f 302//1128 301//1128 608//1128
f 478//1129 303//1129 479//1129
f 819//1130 1269//1130 73//1130
f 985//1131 307//1131 675//1131
f 1270//1132 81//1132 482//1132
f 1271//1133 76//1133 613//1133
f 820//1134 80//1134 612//1134
f 83//1135 487//1135 743//1135
f 986//1136 311//1136 310//1136
f 821//1137 86//1137 614//1137
f 312//1138 1272//1138 609//1138
f 89//1139 85//1139 1273//1139
f 987//1140 742//1140 317//1140
f 1274//1141 82//1141 1275//1141
f 170//1142 1276//1142 619//1142
f 1277//1143 88//1143 615//1143
f 1278//1144 490//1144 95//1144
f 1279//1145 91//1145 93//1145
f 491//1146 747//1146 873//1146
f 1280//1147 97//1147 624//1147
f 1281//1148 618//1148 322//1148
f 1103//1149 1282//1149 622//1149
f 1283//1150 492//1150 101//1150
f 1284//1151 166//1151 1285//1151
f 1286//1152 1287//1152 100//1152
f 1105//1153 750//1153 332//1153
f 631//1154 757//1154 630//1154
f 399//1155 1288//1155 632//1155
f 934//1156 329//1156 328//1156
f 1289//1157 393//1157 629//1157
f 1290//1158 1291//1158 104//1158
f 1292//1159 107//1159 106//1159
f 1293//1160 110//1160 334//1160
f 690//1161 205//1161 207//1161
f 500//1162 1294//1162 501//1162
f 503//1163 499//1163 826//1163
f 991//1164 343//1164 678//1164
f 638//1165 552//1165 1295//1165
f 337//1166 168//1166 827//1166
f 1114//1167 1296//1167 333//1167
f 345//1168 120//1168 877//1168
f 1297//1169 112//1169 1298//1169
f 1116//1170 506//1170 1299//1170
f 762//1171 206//1171 210//1171
f 879//1172 117//1172 761//1172
f 116//1173 118//1173 1300//1173
f 992//1174 347//1174 346//1174
f 1301//1175 119//1175 115//1175
f 830//1176 128//1176 643//1176
f 1302//1177 163//1177 367//1177
f 993//1178 512//1178 1303//1178
f 354//1179 356//1179 513//1179
f 1304//1180 1305//1180 124//1180
f 555//1181 351//1181 353//1181
f 883//1182 773//1182 644//1182
f 1306//1183 1307//1183 127//1183
f 516//1184 774//1184 884//1184
f 1308//1185 132//1185 358//1185
f 1123//1186 515//1186 1309//1186
f 413//1187 771//1187 1310//1187
f 1311//1188 134//1188 133//1188
f 996//1189 370//1189 681//1189
f 645//1190 131//1190 682//1190
f 1312//1191 130//1191 849//1191
f 369//1192 357//1192 359//1192
f 1313//1193 1314//1193 139//1193
f 1127//1194 1315//1194 650//1194
f 1316//1195 572//1195 1317//1195
f 375//1196 377//1196 520//1196
f 1318//1197 1319//1197 136//1197
f 888//1198 781//1198 652//1198
f 1320//1199 140//1199 142//1199
f 378//1200 789//1200 379//1200
f 1321//1201 1322//1201 561//1201
f 215//1202 416//1202 1323//1202
f 1133//1203 782//1203 386//1203
f 838//1204 1324//1204 145//1204
f 146//1205 522//1205 783//1205
f 382//1206 150//1206 1325//1206
f 155//1207 527//1207 791//1207
f 998//1208 159//1208 790//1208
f 390//1209 839//1209 391//1209
f 1326//1210 151//1210 153//1210
f 657//1211 152//1211 1327//1211
f 1141//1212 1328//1212 655//1212
f 533//1213 532//1213 1329//1213
f 1330//1214 689//1214 718//1214
f 538//1215 537//1215 1331//1215
f 728//1216 540//1216 1332//1216
f 734//1217 544//1217 1333//1217
f 735//1218 296//1218 1334//1218
f 740//1219 308//1219 1335//1219
f 741//1220 546//1220 1336//1220
f 752//1221 551//1221 1337//1221
f 557//1222 556//1222 1338//1222
f 505//1223 1339//1223 640//1223
f 775//1224 371//1224 1340//1224
f 397//1225 1341//1225 779//1225
f 1342//1226 221//1226 696//1226
f 1343//1227 230//1227 697//1227
f 1344//1228 274//1228 717//1228
f 1345//1229 280//1229 725//1229
f 1346//1230 298//1230 846//1230
f 1347//1231 331//1231 755//1231
f 1348//1232 340//1232 1349//1232
f 1350//1233 355//1233 890//1233
f 1351//1234 376//1234 777//1234
f 1352//1235 385//1235 785//1235
f 1353//1236 388//1236 792//1236
f 292//1237 1354//1237 956//1237
f 799//1238 282//1238 400//1238
f 965//1239 1158//1239 226//1239
f 1355//1240 574//1240 1138//1240
f 900//1241 220//1241 420//1241
f 695//1242 418//1242 6//1242
f 1051//1243 419//1243 803//1243
f 1356//1244 1357//1244 687//1244
f 1358//1245 662//1245 664//1245
f 578//1246 1359//1246 225//1246
f 582//1247 1360//1247 428//1247
f 1057//1248 235//1248 1043//1248
f 14//1249 10//1249 1361//1249
f 1162//1250 405//1250 1362//1250
f 20//1251 435//1251 807//1251
f 531//1252 238//1252 240//1252
f 703//1253 1363//1253 907//1253
f 1063//1254 1161//1254 586//1254
f 585//1255 704//1255 584//1255
f 433//150 432//150 192//150
f 844//1256 709//1256 843//1256
f 705//1257 443//1257 27//1257
f 1237//1258 1364//1258 33//1258
f 911//1259 264//1259 716//1259
f 1365//1260 36//1260 262//1260
f 809//1261 447//1261 39//1261
f 1366//1262 668//1262 670//1262
f 1068//1263 1367//1263 449//1263
f 267//1264 48//1264 812//1264
f 718//488 566//488 567//488
f 1074//1265 403//1265 1368//1265
f 859//1266 452//1266 42//1266
f 179//1267 1369//1267 596//1267
f 1370//1268 720//1268 721//1268
f 813//1269 456//1269 54//1269
f 600//1270 1371//1270 272//1270
f 1372//1271 53//1271 52//1271
f 1013//1272 1373//1272 597//1272
f 1082//1273 1081//1273 729//1273
f 1084//1274 177//1274 1374//1274
f 1375//1275 60//1275 541//1275
f 1264//1276 1376//1276 69//1276
f 607//1277 1377//1277 738//1277
f 479//1278 739//1278 868//1278
f 610//1279 1182//1279 611//1279
f 1095//1280 172//1280 894//1280
f 743//1281 484//1281 84//1281
f 569//1282 313//1282 568//1282
f 1186//1283 1378//1283 87//1283
f 824//1284 92//1284 623//1284
f 1379//1285 625//1285 627//1285
f 989//1286 1380//1286 324//1286
f 1381//1287 95//1287 94//1287
f 547//1288 318//1288 320//1288
f 98//1289 91//1289 1382//1289
f 620//1290 1383//1290 683//1290
f 748//1291 1384//1291 1102//1291
f 1104//1292 1002//1292 628//1292
f 751//1293 494//1293 102//1293
f 1110//1294 394//1294 103//1294
f 937//1295 342//1295 758//1295
f 204//1296 802//1296 202//1296
f 1111//1297 336//1297 1042//1297
f 634//1298 1385//1298 635//1298
f 1190//1299 502//1299 1386//1299
f 1191//1300 636//1300 876//1300
f 1387//1301 677//1301 679//1301
f 111//1302 110//1302 1388//1302
f 506//1303 348//1303 507//1303
f 828//1304 508//1304 114//1304
f 1194//1305 1115//1305 639//1305
f 940//1306 1121//1306 642//1306
f 513//1307 770//1307 829//1307
f 772//1308 1389//1308 1120//1308
f 640//1309 1390//1309 641//1309
f 1391//1310 764//1310 1392//1310
f 413//1311 1393//1311 212//1311
f 892//1312 366//1312 832//1312
f 361//1313 132//1313 1394//1313
f 1047//1314 897//1314 213//1314
f 995//1315 774//1315 365//1315
f 945//1316 558//1316 778//1316
f 946//1317 519//1317 1395//1317
f 1396//1318 1397//1318 784//1318
f 836//1319 517//1319 138//1319
f 950//1320 562//1320 786//1320
f 1131//1321 1321//1321 560//1321
f 949//1322 384//1322 521//1322
f 1034//1323 380//1323 952//1323
f 1135//1324 149//1324 148//1324
f 654//1325 788//1325 653//1325
f 791//1326 524//1326 156//1326
f 850//1327 406//1327 1140//1327
f 158//1328 151//1328 1398//1328
f 1139//1329 953//1329 526//1329
f 1399//1330 155//1330 154//1330
f 955//1331 564//1331 795//1331
f 1205//1332 658//1332 851//1332
f 185//1333 1400//1333 581//1333
f 228//1334 227//1334 575//1334
f 530//1335 1//1335 901//1335
f 9//1336 427//1336 1160//1336
f 701//1337 21//1337 1062//1337
f 860//1338 43//1338 45//1338
f 457//1339 56//1339 1401//1339
f 291//1340 293//1340 461//1340
f 63//1341 605//1341 1085//1341
f 66//1342 470//1342 1176//1342
f 477//1343 77//1343 1402//1343
f 1000//1344 753//1344 1403//1344
f 823//1345 96//1345 1100//1345
f 495//1346 105//1346 1404//1346
f 938//1347 109//1347 497//1347
f 511//1348 122//1348 1405//1348
f 882//1349 126//1349 1119//1349
f 135//1350 362//1350 1199//1350
f 518//1351 143//1351 1406//1351
f 216//459 693//459 214//459
f 797//1352 660//1352 1407//1352
f 147//1353 383//1353 1134//1353
f 779//1354 1408//1354 162//1354
f 840//1355 525//1355 1409//1355
f 1410//1356 1411//1356 248//1356
f 1412//1357 1413//1357 256//1357
f 1414//1358 1415//1358 304//1358
f 1416//1359 1417//1359 316//1359
f 1418//1360 1419//1360 325//1360
f 1420//1361 1421//1361 349//1361
f 1422//1362 1423//1362 364//1362
f 841//1363 219//1363 1424//1363
f 234//1364 1006//1364 1425//1364
f 1426//1365 535//1365 1427//1365
f 603//1366 1428//1366 602//1366
f 1193//1367 554//1367 1429//1367
f 1430//1368 1036//1368 1038//1368
f 1040//1369 1039//1369 1431//1369
f 368//1370 649//1370 396//1370
f 473//1371 472//1371 684//1371
f 402//1372 800//1372 178//1372
f 190//1373 906//1373 1432//1373
f 626//1374 200//1374 412//1374
f 205//1375 203//1375 1433//1375
f 899//1376 420//1376 1048//1376
f 1221//1377 4//1377 1434//1377
f 221//1378 1435//1378 1004//1378
f 225//1379 224//1379 189//1379
f 223//1380 1436//1380 1217//1380
f 1223//1381 8//1381 7//1381
f 903//1382 232//1382 699//1382
f 230//1383 1437//1383 1005//1383
f 229//1384 231//1384 423//1384
f 1438//1385 219//1385 1439//1385
f 1440//1386 665//1386 667//1386
f 904//1387 702//1387 241//1387
f 24//1388 970//1388 855//1388
f 532//1389 1008//1389 1441//1389
f 242//1390 1442//1390 1009//1390
f 701//1391 437//1391 1443//1391
f 1444//1392 16//1392 18//1392
f 27//1393 444//1393 1069//1393
f 971//1394 972//1394 438//1394
f 1065//1395 25//1395 1445//1395
f 844//1396 28//1396 30//1396
f 1446//1397 248//1397 707//1397
f 1447//1398 857//1398 1448//1398
f 591//1399 35//1399 714//1399
f 1242//1400 37//1400 1449//1400
f 250//1401 1165//1401 251//1401
f 975//1402 711//1402 255//1402
f 912//1403 34//1403 254//1403
f 713//1404 448//1404 1450//1404
f 1451//1405 266//1405 1452//1405
f 264//1406 261//1406 263//1406
f 1453//1407 46//1407 48//1407
f 274//1408 1454//1408 1014//1408
f 1455//1409 270//1409 1456//1409
f 810//1410 453//1410 1457//1410
f 1076//1411 454//1411 1168//1411
f 1458//1412 537//1412 1459//1412
f 721//1413 268//1413 593//1413
f 977//1414 592//1414 978//1414
f 599//1415 723//1415 277//1415
f 280//1416 1460//1416 1144//1416
f 814//1417 1172//1417 52//1417
f 459//1418 281//1418 722//1418
f 917//1419 539//1419 728//1419
f 1461//1420 540//1420 1462//1420
f 726//1421 1463//1421 979//1421
f 1083//1422 61//1422 1464//1422
f 462//1423 964//1423 818//1423
f 463//1424 603//1424 464//1424
f 1465//1425 864//1425 730//1425
f 1466//1426 544//1426 1467//1426
f 467//1427 297//1427 468//1427
f 1468//1428 1469//1428 298//1428
f 1470//1429 867//1429 671//1429
f 848//1430 70//1430 72//1430
f 1471//1431 296//1431 1472//1431
f 475//1432 816//1432 672//1432
f 922//1433 1018//1433 923//1433
f 1178//1434 478//1434 74//1434
f 1473//1435 746//1435 1099//1435
f 868//1436 476//1436 75//1436
f 1474//1437 308//1437 1475//1437
f 674//1438 1476//1438 985//1438
f 611//172 481//172 480//172
f 306//1439 483//1439 307//1439
f 545//1440 309//1440 311//1440
f 316//1441 1477//1441 958//1441
f 486//1442 315//1442 487//1442
f 1184//1443 1478//1443 870//1443
f 929//1444 301//1444 1181//1444
f 822//1445 485//1445 1479//1445
f 314//1446 1480//1446 1097//1446
f 1481//1447 546//1447 1482//1447
f 744//1448 1483//1448 986//1448
f 548//1449 1023//1449 1484//1449
f 1024//1450 872//1450 326//1450
f 988//1451 959//1451 989//1451
f 823//1452 489//1452 1485//1452
f 930//1453 547//1453 549//1453
f 331//1454 1486//1454 1025//1454
f 550//1455 327//1455 329//1455
f 330//1456 332//1456 493//1456
f 825//1457 1286//1457 100//1457
f 1487//1458 551//1458 1488//1458
f 1489//1459 756//1459 757//1459
f 340//1460 1490//1460 960//1460
f 1292//1461 106//1461 1491//1461
f 339//1462 341//1462 503//1462
f 1492//1463 344//1463 1493//1463
f 342//1464 333//1464 335//1464
f 1297//1465 113//1465 112//1465
f 1494//1466 570//1466 1117//1466
f 571//1467 690//1467 207//1467
f 760//1468 509//1468 1495//1468
f 691//1469 206//1469 942//1469
f 763//1470 762//1470 210//1470
f 1496//1471 349//1471 961//1471
f 1497//1472 554//1472 1498//1472
f 1499//1473 766//1473 767//1473
f 1500//1474 1300//1474 118//1474
f 877//1475 119//1475 768//1475
f 553//1476 639//1476 345//1476
f 556//1477 1028//1477 1501//1477
f 351//1478 129//1478 830//1478
f 1502//1479 1503//1479 355//1479
f 993//1480 890//1480 994//1480
f 647//647 208//647 414//647
f 892//1481 891//1481 1504//1481
f 363//1482 365//1482 516//1482
f 364//1483 1505//1483 1030//1483
f 573//453 831//453 211//453
f 1311//1484 133//1484 1506//1484
f 1507//1485 371//1485 1508//1485
f 886//1486 1509//1486 996//1486
f 1510//1487 1126//1487 648//1487
f 1313//1488 139//1488 141//1488
f 1511//1489 1512//1489 376//1489
f 837//1490 1318//1490 136//1490
f 520//1491 776//1491 836//1491
f 1513//1492 559//1492 1514//1492
f 1515//1493 780//1493 781//1493
f 835//1494 651//1494 373//1494
f 1130//1495 145//1495 1516//1495
f 385//1496 1517//1496 1033//1496
f 787//1497 1518//1497 952//1497
f 1519//1498 563//1498 1520//1498
f 387//1499 389//1499 527//1499
f 1521//1500 1039//1500 1041//1500
f 388//1501 1522//1501 1151//1501
f 1523//1502 565//1502 1524//1502
f 1525//1503 793//1503 794//1503
f 657//1504 157//1504 889//1504
f 839//1505 656//1505 391//1505
f 367//1506 165//1506 834//1506
f 323//1507 322//1507 621//1507
f 400//1508 282//1508 284//1508
f 180//602 596//602 598//602
f 260//1509 449//1509 451//1509
f 801//1510 235//1510 430//1510
f 583//1511 582//1511 237//1511
f 407//1512 184//1512 186//1512
f 893//1513 658//1513 999//1513
f 579//1514 188//1514 408//1514
f 811//1515 271//1515 567//1515
f 196//1516 300//1516 302//1516
f 202//1517 1002//1517 1526//1517
f 213//1518 897//1518 692//1518
f 898//1519 417//1519 694//1519
f 217//1520 228//1520 218//1520
f 220//1521 222//1521 421//1521
f 419//1522 3//1522 1527//1522
f 1044//1523 1218//1523 187//1523
f 6//1524 5//1524 695//1524
f 664//1525 663//1525 528//1525
f 662//1526 1528//1526 902//1526
f 1529//1527 406//1527 1052//1527
f 1159//1528 1222//1528 2//1528
f 1053//1529 529//1529 1//1529
f 1043//1530 404//1530 1530//1530
f 804//1531 427//1531 1531//1531
f 15//1532 852//1532 853//1532
f 580//1533 1231//1533 1055//1533
f 967//1534 968//1534 422//1534
f 805//1535 698//1535 426//1535
f 1227//1536 11//1536 13//1536
f 665//1537 1532//1537 969//1537
f 1229//1538 12//1538 424//1538
f 806//1539 576//1539 666//1539
f 1060//1540 19//1540 1234//1540
f 1230//1541 434//1541 20//1541
f 905//1542 531//1542 533//1542
f 1533//1543 431//1543 433//1543
f 970//1544 700//1544 243//1544
f 807//1545 436//1545 21//1545
f 1007//1546 1235//1546 429//1546
f 907//1547 240//1547 239//1547
f 854//1548 17//1548 584//1548
f 1236//1549 22//1549 585//1549
f 244//1550 587//1550 245//1550
f 1143//1551 973//1551 249//1551
f 1163//1552 438//1552 26//1552
f 1066//1553 440//1553 1238//1553
f 192//1554 688//1554 190//1554
f 1067//1555 258//1555 895//1555
f 1362//1556 405//1556 259//1556
f 1164//1557 191//1557 1155//1557
f 439//1558 708//1558 705//1558
f 808//1559 444//1559 1534//1559
f 842//1560 908//1560 909//1560
f 1064//1561 1241//1561 588//1561
f 1010//1562 246//1562 856//1562
f 1364//1563 1239//1563 31//1563
f 1070//1564 32//1564 28//1564
f 442//154 441//154 252//154
f 1011//1565 858//1565 257//1565
f 1245//1566 445//1566 38//1566
f 446//1567 712//1567 809//1567
f 39//1568 448//1568 1167//1568
f 1012//1569 265//1569 910//1569
f 715//1570 670//1570 714//1570
f 1243//1571 1365//1571 262//1571
f 1535//1572 595//1572 896//1572
f 1045//1573 1156//1573 193//1573
f 914//1574 717//1574 273//1574
f 1247//1575 41//1575 40//1575
f 455//1576 719//1576 859//1576
f 42//1577 453//1577 1170//1577
f 1367//1578 1244//1578 450//1578
f 1015//1579 269//1579 913//1579
f 812//1580 47//1580 593//1580
f 1249//1581 43//1581 594//1581
f 57//1582 861//1582 862//1582
f 915//1583 458//1583 1171//1583
f 597//1584 1373//1584 685//1584
f 916//1585 725//1585 279//1585
f 601//424 600//424 195//424
f 814//1586 54//1586 1079//1586
f 1536//1587 726//1587 727//1587
f 724//1588 50//1588 1251//1588
f 1368//1589 283//1589 1080//1589
f 1252//1590 49//1590 51//1590
f 539//1591 276//1591 278//1591
f 285//1592 865//1592 919//1592
f 733//1593 732//1593 287//1593
f 542//1594 731//1594 289//1594
f 1254//1595 460//1595 62//1595
f 918//1596 543//1596 734//1596
f 604//1597 1265//1597 1537//1597
f 815//1598 605//1598 1538//1598
f 465//1599 964//1599 1539//1599
f 401//1600 1259//1600 471//1600
f 845//1601 59//1601 1261//1601
f 920//1602 175//1602 1540//1602
f 864//1603 1541//1603 863//1603
f 1175//1604 541//1604 606//1604
f 1146//1605 984//1605 299//1605
f 1087//1606 65//1606 1262//1606
f 983//1607 474//1607 294//1607
f 817//1608 470//1608 1542//1608
f 1091//1609 466//1609 1258//1609
f 921//1610 846//1610 297//1610
f 737//1611 469//1611 66//1611
f 1088//1612 1263//1612 64//1612
f 1260//1613 1089//1613 472//1613
f 1017//1614 295//1614 866//1614
f 1090//1615 68//1615 70//1615
f 1374//1616 177//1616 173//1616
f 1376//1617 67//1617 69//1617
f 78//1618 926//1618 869//1618
f 1179//1619 74//1619 73//1619
f 924//1620 1270//1620 482//1620
f 1267//1621 79//1621 81//1621
f 894//1622 172//1622 798//1622
f 923//1623 1543//1623 303//1623
f 819//1624 75//1624 1094//1624
f 1544//1625 674//1625 676//1625
f 925//1626 306//1626 740//1626
f 1271//1627 80//1627 76//1627
f 820//1628 612//1628 675//1628
f 821//1629 614//1629 310//1629
f 1096//1630 83//1630 1274//1630
f 609//1631 608//1631 568//1631
f 1545//1632 617//1632 929//1632
f 618//1633 169//1633 171//1633
f 1098//1634 1275//1634 82//1634
f 90//1635 484//1635 742//1635
f 1219//1636 1001//1636 199//1636
f 84//1637 485//1637 1185//1637
f 1183//1638 1092//1638 481//1638
f 1546//1639 744//1639 745//1639
f 1276//1640 1020//1640 619//1640
f 1378//1641 85//1641 87//1641
f 928//1642 545//1642 741//1642
f 1277//1643 86//1643 88//1643
f 1000//1644 321//1644 754//1644
f 874//1645 97//1645 99//1645
f 988//1646 490//1646 1278//1646
f 1381//1647 94//1647 1188//1647
f 491//1648 326//1648 747//1648
f 873//1649 488//1649 96//1649
f 1547//1650 748//1650 749//1650
f 1102//1651 320//1651 319//1651
f 1282//1652 1279//1652 93//1652
f 624//1653 92//1653 1280//1653
f 395//1654 394//1654 630//1654
f 1283//1655 101//1655 1107//1655
f 1284//1656 753//1656 166//1656
f 167//523 632//523 168//523
f 411//1657 1548//1657 627//1657
f 501//777 410//777 204//777
f 1105//1658 496//1658 750//1658
f 932//1659 755//1659 330//1659
f 102//1660 495//1660 1106//1660
f 683//134 399//134 398//134
f 631//1661 103//1661 933//1661
f 756//1662 1549//1662 934//1662
f 935//1663 1289//1663 629//1663
f 1290//1664 104//1664 393//1664
f 936//1665 550//1665 752//1665
f 759//1666 552//1666 637//1666
f 1294//1667 500//1667 1112//1667
f 827//448 634//448 338//448
f 876//1668 636//1668 1550//1668
f 1190//1669 1349//1669 990//1669
f 826//1670 498//1670 108//1670
f 1109//1671 1192//1671 633//1671
f 1027//1672 343//1672 991//1672
f 938//1673 679//1673 638//1673
f 1296//1674 1293//1674 334//1674
f 878//1675 1551//1675 348//1675
f 117//1676 879//1676 939//1676
f 164//1677 765//1677 504//1677
f 635//1678 1552//1678 505//1678
f 114//1679 509//1679 1195//1679
f 507//1680 761//1680 828//1680
f 766//1681 1553//1681 992//1681
f 1301//1682 115//1682 769//1682
f 123//1683 881//1683 883//1683
f 1196//1684 124//1684 1305//1684
f 941//1685 642//1685 555//1685
f 1554//1686 771//1686 942//1686
f 209//1687 1555//1687 763//1687
f 994//1688 354//1688 512//1688
f 829//1689 510//1689 126//1689
f 1556//1690 772//1690 773//1690
f 1198//1691 128//1691 121//1691
f 1392//1692 163//1692 1302//1692
f 1120//1693 353//1693 352//1693
f 1306//1694 127//1694 129//1694
f 943//1695 369//1695 775//1695
f 1123//1696 1557//1696 885//1696
f 646//1697 1558//1697 647//1697
f 514//1698 995//1698 944//1698
f 362//1699 361//1699 1559//1699
f 573//1700 1316//1700 1128//1700
f 1309//1701 515//1701 134//1701
f 884//1702 360//1702 135//1702
f 1560//1703 886//1703 680//1703
f 1200//1704 358//1704 357//1704
f 645//1705 682//1705 681//1705
f 1312//1706 131//1706 130//1706
f 144//1707 887//1707 888//1707
f 1395//1708 519//1708 137//1708
f 1202//1709 160//1709 1204//1709
f 1317//1710 572//1710 216//1710
f 947//1711 777//1711 375//1711
f 138//1712 518//1712 1129//1712
f 558//1713 650//1713 372//1713
f 649//1714 1561//1714 397//1714
f 1148//1715 374//1715 997//1715
f 652//1716 140//1716 1320//1716
f 891//1717 832//1717 161//1717
f 783//1718 782//1718 381//1718
f 784//1719 1397//1719 415//1719
f 1323//1720 416//1720 797//1720
f 1132//1721 215//1721 1562//1721
f 951//1722 148//1722 523//1722
f 838//1723 383//1723 1563//1723
f 1203//1724 521//1724 146//1724
f 384//1725 386//1725 522//1725
f 562//1726 378//1726 380//1726
f 1322//1727 1325//1727 150//1727
f 789//1728 149//1728 653//1728
f 1220//1729 1003//1729 796//1729
f 1138//1730 574//1730 661//1730
f 159//1731 524//1731 790//1731
f 1139//1732 526//1732 1136//1732
f 1399//1733 154//1733 1207//1733
f 156//1734 525//1734 1137//1734
f 1035//1735 392//1735 954//1735
f 1208//1736 1356//1736 687//1736
f 1328//1737 153//1737 655//1737
f 1327//1738 152//1738 157//1738
f 1564//1739 292//1739 291//1739
f 699//1740 234//1740 1565//1740
f 1566//1741 256//1741 711//1741
f 304//1742 1415//1742 957//1742
f 1036//1743 1567//1743 1037//1743
f 590//227 589//227 260//227
f 686//1744 851//1744 893//1744
f 1407//1745 660//1745 659//1745
f 899//1746 696//1746 900//1746
f 966//1747 226//1747 217//1747
f 1342//1748 1568//1748 221//1748
f 225//1749 1359//1749 1049//1749
f 1050//1750 1434//1750 4//1750
f 1400//1751 1058//1751 581//1751
f 1569//1752 292//1752 1174//1752
f 219//1753 1142//1753 1439//1753
f 1225//1754 1361//1754 10//1754
f 1570//1755 1437//1755 230//1755
f 1061//1756 906//1756 409//1756
f 1226//1757 422//1757 8//1757
f 1056//1758 1571//1758 1224//1758
f 232//1759 425//1759 233//1759
f 1228//1760 236//1760 1057//1760
f 1572//1761 234//1761 1425//1761
f 1059//1762 702//1762 904//1762
f 23//1763 1232//1763 1573//1763
f 1574//1764 1442//1764 242//1764
f 1575//1765 703//1765 704//1765
f 429//61 182//61 181//61
f 1576//1766 532//1766 1441//1766
f 1063//1767 586//1767 905//1767
f 1240//1768 1577//1768 1445//1768
f 909//1769 706//1769 534//1769
f 710//1770 32//1770 843//1770
f 1072//1771 689//1771 1330//1771
f 1073//1772 1449//1772 37//1772
f 253//1773 1166//1773 1578//1773
f 668//1774 1579//1774 910//1774
f 895//1775 402//1775 1580//1775
f 716//1776 1071//1776 911//1776
f 1246//1777 35//1777 34//1777
f 263//1778 591//1778 669//1778
f 978//1779 536//1779 538//1779
f 1453//1780 1169//1780 46//1780
f 1344//1781 1581//1781 274//1781
f 270//1782 1582//1782 718//1782
f 45//1783 976//1783 860//1783
f 1075//1784 1248//1784 40//1784
f 720//1785 1583//1785 913//1785
f 977//1786 1077//1786 592//1786
f 813//1787 722//1787 456//1787
f 1345//1788 1584//1788 280//1788
f 1372//1789 52//1789 1173//1789
f 540//1790 1145//1790 1462//1790
f 1082//1791 729//1791 917//1791
f 56//1792 49//1792 1253//1792
f 980//1793 1585//1793 981//1793
f 1255//1794 194//1794 1156//1794
f 286//1795 1257//1795 1586//1795
f 1587//1796 1354//1796 292//1796
f 1256//1797 1588//1797 1464//1797
f 544//1798 1016//1798 1467//1798
f 543//1799 288//1799 290//1799
f 1589//1800 197//1800 738//1800
f 735//1801 982//1801 983//1801
f 71//1802 1266//1802 1590//1802
f 1591//1803 867//1803 1470//1803
f 684//507 610//507 174//507
f 816//1804 68//1804 673//1804
f 1377//1805 607//1805 1093//1805
f 1592//1806 304//1806 1018//1806
f 479//1807 305//1807 739//1807
f 1269//1808 1593//1808 1180//1808
f 77//1809 1268//1809 1594//1809
f 308//1810 1019//1810 1475//1810
f 927//1811 1186//1811 616//1811
f 1272//1812 312//1812 1097//1812
f 1416//1813 316//1813 1021//1813
f 89//1814 1273//1814 1595//1814
f 958//1815 987//1815 317//1815
f 313//1816 199//1816 201//1816
f 615//1817 88//1817 871//1817
f 546//1818 1022//1818 1482//1818
f 1480//1819 625//1819 1379//1819
f 489//1820 98//1820 1485//1820
f 1596//1821 548//1821 1484//1821
f 1281//1822 322//1822 1101//1822
f 1597//1823 1103//1823 549//1823
f 1347//1824 1598//1824 331//1824
f 931//1825 492//1825 1283//1825
f 1108//1826 1288//1826 399//1826
f 551//1827 1026//1827 1488//1827
f 105//1828 104//1828 1291//1828
f 1386//1829 502//1829 107//1829
f 1285//1830 166//1830 337//1830
f 1113//1831 1599//1831 1491//1831
f 960//1832 875//1832 341//1832
f 1433//1833 203//1833 1157//1833
f 1600//1834 1490//1834 340//1834
f 1601//1835 677//1835 1387//1835
f 758//1836 1114//1836 937//1836
f 335//1837 759//1837 678//1837
f 1295//1838 109//1838 638//1838
f 111//1839 1388//1839 1602//1839
f 1115//1840 1500//1840 120//1840
f 570//1841 1603//1841 571//1841
f 349//1842 1421//1842 1147//1842
f 1299//1843 113//1843 1297//1843
f 1118//1844 1298//1844 112//1844
f 880//1845 553//1845 1154//1845
f 767//1846 346//1846 768//1846
f 1042//1847 336//1847 765//1847
f 554//1848 962//1848 1498//1848
f 557//1849 940//1849 941//1849
f 1029//1850 881//1850 356//1850
f 1303//1851 512//1851 125//1851
f 882//1852 511//1852 1405//1852
f 1604//1853 556//1853 1501//1853
f 122//1854 1307//1854 1605//1854
f 644//1855 773//1855 643//1855
f 1031//1856 370//1856 996//1856
f 1308//1857 1394//1857 132//1857
f 1310//1858 1393//1858 413//1858
f 885//1859 963//1859 363//1859
f 1124//1860 1506//1860 133//1860
f 641//1861 1606//1861 648//1861
f 1032//1862 887//1862 377//1862
f 1201//1863 136//1863 1319//1863
f 143//1864 1314//1864 1607//1864
f 778//1865 1127//1865 945//1865
f 1608//1866 780//1866 1515//1866
f 1315//1867 141//1867 650//1867
f 948//1868 785//1868 949//1868
f 1321//1869 561//1869 560//1869
f 1609//1870 1517//1870 385//1870
f 1324//1871 1610//1871 1516//1871
f 786//1872 1131//1872 950//1872
f 1611//1873 787//1873 788//1873
f 1152//1368 1036//1368 1430//1368
f 779//1874 1612//1874 1408//1874
f 953//1875 792//1875 387//1875
f 1326//1876 1398//1876 151//1876
f 1353//1877 1613//1877 388//1877
f 1150//1878 1149//1878 1614//1878
f 840//1879 1206//1879 154//1879
f 1615//1880 793//1880 1525//1880
f 1616//1881 1141//1881 795//1881
f 564//1882 655//1882 390//1882
f 842//1883 535//1883 1617//1883
f 1618//1884 846//1884 1177//1884
f 1619//1885 325//1885 959//1885
f 213//1886 693//1886 211//1886
f 841//1887 965//1887 966//1887
f 1217//1888 1436//1888 1620//1888
f 224//1889 187//1889 189//1889
f 803//1890 419//1890 1527//1890
f 687//1891 1621//1891 185//1891
f 1158//1892 227//1892 226//1892
f 530//1893 664//1893 528//1893
f 1622//1894 697//1894 967//1894
f 237//413 428//413 430//413
f 804//1895 9//1895 1160//1895
f 1005//1896 852//1896 231//1896
f 427//1897 14//1897 1531//1897
f 577//1898 667//1898 576//1898
f 1054//1899 424//1899 903//1899
f 1161//1900 1444//1900 18//1900
f 1233//1901 1623//1901 1234//1901
f 21//1902 437//1902 1062//1902
f 972//1903 247//1903 438//1903
f 248//1904 1411//1904 1143//1904
f 29//1905 1239//1905 1624//1905
f 1448//1906 857//1906 709//1906
f 405//1907 181//1907 183//1907
f 1625//1908 535//1908 1426//1908
f 1237//1909 33//1909 706//1909
f 256//1910 1413//1910 1011//1910
f 1626//1911 711//1911 974//1911
f 1210//1912 266//1912 1451//1912
f 1627//1913 717//1913 1076//1913
f 896//1914 251//1914 1165//1914
f 403//1915 178//1915 180//1915
f 272//1916 1371//1916 1456//1916
f 44//1917 1169//1917 1628//1917
f 1014//1918 976//1918 275//1918
f 1244//1919 1369//1919 179//1919
f 537//1920 1015//1920 1459//1920
f 599//1921 50//1921 723//1921
f 1629//1922 600//1922 1078//1922
f 862//1923 55//1923 57//1923
f 814//1924 457//1924 1401//1924
f 1373//1925 1250//1925 685//1925
f 733//1926 287//1926 63//1926
f 176//1927 799//1927 400//1927
f 1630//1928 603//1928 604//1928
f 463//1929 818//1929 198//1929
f 956//1930 865//1930 293//1930
f 919//1931 58//1931 285//1931
f 1086//1932 606//1932 918//1932
f 1375//1933 1257//1933 60//1933
f 1346//1934 1468//1934 298//1934
f 984//1935 72//1935 736//1935
f 1177//1936 467//1936 1087//1936
f 848//1937 671//1937 847//1937
f 1334//1938 296//1938 1471//1938
f 894//1939 746//1939 1473//1939
f 819//1940 477//1940 1402//1940
f 613//1941 676//1941 612//1941
f 1184//1942 486//1942 1096//1942
f 870//1943 1021//1943 315//1943
f 170//941 619//941 171//941
f 824//1944 623//1944 319//1944
f 1279//1945 1382//1945 91//1945
f 201//1946 200//1946 626//1946
f 1187//1947 1631//1947 1188//1947
f 1632//1948 1418//1948 325//1948
f 989//1949 324//1949 490//1949
f 547//1950 622//1950 318//1950
f 1020//1951 1383//1951 620//1951
f 327//1952 395//1952 328//1952
f 101//1953 493//1953 751//1953
f 628//1954 410//1954 412//1954
f 1633//1955 411//1955 1189//1955
f 1286//1956 1634//1956 1287//1956
f 825//1957 495//1957 1404//1957
f 1433//1958 1046//1958 205//1958
f 826//1959 499//1959 498//1959
f 1212//1960 344//1960 1492//1960
f 1116//1961 961//1961 878//1961
f 164//782 640//782 165//782
f 116//1962 1300//1962 1635//1962
f 1147//1963 879//1963 350//1963
f 1042//1964 764//1964 1391//1964
f 962//1965 347//1965 992//1965
f 1194//1966 639//1966 880//1966
f 1302//1967 367//1967 1125//1967
f 1350//1968 1502//1968 355//1968
f 1636//1969 209//1969 1197//1969
f 1304//1970 1637//1970 1305//1970
f 513//1971 356//1971 770//1971
f 414//1972 212//1972 831//1972
f 1422//1973 364//1973 1557//1973
f 833//1974 362//1974 1559//1974
f 1122//1975 357//1975 943//1975
f 359//1976 645//1976 681//1976
f 849//1977 131//1977 1312//1977
f 371//1978 1031//1978 1508//1978
f 1351//1979 1511//1979 376//1979
f 837//1980 518//1980 1406//1980
f 836//1981 776//1981 517//1981
f 888//1982 142//1982 144//1982
f 781//1983 373//1983 651//1983
f 1213//1984 559//1984 1513//1984
f 783//1985 381//1985 147//1985
f 1133//1986 523//1986 782//1986
f 383//1987 382//1987 1563//1987
f 952//1988 380//1988 379//1988
f 1153//1989 1638//1989 1036//1989
f 654//1990 149//1990 1135//1990
f 1214//1991 563//1991 1519//1991
f 1431//1992 1039//1992 1150//1992
f 158//1993 1398//1993 1639//1993
f 159//1994 998//1994 889//1994
f 794//1995 391//1995 656//1995
f 1140//1996 406//1996 1529//1996
f 1215//1997 565//1997 1523//1997
f 834//1998 648//1998 368//1998
f 800//1999 258//1999 451//1999
f 184//2000 850//2000 686//2000
f 566//2001 689//2001 252//2001
f 1004//2002 898//2002 222//2002
f 1048//2003 5//2003 1221//2003
f 1640//2004 696//2004 899//2004
f 1436//2005 223//2005 1049//2005
f 1568//2006 1435//2006 221//2006
f 1050//2007 1641//2007 1434//2007
f 901//2008 1//2008 417//2008
f 1044//2009 574//2009 1355//2009
f 420//2010 220//2010 421//2010
f 695//2011 694//2011 418//2011
f 803//2012 6//2012 1051//2012
f 1357//2013 1400//2013 185//2013
f 1052//2014 407//2014 1228//2014
f 1528//2015 662//2015 1358//2015
f 1424//2016 219//2016 1438//2016
f 1142//2017 218//2017 902//2017
f 1642//2018 965//2018 1643//2018
f 1159//2019 2//2019 227//2019
f 3//2020 1222//2020 1644//2020
f 228//2021 575//2021 663//2021
f 530//2022 529//2022 1053//2022
f 1043//2023 235//2023 801//2023
f 968//2024 697//2024 229//2024
f 1359//2025 578//2025 1055//2025
f 1061//2026 188//2026 1218//2026
f 580//221 579//221 408//221
f 1343//2027 1570//2027 230//2027
f 1226//2028 8//2028 1223//2028
f 805//2029 426//2029 9//2029
f 1056//2030 1224//2030 7//2030
f 423//2031 231//2031 698//2031
f 1058//2032 1360//2032 582//2032
f 1006//2033 233//2033 969//2033
f 1532//2034 665//2034 1440//2034
f 853//2035 13//2035 15//2035
f 577//2036 11//2036 1227//2036
f 236//2037 186//2037 583//2037
f 1645//2038 234//2038 1572//2038
f 1229//2039 1225//2039 12//2039
f 1646//2040 1054//2040 699//2040
f 14//2041 1361//2041 1647//2041
f 425//2042 806//2042 666//2042
f 1009//2043 970//2043 243//2043
f 1230//2044 20//2044 1060//2044
f 1648//2045 702//2045 1059//2045
f 1231//2046 431//2046 1533//2046
f 1530//2047 404//2047 1162//2047
f 688//2048 432//2048 409//2048
f 1209//2049 1574//2049 242//2049
f 434//2050 241//2050 435//2050
f 701//2051 1233//2051 19//2051
f 807//2052 700//2052 436//2052
f 437//2053 23//2053 1443//2053
f 531//2054 586//2054 238//2054
f 1649//2055 1007//2055 428//2055
f 855//2056 22//2056 24//2056
f 1235//2057 1064//2057 182//2057
f 1363//2058 703//2058 1575//2058
f 1329//2059 532//2059 1576//2059
f 1008//2060 240//2060 907//2060
f 1650//2061 1063//2061 533//2061
f 1444//2062 1232//2062 16//2062
f 854//2063 584//2063 239//2063
f 585//2064 17//2064 1236//2064
f 587//2065 710//2065 245//2065
f 1163//2066 26//2066 1065//2066
f 1651//2067 707//2067 971//2067
f 433//2068 1066//2068 1652//2068
f 1432//2069 1155//2069 190//2069
f 1362//2070 259//2070 1067//2070
f 30//2071 973//2071 844//2071
f 441//2072 440//2072 192//2072
f 1446//2073 1410//2073 248//2073
f 808//2074 27//2074 1069//2074
f 1240//2075 1445//2075 25//2075
f 444//2076 29//2076 1534//2076
f 705//2077 708//2077 443//2077
f 247//2078 249//2078 439//2078
f 534//2079 244//2079 246//2079
f 1241//2080 1068//2080 589//2080
f 183//485 588//485 590//485
f 857//2081 1447//2081 856//2081
f 535//2082 1010//2082 1427//2082
f 1653//2083 908//2083 1654//2083
f 1364//2084 31//2084 33//2084
f 1070//2085 28//2085 843//2085
f 1365//2086 1166//2086 36//2086
f 250//2087 191//2087 1164//2087
f 442//2088 1072//2088 1238//2088
f 1073//2089 1655//2089 1449//2089
f 713//2090 39//2090 1167//2090
f 254//2091 858//2091 912//2091
f 1656//2092 1412//2092 256//2092
f 974//2093 975//2093 445//2093
f 1245//2094 38//2094 1242//2094
f 809//2095 712//2095 447//2095
f 448//2096 253//2096 1450//2096
f 255//2097 257//2097 446//2097
f 449//2098 1367//2098 450//2098
f 1579//2099 668//2099 1366//2099
f 670//2100 669//2100 714//2100
f 1657//2101 1071//2101 716//2101
f 1243//2102 262//2102 261//2102
f 1246//2103 34//2103 715//2103
f 264//2104 263//2104 265//2104
f 266//2105 1012//2105 1452//2105
f 536//2106 267//2106 269//2106
f 1168//2107 41//2107 1247//2107
f 718//2108 1455//2108 1658//2108
f 567//2109 251//2109 811//2109
f 598//2110 597//2110 284//2110
f 1659//2111 270//2111 272//2111
f 1581//2112 1454//2112 274//2112
f 810//2113 42//2113 1170//2113
f 1045//2114 595//2114 1535//2114
f 271//2115 193//2115 195//2115
f 1076//2116 914//2116 454//2116
f 859//2117 719//2117 452//2117
f 1075//2118 1660//2118 1248//2118
f 453//2119 44//2119 1457//2119
f 273//2120 275//2120 455//2120
f 860//2121 721//2121 594//2121
f 1369//2122 1013//2122 596//2122
f 1580//2123 402//2123 1074//2123
f 1583//2124 720//2124 1370//2124
f 1077//2125 1453//2125 48//2125
f 1661//2126 977//2126 538//2126
f 812//2127 593//2127 268//2127
f 1249//2128 47//2128 43//2128
f 1331//2129 537//2129 1458//2129
f 1144//2130 861//2130 281//2130
f 1171//2131 53//2131 1372//2131
f 1662//2132 725//2132 915//2132
f 916//2133 279//2133 458//2133
f 1584//2134 1460//2134 280//2134
f 1172//2135 1663//2135 1173//2135
f 602//2136 1428//2136 1078//2136
f 601//2137 194//2137 464//2137
f 54//2138 457//2138 1079//2138
f 459//2139 722//2139 813//2139
f 1463//2140 726//2140 1536//2140
f 1251//2141 55//2141 724//2141
f 727//2142 277//2142 723//2142
f 1080//2143 282//2143 920//2143
f 1368//2144 403//2144 283//2144
f 1145//2145 278//2145 979//2145
f 1081//2146 1252//2146 51//2146
f 1664//2147 1082//2147 728//2147
f 539//2148 729//2148 276//2148
f 56//2149 1253//2149 1665//2149
f 1332//2150 540//2150 1461//2150
f 288//2151 542//2151 289//2151
f 1254//2152 62//2152 1083//2152
f 1666//2153 1174//2153 980//2153
f 1255//2154 964//2154 462//2154
f 1667//2155 603//2155 1537//2155
f 815//2156 63//2156 1085//2156
f 1668//2157 1587//2157 292//2157
f 981//2158 291//2158 460//2158
f 461//2159 293//2159 732//2159
f 1256//2160 1464//2160 61//2160
f 605//2161 286//2161 1538//2161
f 1541//2162 864//2162 1465//2162
f 845//2163 730//2163 731//2163
f 1250//2164 1259//2164 401//2164
f 1540//2165 175//2165 1084//2165
f 1016//2166 290//2166 863//2166
f 1669//2167 1086//2167 734//2167
f 1175//2168 1375//2168 541//2168
f 1261//2169 59//2169 58//2169
f 1333//2170 544//2170 1466//2170
f 294//2171 475//2171 295//2171
f 297//2172 299//2172 468//2172
f 1262//2173 65//2173 64//2173
f 1264//2174 69//2174 474//2174
f 1265//2175 197//2175 1670//2175
f 1539//2176 1258//2176 465//2176
f 198//2177 466//2177 196//2177
f 817//2178 66//2178 1176//2178
f 470//2179 71//2179 1542//2179
f 1091//2180 1181//2180 300//2180
f 738//2181 1671//2181 1672//2181
f 298//2182 1469//2182 1146//2182
f 1177//2183 1673//2183 921//2183
f 737//2184 736//2184 469//2184
f 1088//2185 1674//2185 1263//2185
f 471//2186 1260//2186 472//2186
f 1090//2187 70//2187 847//2187
f 1089//2188 1182//2188 610//2188
f 177//2189 176//2189 473//2189
f 1374//2190 173//2190 1095//2190
f 867//2191 1591//2191 866//2191
f 1675//2192 982//2192 735//2192
f 1376//2193 1266//2193 67//2193
f 816//2194 673//2194 672//2194
f 296//2195 1017//2195 1472//2195
f 957//2196 926//2196 305//2196
f 1178//2197 74//2197 1179//2197
f 1676//2198 1543//2198 922//2198
f 608//2199 607//2199 302//2199
f 1592//2200 1414//2200 304//2200
f 923//2201 303//2201 478//2201
f 868//2202 739//2202 476//2202
f 1269//2203 1180//2203 73//2203
f 75//2204 477//2204 1094//2204
f 77//2205 79//2205 1268//2205
f 1019//2206 307//2206 985//2206
f 869//2207 76//2207 78//2207
f 480//2208 172//2208 174//2208
f 611//2209 1183//2209 481//2209
f 1476//2210 674//2210 1544//2210
f 1677//2211 924//2211 740//2211
f 1270//2212 1267//2212 81//2212
f 925//2213 482//2213 306//2213
f 483//2214 820//2214 675//2214
f 613//2215 80//2215 1271//2215
f 1335//2216 308//2216 1474//2216
f 309//2217 87//2217 821//2217
f 743//2218 742//2218 484//2218
f 1678//2219 1478//2219 1184//2219
f 609//2220 1272//2220 1093//2220
f 569//2221 301//2221 929//2221
f 1417//2222 1477//2222 316//2222
f 1098//2223 1679//2223 1275//2223
f 90//2224 987//2224 871//2224
f 822//2225 84//2225 1185//2225
f 485//2226 89//2226 1479//2226
f 1219//2227 617//2227 1545//2227
f 313//2228 312//2228 568//2228
f 1274//2229 83//2229 82//2229
f 315//2230 317//2230 487//2230
f 1483//2231 744//2231 1546//2231
f 745//2232 310//2232 614//2232
f 1092//2233 1276//2233 170//2233
f 1099//2234 618//2234 1281//2234
f 746//2235 798//2235 169//2235
f 1336//2236 546//2236 1481//2236
f 1022//2237 311//2237 986//2237
f 1680//2238 927//2238 741//2238
f 1378//2239 1273//2239 85//2239
f 928//2240 616//2240 545//2240
f 615//2241 86//2241 1277//2241
f 99//2242 872//2242 874//2242
f 1278//2243 95//2243 1381//2243
f 1681//2244 1380//2244 988//2244
f 625//2245 1480//2245 314//2245
f 325//2246 1419//2246 1024//2246
f 324//2247 326//2247 491//2247
f 873//2248 747//2248 488//2248
f 823//2249 1187//2249 94//2249
f 96//2250 489//2250 1100//2250
f 98//2251 1382//2251 1682//2251
f 1280//2252 92//2252 97//2252
f 1101//2253 321//2253 1000//2253
f 621//2254 620//2254 323//2254
f 1384//2255 748//2255 1547//2255
f 1211//2256 548//2256 1596//2256
f 1023//2257 320//2257 1102//2257
f 1282//2258 93//2258 622//2258
f 624//2259 749//2259 623//2259
f 549//2260 1103//2260 930//2260
f 1025//2261 1105//2261 332//2261
f 1026//2262 329//2262 934//2262
f 1683//2263 755//2263 931//2263
f 628//2264 1002//2264 802//2264
f 1104//2265 200//2265 1001//2265
f 627//2266 1548//2266 1684//2266
f 167//2267 754//2267 398//2267
f 1526//2268 1157//2268 202//2268
f 501//2269 1294//2269 1189//2269
f 1598//2270 1486//2270 331//2270
f 932//2271 330//2271 492//2271
f 1107//2272 100//2272 1287//2272
f 751//2273 750//2273 494//2273
f 825//2274 102//2274 1106//2274
f 1685//2275 1108//2275 683//2275
f 1549//2276 756//2276 1489//2276
f 933//2277 103//2277 496//2277
f 631//2278 394//2278 1110//2278
f 757//2279 328//2279 630//2279
f 1288//2280 1109//2280 632//2280
f 1403//2281 753//2281 1284//2281
f 1337//2282 551//2282 1487//2282
f 1686//2283 935//2283 752//2283
f 1289//2284 1290//2284 393//2284
f 936//2285 629//2285 550//2285
f 105//2286 1291//2286 1687//2286
f 990//2287 1349//2287 339//2287
f 497//2288 875//2288 938//2288
f 1386//2289 107//2289 1292//2289
f 1293//2290 1388//2290 110//2290
f 1688//2291 1216//2291 1190//2291
f 1285//2292 337//2292 1111//2292
f 1113//2293 1491//2293 106//2293
f 876//2294 108//2294 1191//2294
f 636//2295 111//2295 1550//2295
f 690//2296 500//2296 204//2296
f 1348//2297 1600//2297 340//2297
f 503//2298 341//2298 499//2298
f 679//2299 678//2299 637//2299
f 168//2300 633//2300 827//2300
f 677//2301 1601//2301 991//2301
f 1689//2302 1114//2302 758//2302
f 1296//2303 334//2303 333//2303
f 342//2304 335//2304 343//2304
f 1295//2305 552//2305 109//2305
f 344//2306 1027//2306 1493//2306
f 1690//2307 1551//2307 1116//2307
f 571//2308 1494//2308 1112//2308
f 762//2309 570//2309 207//2309
f 504//2310 336//2310 338//2310
f 760//2311 114//2311 1195//2311
f 691//2312 208//2312 210//2312
f 763//2313 1555//2313 1117//2313
f 939//2314 115//2314 117//2314
f 1496//2315 1420//2315 349//2315
f 1299//2316 506//2316 113//2316
f 1118//2317 1691//2317 1298//2317
f 509//2318 116//2318 1495//2318
f 828//2319 761//2319 508//2319
f 348//2320 350//2320 507//2320
f 1385//2321 1552//2321 635//2321
f 1192//2322 1692//2322 634//2322
f 769//2323 119//2323 1301//2323
f 1553//2324 766//2324 1499//2324
f 1429//2325 554//2325 1497//2325
f 1693//2326 1194//2326 1193//2326
f 1500//2327 118//2327 120//2327
f 877//2328 768//2328 346//2328
f 553//2329 345//2329 347//2329
f 1028//2330 353//2330 1120//2330
f 830//2331 643//2331 352//2331
f 1694//2332 890//2332 993//2332
f 942//2333 206//2333 1046//2333
f 355//2334 1503//2334 1029//2334
f 994//2335 1695//2335 354//2335
f 1303//2336 125//2336 1196//2336
f 126//2337 511//2337 1119//2337
f 882//2338 1304//2338 124//2338
f 829//2339 770//2339 510//2339
f 555//2340 642//2340 351//2340
f 1696//2341 1339//2341 505//2341
f 883//2342 121//2342 123//2342
f 1697//2343 1390//2343 640//2343
f 1392//2344 764//2344 163//2344
f 1389//2345 772//2345 1556//2345
f 1121//2346 1306//2346 129//2346
f 1698//2347 940//2347 557//2347
f 122//2348 127//2348 1307//2348
f 644//2349 128//2349 1198//2349
f 1338//2350 556//2350 1604//2350
f 1699//2351 963//2351 1123//2351
f 647//2352 1700//2352 1197//2352
f 1310//2353 771//2353 1554//2353
f 1558//2354 646//2354 1128//2354
f 944//2355 130//2355 514//2355
f 361//2356 1394//2356 1701//2356
f 1047//2357 212//2357 1393//2357
f 1423//2358 1505//2358 364//2358
f 1030//2359 995//2359 365//2359
f 515//2360 363//2360 516//2360
f 1309//2361 134//2361 1311//2361
f 833//2362 135//2362 1199//2362
f 1124//2363 1702//2363 1506//2363
f 884//2364 774//2364 360//2364
f 1703//2365 1510//2365 641//2365
f 1126//2366 1704//2366 649//2366
f 1125//2367 366//2367 892//2367
f 1509//2368 886//2368 1560//2368
f 1705//2369 1122//2369 775//2369
f 1200//2370 1308//2370 358//2370
f 849//2371 680//2371 682//2371
f 1340//2372 371//2372 1507//2372
f 369//2373 359//2373 370//2373
f 1395//2374 137//2374 1201//2374
f 1706//2375 777//2375 946//2375
f 572//2376 1316//2376 573//2376
f 693//2377 692//2377 214//2377
f 143//2378 139//2378 1314//2378
f 376//2379 1512//2379 1032//2379
f 947//2380 375//2380 519//2380
f 1318//2381 1707//2381 1319//2381
f 837//2382 138//2382 1129//2382
f 520//2383 377//2383 776//2383
f 558//2384 372//2384 374//2384
f 1561//2385 1341//2385 397//2385
f 1504//2386 891//2386 1202//2386
f 161//2387 832//2387 396//2387
f 780//2388 1608//2388 997//2388
f 1708//2389 1127//2389 778//2389
f 1315//2390 1313//2390 141//2390
f 1320//2391 142//2391 652//2391
f 835//2392 140//2392 651//2392
f 559//2393 1148//2393 1514//2393
f 1709//2394 785//2394 948//2394
f 216//2395 1132//2395 1317//2395
f 784//2396 897//2396 1396//2396
f 1562//2397 215//2397 1323//2397
f 838//2398 147//2398 1134//2398
f 416//2399 796//2399 797//2399
f 1352//2400 1609//2400 385//2400
f 1033//2401 1133//2401 386//2401
f 1203//2402 146//2402 1130//2402
f 521//2403 384//2403 522//2403
f 1324//2404 1516//2404 145//2404
f 562//2405 560//2405 378//2405
f 1710//2406 1711//2406 779//2406
f 1712//2407 1153//2407 1152//2407
f 1204//2408 160//2408 658//2408
f 162//2409 1408//2409 999//2409
f 1518//2410 787//2410 1611//2410
f 1713//2411 1131//2411 786//2411
f 1322//2412 150//2412 561//2412
f 382//2413 1325//2413 1714//2413
f 654//2414 148//2414 951//2414
f 789//2415 653//2415 379//2415
f 563//2416 1034//2416 1520//2416
f 791//2417 790//2417 524//2417
f 1136//2418 155//2418 1399//2418
f 1715//2419 792//2419 1139//2419
f 1220//2420 415//2420 1397//2420
f 1041//2421 1040//2421 1716//2421
f 1613//2422 1522//2422 388//2422
f 1206//2423 1717//2423 1207//2423
f 1138//2424 660//2424 1003//2424
f 661//2425 224//2425 659//2425
f 1149//2426 1039//2426 1521//2426
f 1151//2427 998//2427 389//2427
f 526//2428 387//2428 527//2428
f 840//2429 156//2429 1137//2429
f 525//2430 158//2430 1409//2430
f 1718//2431 1356//2431 1208//2431
f 1205//2432 851//2432 1140//2432
f 1038//789 1037//789 1719//789
f 793//2433 1615//2433 954//2433
f 1328//2434 1326//2434 153//2434
f 1327//2435 157//2435 657//2435
f 839//2436 152//2436 656//2436
f 564//2437 390//2437 392//2437
f 565//2438 1035//2438 1524//2438
f 795//2439 1141//2439 955//2439
