# Blender 5.2.2 LTS
# www.blender.org
mtllib back_right_wheel_visuals.mtl
o back_right_wheel
v 0.316988 2.644003 -4.015185
v 0.600258 3.373803 -3.416285
v 0.600258 2.644003 -4.015185
v 0.316988 1.811773 -4.459985
v 0.600258 1.811773 -4.459985
v 0.316988 0.908544 -4.733984
v 0.600258 0.908544 -4.733984
v 0.297938 2.635504 -4.002384
v 0.316988 -0.030786 -4.826484
v 0.600258 -0.030786 -4.826484
v 0.297938 1.805893 -4.445785
v 0.297938 0.905544 -4.718984
v 0.316988 -0.970156 -4.733984
v 0.600258 -0.970156 -4.733984
v 0.297938 -0.030786 -4.811184
v 0.316988 -1.873346 -4.459985
v 0.600258 -1.873346 -4.459985
v 0.297938 -0.967166 -4.718885
v 0.316988 -2.705766 -4.015084
v 0.600258 -2.705766 -4.015084
v 0.297938 -1.867466 -4.445785
v 0.316988 -3.435396 -3.416285
v 0.600258 -3.435396 -3.416285
v 0.297938 -2.697236 -4.002285
v 0.316988 -4.034176 -2.686684
v 0.600258 -4.034176 -2.686684
v 0.297938 -3.424536 -3.405485
v 0.316988 -4.479166 -1.854184
v 0.600258 -4.479166 -1.854184
v 0.297938 -4.021406 -2.678084
v 0.316988 -4.753115 -0.950984
v 0.600258 -4.753115 -0.950984
v 0.297938 -4.464975 -1.848284
v 0.316988 -4.845625 -0.011684
v 0.600258 -4.845625 -0.011684
v 0.297938 -4.738046 -0.947984
v 0.316988 -4.753115 0.927646
v 0.600258 -4.753115 0.927646
v 0.297938 -4.830266 -0.011684
v 0.316988 -4.479125 1.830876
v 0.600258 -4.479125 1.830876
v 0.297938 -4.738046 0.924646
v 0.316988 -4.034185 2.663296
v 0.600258 -4.034185 2.663296
v 0.297938 -4.464935 1.824996
v 0.316988 -3.435395 3.392926
v 0.600258 -3.435395 3.392926
v 0.297938 -4.021416 2.654766
v -0.089582 -3.014396 0.581796
v 0.600258 -3.435395 3.392926
v 0.316988 -2.705765 3.991706
v 0.600258 -2.705765 3.991706
v 0.297938 -3.424536 3.382066
v -0.089582 -2.841296 1.152466
v 0.316988 -1.873345 4.436656
v 0.600258 -1.873345 4.436656
v 0.297938 -2.697236 3.978936
v -0.089582 -2.560175 1.678406
v 0.316988 -0.970136 4.710636
v 0.600258 -0.970136 4.710636
v 0.297938 -1.867476 4.422466
v -0.089582 -2.181856 2.139396
v 0.316988 -0.030786 4.803166
v 0.600258 -0.030786 4.803166
v 0.297938 -0.967146 4.695576
v -0.089582 -1.720856 2.517726
v 0.316988 0.908544 4.710636
v 0.600258 0.908544 4.710636
v 0.297938 -0.030786 4.787806
v -0.089582 -1.194926 2.798836
v 0.316988 1.811774 4.436656
v 0.600258 1.811774 4.436656
v 0.297938 0.905545 4.695576
v -0.089582 -0.624246 2.971956
v 0.316988 2.644204 3.991705
v 0.600258 2.644204 3.991705
v 0.297938 1.805894 4.422466
v -0.089582 -0.030766 3.030406
v 0.316988 3.373804 3.392926
v 0.600258 3.373804 3.392926
v 0.297938 2.635704 3.978936
v -0.089582 0.562714 2.971956
v 0.316988 3.972603 2.663296
v 0.600258 3.972603 2.663296
v 0.297938 3.363003 3.382065
v -0.089582 1.133394 2.798846
v 0.316988 4.417503 1.830875
v 0.600258 4.417503 1.830875
v 0.297938 3.959804 2.654755
v -0.089582 1.659324 2.517725
v 0.316988 4.691503 0.927646
v 0.600258 4.691503 0.927646
v 0.297938 4.403404 1.824995
v -0.089582 2.120304 2.139396
v 0.316988 4.784103 -0.011685
v 0.600258 4.784103 -0.011685
v 0.297938 4.676503 0.924646
v -0.089582 2.498604 1.678406
v 0.316988 4.691503 -0.951084
v 0.600258 4.691503 -0.951084
v 0.297938 4.768703 -0.011685
v -0.089582 2.779804 1.152475
v 0.316988 4.417503 -1.854285
v 0.600258 4.417503 -1.854285
v 0.297938 4.676503 -0.948085
v -0.089582 2.952903 0.581795
v 0.316988 3.972603 -2.686685
v 0.600258 3.972603 -2.686685
v 0.297938 4.403404 -1.848384
v -0.089582 3.011303 -0.011685
v 0.316988 3.373803 -3.416285
v 0.600258 3.373803 -3.416285
v 0.297938 3.959803 -2.678085
v 0.297938 3.363003 -3.405384
v -0.089582 2.952803 -0.605284
v -0.089582 2.779804 -1.175884
v -0.089582 2.498603 -1.701785
v -0.089582 2.120304 -2.162785
v -0.097092 2.942304 -0.011685
v -0.097092 2.885203 -0.591785
v -0.097092 2.885203 0.568345
v -0.097092 2.716004 -1.149485
v -0.097092 2.716004 1.126076
v -0.097092 2.441303 -1.663484
v -0.097092 2.441304 1.640085
v -0.097092 2.071543 -2.113985
v -0.097092 2.071544 2.090626
v -0.089582 1.659323 -2.541085
v -0.097092 1.621003 -2.483784
v -0.097092 1.621004 2.460365
v -0.089582 1.133394 -2.822184
v -0.097092 1.106994 2.735116
v -0.097092 1.106993 -2.758485
v -0.097092 0.549264 2.904306
v -0.089582 0.562713 -2.995284
v -0.097092 0.549263 -2.927685
v -0.097092 -0.030766 2.961426
v -0.089582 -0.030767 -3.053785
v -0.097092 -0.030767 -2.984785
v -0.097092 -0.610796 2.904306
v -0.089582 -0.624246 -2.995284
v -0.097092 -0.610787 -2.927685
v -0.097092 -1.168526 2.735116
v -0.089582 -1.194927 -2.822184
v -0.097092 -1.168527 -2.758485
v -0.097092 -1.682536 2.460366
v -0.089582 -1.720856 -2.541085
v -0.097092 -1.682536 -2.483783
v -0.097092 -2.133075 2.090626
v -0.089582 -2.181846 -2.162784
v -0.097092 -2.133076 -2.113985
v -0.097092 -2.502825 1.640086
v -0.089582 -2.560166 -1.701784
v -0.097092 -2.502826 -1.663484
v -0.097092 -2.777566 1.126076
v -0.089582 -2.841296 -1.175884
v -0.097092 -2.777566 -1.149484
v -0.089582 -3.014396 -0.605184
v -0.097092 -2.946756 -0.591685
v -0.097092 -2.946756 0.568336
v -0.089582 -3.072856 -0.011684
v -0.097092 -3.003886 -0.011684
v 0.600258 4.691503 -0.951084
v 0.600258 4.784103 -0.011685
v 0.617528 4.674503 -0.947685
v 0.617528 4.401503 -1.847585
v 0.600258 4.417503 -1.854285
v 0.617528 4.766703 -0.011685
v 0.600258 4.691503 0.927646
v 0.617528 4.640503 -0.940885
v 0.617528 3.958203 -2.676985
v 0.600258 3.972603 -2.686685
v 0.617528 4.674503 0.924255
v 0.600258 4.417503 1.830875
v 0.617528 3.361603 -3.403985
v 0.600258 3.373803 -3.416285
v 0.617528 4.369403 -1.834285
v 0.617528 3.929303 -2.657784
v 0.617528 2.634403 -4.000785
v 0.600258 2.644003 -4.015185
v 0.617528 3.337003 -3.379484
v 0.617528 1.805133 -4.443985
v 0.600258 1.811773 -4.459985
v 0.617528 2.615103 -3.971885
v 0.617528 0.905163 -4.716984
v 0.600258 0.908544 -4.733984
v 0.617528 1.791854 -4.411884
v 0.617528 -0.030786 -4.809185
v 0.600258 -0.030786 -4.826484
v 0.617528 0.898384 -4.682984
v 0.617528 -0.966776 -4.716984
v 0.600258 -0.970156 -4.733984
v 0.617528 -0.030786 -4.774485
v 0.617528 -1.866706 -4.443985
v 0.600258 -1.873346 -4.459985
v 0.617528 -0.960006 -4.682984
v 0.617528 -2.696126 -4.000684
v 0.600258 -2.705766 -4.015084
v 0.617528 -1.853426 -4.411884
v 0.617528 -3.423126 -3.403985
v 0.600258 -3.435396 -3.416285
v 0.617528 -2.676836 -3.971784
v 0.617528 -4.019755 -2.676984
v 0.600258 -4.034176 -2.686684
v 0.617528 -3.398586 -3.379484
v 0.617528 -4.463135 -1.847484
v 0.600258 -4.479166 -1.854184
v 0.617528 -3.990896 -2.657784
v 0.617528 -4.736095 -0.947584
v 0.600258 -4.753115 -0.950984
v 0.617528 -4.431066 -1.834184
v 0.617528 -4.828275 -0.011684
v 0.600258 -4.845625 -0.011684
v 0.617528 -4.702045 -0.940884
v 0.617528 -4.736095 0.924256
v 0.600258 -4.753115 0.927646
v 0.617528 -4.793565 -0.011684
v 0.617528 -4.463096 1.824236
v 0.600258 -4.479125 1.830876
v 0.617528 -4.702045 0.917486
v 0.617528 -4.019755 2.653656
v 0.600258 -4.034185 2.663296
v 0.617528 -4.431026 1.810956
v 0.617528 -3.423126 3.380656
v 0.600258 -3.435395 3.392926
v 0.617528 -3.990896 2.634376
v 0.617528 -2.696126 3.977286
v 0.600258 -2.705765 3.991706
v 0.617528 -3.398586 3.356116
v 0.617528 -1.866705 4.420626
v 0.600258 -1.873345 4.436656
v 0.617528 -2.676845 3.948426
v 0.617528 -0.966756 4.693616
v 0.600258 -0.970136 4.710636
v 0.617528 -1.853425 4.388556
v 0.617528 -0.030786 4.785816
v 0.600258 -0.030786 4.803166
v 0.617528 -0.959986 4.659576
v 0.617528 0.905154 4.693626
v 0.600258 0.908544 4.710636
v 0.617528 -0.030786 4.751096
v 0.617528 1.805134 4.420626
v 0.600258 1.811774 4.436656
v 0.617528 0.898384 4.659576
v 0.617528 2.634604 3.977286
v 0.600258 2.644204 3.991705
v 0.617528 1.791854 4.388556
v 0.617528 3.361603 3.380656
v 0.600258 3.373804 3.392926
v 0.617528 2.615304 3.948425
v 0.617528 3.958204 2.653656
v 0.600258 3.972603 2.663296
v 0.617528 3.337004 3.356116
v 0.617528 4.401503 1.824235
v 0.617528 3.929303 2.634376
v 0.617528 4.369503 1.810956
v 0.617528 4.640503 0.917485
v 0.600258 4.353404 1.804306
v 0.617528 4.732003 -0.011685
v 0.600258 4.623503 0.914106
v 0.600258 4.714603 -0.011685
v 0.600258 4.623403 -0.937585
v 0.600258 4.353404 -1.827684
v 0.349228 4.623403 -0.937585
v 0.600258 3.914903 -2.648085
v 0.349228 4.353404 -1.827684
v 0.600258 3.324703 -3.367184
v 0.349228 3.914903 -2.648085
v 0.600258 2.605503 -3.957484
v 0.349228 3.324703 -3.367184
v 0.600258 1.785214 -4.395884
v 0.349228 2.605503 -3.957484
v 0.600258 0.895004 -4.665884
v 0.349228 1.785214 -4.395884
v 0.600258 -0.030786 -4.757084
v 0.349228 0.895004 -4.665884
v 0.600258 -0.956616 -4.665884
v 0.349228 -0.030786 -4.757084
v 0.600258 -1.846786 -4.395884
v 0.349228 -0.956616 -4.665884
v 0.600258 -2.667206 -3.957384
v 0.349228 -1.846786 -4.395884
v 0.600258 -3.386316 -3.367183
v 0.349228 -2.667206 -3.957384
v 0.600258 -3.976466 -2.648084
v 0.349228 -3.386316 -3.367183
v 0.600258 -4.415035 -1.827584
v 0.349228 -3.976466 -2.648084
v 0.600258 -4.685035 -0.937484
v 0.349228 -4.415035 -1.827584
v 0.600258 -4.776216 -0.011684
v 0.349228 -4.685035 -0.937484
v 0.600258 -4.685035 0.914096
v 0.349228 -4.776216 -0.011684
v 0.600258 -4.414995 1.804306
v 0.349228 -4.685035 0.914096
v 0.600258 -3.976465 2.624736
v 0.349228 -4.414995 1.804306
v 0.600258 -3.386315 3.343846
v 0.349228 -3.976465 2.624736
v 0.600258 -2.667206 3.933996
v 0.349228 -3.386315 3.343846
v 0.600258 -1.846786 4.372526
v 0.349228 -2.667206 3.933996
v 0.600258 -0.956596 4.642556
v 0.349228 -1.846786 4.372526
v 0.600258 -0.030786 4.733756
v 0.349228 -0.956596 4.642556
v 0.600258 0.895005 4.642566
v 0.349228 -0.030786 4.733756
v 0.600258 1.785214 4.372526
v 0.349228 0.895005 4.642566
v 0.600258 2.605604 3.933996
v 0.349228 1.785214 4.372526
v 0.600258 3.324704 3.343845
v 0.349228 2.605604 3.933996
v 0.600258 3.914904 2.624736
v 0.349228 3.324704 3.343845
v 0.349228 3.914904 2.624736
v 0.349228 4.353404 1.804306
v 0.313188 3.890503 2.608455
v 0.349228 4.623503 0.914106
v 0.313188 4.326403 1.793105
v 0.349228 4.714603 -0.011685
v 0.313188 4.594703 0.908385
v 0.313188 4.685403 -0.011685
v 0.313188 4.594703 -0.931784
v 0.313188 4.326403 -1.816484
v -0.042832 2.955104 -0.605685
v 0.313188 3.890503 -2.631785
v -0.042832 2.781804 -1.176685
v 0.313188 3.304003 -3.346484
v -0.042832 2.500503 -1.702985
v 0.313188 2.589203 -3.933085
v -0.042832 2.121903 -2.164385
v 0.313188 1.774003 -4.368885
v -0.042832 1.660584 -2.542985
v 0.313188 0.889293 -4.637185
v -0.042832 1.134253 -2.824284
v 0.313188 -0.030786 -4.727784
v -0.042832 0.563154 -2.997584
v 0.313188 -0.950907 -4.637185
v -0.042832 -0.030767 -3.056084
v 0.313188 -1.835576 -4.368885
v -0.042832 -0.624687 -2.997584
v 0.313188 -2.650926 -3.932984
v -0.042832 -1.195786 -2.824284
v 0.313188 -3.365606 -3.346483
v -0.042832 -1.722116 -2.542984
v 0.313188 -3.952116 -2.631785
v -0.042832 -2.183446 -2.164384
v 0.313188 -4.387976 -1.816384
v -0.042832 -2.562046 -1.702984
v 0.313188 -4.656305 -0.931784
v -0.042832 -2.843376 -1.176684
v 0.313188 -4.746925 -0.011684
v -0.042832 -3.016616 -0.605585
v 0.313188 -4.656305 0.908386
v -0.042832 -3.075115 -0.011684
v -0.050092 -2.948936 -0.592184
v 0.313188 -4.387936 1.793106
v -0.050092 -3.006116 -0.011684
v -0.050092 -2.779626 -1.150284
v -0.050092 -2.948936 0.568776
v -0.042832 -3.016616 0.582236
v -0.050092 -2.779626 1.126926
v -0.050092 -2.504676 -1.664684
v -0.042832 -2.843376 1.153336
v -0.050092 -2.504675 1.641326
v -0.050092 -2.134656 -2.115584
v 0.313188 -3.952115 2.608456
v -0.042832 -2.562055 1.679666
v 0.313188 -3.365605 3.323136
v -0.050092 -2.134656 2.092206
v -0.042832 -2.183446 2.140996
v 0.313188 -2.650936 3.909646
v -0.050092 -1.683776 -2.485584
v -0.050092 -1.683776 2.462226
v -0.042832 -1.722116 2.519596
v 0.313188 -1.835576 4.345466
v -0.050092 -1.169386 2.737176
v -0.042832 -1.195786 2.800925
v 0.313188 -0.950885 4.613836
v -0.050092 -1.169376 -2.760584
v -0.050092 -0.611226 2.906486
v -0.050092 -0.611226 -2.929885
v -0.042832 -0.624686 2.974165
v -0.050092 -0.030766 2.963666
v -0.050092 -0.030767 -2.986985
v 0.313188 -0.030786 4.704456
v -0.042832 -0.030766 3.032666
v 0.313188 0.889284 4.613836
v -0.050092 0.549694 2.906496
v -0.042832 0.563154 2.974165
v 0.313188 1.774004 4.345466
v -0.050092 0.549694 -2.929885
v -0.050092 1.107844 2.737176
v -0.050092 1.107843 -2.760584
v -0.042832 1.134254 2.800925
v -0.050092 1.622244 2.462225
v -0.050092 1.622244 -2.485584
v 0.313188 2.589403 3.909646
v -0.042832 1.660584 2.519595
v 0.313188 3.304004 3.323135
v -0.050092 2.073124 2.092206
v -0.042832 2.121904 2.140996
v -0.050092 2.073123 -2.115585
v -0.050092 2.443104 1.641325
v -0.042832 2.500504 1.679665
v -0.050092 2.443103 -1.664685
v -0.050092 2.718103 1.126925
v -0.042832 2.781804 1.153335
v -0.050092 2.718103 -1.150285
v -0.050092 2.887403 0.568776
v -0.042832 2.955104 0.582236
v -0.050092 2.887403 -0.592185
v -0.050092 2.944603 -0.011685
v -0.042832 3.013604 -0.011685
v 0.006698 9.383503 -2.574785
v -0.458833 9.389202 -2.557484
v -0.480653 9.571502 -1.712785
v 0.264648 9.671702 -1.050385
v 0.991988 9.550503 -1.641685
v 0.149058 10.378002 -1.409585
v 0.264648 8.875802 -3.997885
v 0.991988 8.577803 -4.522784
v 0.149058 9.436603 -4.557785
v -0.458833 8.141403 -5.343985
v -0.343243 8.607502 -5.984785
v -1.186193 7.764802 -5.815785
v 0.006698 8.130603 -5.358685
v -0.480653 8.575903 -4.596886
v 0.217848 8.180403 -5.261784
v -0.458833 6.093603 -7.608385
v -0.343243 6.338903 -8.361986
v -1.186193 5.589703 -7.940785
v 0.264648 7.208102 -6.555185
v 0.991988 6.762403 -6.962385
v 0.149058 7.568403 -7.260984
v 0.006698 6.078903 -7.619085
v -0.480653 6.737702 -7.032185
v 0.217848 6.156202 -7.542285
v 0.264648 4.831703 -8.471984
v 0.991988 4.282003 -8.721484
v 0.149058 4.956303 -9.254584
v 0.006698 3.429003 -9.134884
v -0.480653 4.236903 -8.780285
v 0.217848 3.526203 -9.085685
v -0.458833 3.446403 -9.129284
v -0.343243 3.446803 -9.921784
v -1.186193 2.864403 -9.289584
v 0.006698 0.440423 -9.757585
v -0.343243 0.214183 -10.511485
v -0.458833 0.458663 -9.757686
v 0.264648 1.979343 -9.560584
v 0.991988 1.379463 -9.628085
v 0.149058 1.855973 -10.343385
v 0.264648 -1.069837 -9.714484
v 0.991988 -1.661197 -9.593284
v 0.149058 -1.429056 -10.420884
v 0.006698 -2.594306 -9.426385
v -0.480653 -1.732237 -9.614384
v 0.217848 -2.486757 -9.443684
v -0.458833 -2.576976 -9.431985
v -0.343243 -3.042426 -10.073385
v -1.186193 -3.142056 -9.219685
v -0.458833 -5.363426 -8.184284
v -0.343243 -6.004276 -8.650384
v -1.186193 -5.835216 -7.807685
v 0.264648 -4.017346 -8.918684
v 0.991988 -4.542306 -8.620685
v 0.149058 -4.577266 -9.479484
v 0.006698 -5.378146 -8.173484
v -0.480653 -4.616366 -8.618684
v 0.217848 -5.281236 -8.223285
v 0.006698 -7.638586 -6.121685
v -0.343243 -8.381446 -6.381784
v -0.458833 -7.627909 -6.136484
v 0.264648 -6.574656 -7.250884
v 0.991988 -6.981823 -6.805285
v 0.149058 -7.280457 -7.611284
v 0.264648 -8.491441 -4.874584
v 0.991988 -8.740969 -4.324884
v 0.149058 -9.274045 -4.999084
v -0.458833 -9.148775 -3.489183
v -0.343243 -9.941225 -3.489684
v -1.186193 -9.309115 -2.907283
v 0.006698 -9.154355 -3.471884
v -0.480653 -8.799754 -4.279784
v 0.217848 -9.105215 -3.569084
v 0.264648 -9.580085 -2.022183
v 0.991988 -9.647534 -1.422284
v 0.149058 -10.362875 -1.898784
v 0.006698 -9.777084 -0.483283
v -0.480653 -9.689506 -1.361284
v 0.217848 -9.760394 -0.590984
v -0.458833 -9.777135 -0.501484
v -0.343243 -10.530934 -0.257084
v -1.186193 -9.749795 0.101517
v 0.264648 -9.734004 1.026987
v 0.991988 -9.612784 1.618346
v 0.149058 -10.440355 1.386217
v -0.458833 -9.451505 2.534136
v -0.343243 -10.092865 2.999577
v -1.186193 -9.239145 3.099197
v 0.006698 -9.445815 2.551456
v -0.480653 -9.633835 1.689387
v 0.217848 -9.463205 2.443916
v -0.458833 -8.203737 5.320576
v -0.343243 -8.669877 5.961426
v -1.186193 -7.827157 5.792366
v 0.264648 -8.938145 3.974496
v 0.991988 -8.640122 4.499456
v 0.149058 -9.498924 4.534417
v 0.006698 -8.192978 5.335296
v -0.480653 -8.638191 4.573516
v 0.217848 -8.242751 5.238386
v 0.264648 -7.270412 6.531806
v 0.991988 -6.824754 6.938976
v 0.149058 -7.630717 7.237606
v 0.006698 -6.141205 7.595737
v -0.458833 -6.155985 7.585056
v -0.480653 -6.800025 7.008816
v 0.264648 -4.894055 8.448596
v 0.991988 -4.344385 8.698115
v 0.149058 -5.018615 9.231196
v 0.006698 -3.491335 9.111506
v -0.458833 -3.508695 9.105926
v -0.480653 -4.299285 8.756907
v 0.264648 -2.041675 9.537230
v 0.991988 -1.441795 9.604688
v 0.149058 -1.918305 10.320021
v 0.006698 -0.502755 9.734238
v -0.480653 -1.380746 9.646660
v 0.217848 -0.610416 9.717544
v -0.458833 -0.520995 9.734289
v -0.343243 -0.276525 10.488089
v -1.186193 0.082045 9.706941
v 0.006698 2.532004 9.402966
v -0.480653 1.669904 9.590989
v 0.217848 2.424405 9.420356
v 0.264648 1.007505 9.691156
v 0.991988 1.598864 9.569939
v 0.149058 1.366734 10.397510
v -0.458833 2.514605 9.408656
v -0.343243 2.980104 10.050014
v -1.186193 3.079704 9.196296
v 0.006698 5.315804 8.150126
v -0.343243 5.941904 8.627026
v -0.458833 5.301104 8.160886
v 0.264648 3.955004 8.895296
v 0.991988 4.480004 8.597276
v 0.149058 4.514904 9.456077
v 0.264648 6.512303 7.227565
v 0.991988 6.919504 6.781906
v 0.149058 7.218103 7.587865
v -0.458833 7.565604 6.113135
v -0.343243 8.319103 6.358425
v -1.186193 7.897903 5.609195
v 0.006698 7.576202 6.098355
v -0.480653 6.989304 6.757176
v 0.217848 7.499503 6.175635
v 0.264648 8.429103 4.851195
v 0.991988 8.678602 4.301536
v 0.149058 9.211703 4.975765
v 0.006698 9.092003 3.448485
v -0.343243 9.878902 3.466275
v -0.458833 9.086403 3.465845
v -0.458833 9.714802 0.478115
v -0.343243 10.468603 0.233715
v -1.186193 9.687503 -0.124885
v 0.264648 9.517703 1.998825
v 0.991988 9.585203 1.398945
v 0.149058 10.300503 1.875455
v 0.006698 9.714802 0.459915
v -0.480653 9.627203 1.337895
v 0.217848 9.698103 0.567565
v -3.270593 5.502603 1.604075
v -3.488594 5.687202 2.683326
v -3.488594 6.038503 1.755125
v -3.270593 2.738904 5.043946
v -3.488594 2.107104 5.937286
v -3.488594 3.011004 5.529776
v -3.270593 -1.646845 5.521826
v -3.488594 -2.726175 5.706656
v -3.488594 -1.797975 6.057986
v -3.488594 -5.980135 2.126596
v -3.747094 -6.349765 3.457086
v -3.488594 -5.572635 3.030456
v -3.270593 -5.790685 0.164016
v -3.270593 -5.748045 -0.734684
v -3.488594 -6.349735 0.183616
v -3.270593 -5.242996 -2.467784
v -3.488594 -5.749506 -2.706684
v -3.270593 -5.564515 -1.627284
v -3.488594 -2.169446 -5.960685
v -3.747094 -3.499936 -6.330285
v -3.488594 -3.073306 -5.553184
v -3.488594 2.663803 -5.729984
v -3.747094 1.984503 -6.932284
v -3.488594 1.735643 -6.081385
v -3.488594 5.917802 -2.149985
v -3.747094 6.287403 -3.480485
v -3.488594 5.510303 -3.053786
v 3.077479 5.026404 -2.781884
v 3.077479 4.525003 -3.543185
v 3.294419 5.510703 -3.053085
v 3.077479 2.426603 -5.224984
v 3.077479 1.586704 -5.546484
v 3.294419 2.664703 -5.729684
v 3.077469 -2.801156 -5.068985
v 3.077469 -3.562436 -4.567585
v 3.294419 -3.072516 -5.553585
v 3.294419 -6.100305 -1.780284
v 3.552909 -6.951440 -2.028384
v 3.294419 -5.749115 -2.707483
v 3.077458 -5.088386 2.758256
v 3.077458 -4.586975 3.519546
v 3.294419 -5.573065 3.029676
v 3.077469 -2.488785 5.201396
v 3.077469 -1.648995 5.522975
v 3.294419 -2.726995 5.706266
v 3.077469 -0.755216 5.706926
v 3.077469 0.142844 5.749826
v 3.294419 -0.828105 6.259466
v 3.294419 2.105304 5.937926
v 3.552909 2.405004 6.772296
v 3.294419 1.148794 6.198806
v 3.294419 4.573904 4.319145
v 3.077479 3.500304 4.544385
v 3.077479 4.166304 3.939055
v 3.294419 5.686803 2.684145
v 3.552909 6.889103 2.004966
v 3.552909 6.488204 3.063215
v -3.339494 8.683203 -5.093285
v -2.287093 8.870602 -5.193886
v -3.338993 8.355103 -5.623985
v 3.145289 9.371702 -3.665385
v 3.144779 9.130802 -4.240985
v 2.092868 9.572503 -3.735486
v 3.552909 6.752803 -2.447784
v 3.294419 5.918404 -2.148185
v 3.552909 6.288502 -3.478585
v -2.330893 8.626603 -3.956285
v -1.186193 9.176804 -3.122585
v -2.205593 9.220602 -4.574084
v 3.145289 7.782403 -6.392184
v 3.144779 7.375402 -6.865185
v 2.092868 7.951702 -6.520885
v -3.339494 6.686402 -7.537485
v -2.287093 6.833503 -7.691086
v -3.338993 6.210403 -7.940785
v -3.270593 3.917803 -4.208485
v -3.270593 4.522603 -3.543585
v -3.488594 4.299003 -4.617386
v -2.205593 4.772003 -9.140784
v -0.571642 5.450103 -8.965984
v -2.287093 4.124503 -9.436484
v 3.145289 5.428303 -8.494485
v 3.144779 4.895103 -8.818484
v 2.092868 5.549603 -8.669185
v -2.205593 1.715873 -10.178184
v -0.571642 2.414803 -10.221484
v -2.287093 1.008643 -10.259385
v 3.145289 2.539803 -9.766384
v 3.144779 1.932533 -9.909684
v 2.092868 2.601103 -9.969984
v 3.077479 0.692903 -5.730384
v 3.077469 -0.205166 -5.773185
v 3.294419 0.765773 -6.282885
v -0.480653 1.318413 -9.669984
v 0.217848 0.548083 -9.740884
v 3.145289 -0.600407 -10.083385
v 3.144779 -1.222246 -10.032084
v 2.092868 -0.604996 -10.295985
v -3.270593 -0.206867 -5.771484
v -3.270593 0.691854 -5.728884
v -3.488594 -0.226457 -6.330285
v -2.330893 -1.107297 -9.464684
v -1.186193 -0.144377 -9.730285
v -2.205593 -1.511267 -10.220485
v -3.339494 -2.171127 -9.869884
v -2.287093 -2.208966 -10.079185
v -3.338993 -2.777256 -9.721785
v -2.205593 -4.593516 -9.263485
v -0.571642 -4.053496 -9.709285
v -2.287093 -5.213396 -8.913486
v 3.552909 -2.467296 -6.795684
v 3.294419 -2.167676 -5.961285
v 3.552909 -3.498056 -6.331284
v 3.145289 -3.684866 -9.414584
v 3.144779 -4.260426 -9.173585
v 2.092868 -3.754936 -9.615385
v -2.205593 -7.229179 -7.400784
v -0.571642 -6.853365 -7.991684
v -2.287093 -7.710553 -6.876384
v 3.145289 -6.411685 -7.825284
v 3.144779 -6.884625 -7.418283
v 2.092868 -6.540376 -7.994584
v -3.270593 -4.227736 -3.960485
v -3.270593 -3.562816 -4.565185
v -3.488594 -4.636826 -4.341884
v 0.217848 -7.561800 -6.198984
v -0.480653 -7.051670 -6.780583
v -0.255753 -7.564074 -7.332384
v -2.205593 -9.160245 -4.814884
v -0.571642 -8.985425 -5.492984
v -2.287093 -9.455995 -4.167284
v 3.145289 -8.513938 -5.471184
v 3.144779 -8.837952 -4.937984
v 2.092868 -8.688648 -5.592385
v -3.339494 -10.068145 -1.022784
v -2.287093 -10.278874 -1.051484
v -3.338993 -10.114625 -0.400584
v 3.145289 -9.785834 -2.582685
v 3.144779 -9.929214 -1.975384
v 2.092868 -9.989465 -2.643984
v 3.077458 -5.749595 -0.735684
v 3.077458 -5.792436 0.162316
v 3.294419 -6.302315 -0.808584
v 3.145289 -10.102875 0.557546
v 3.144779 -10.051585 1.179386
v 2.092868 -10.315495 0.562136
v -3.339494 -9.889355 2.128276
v -2.287093 -10.098635 2.166116
v -3.338993 -9.741284 2.734406
v -2.205593 -9.282945 4.550666
v -0.571642 -9.728805 4.010646
v -2.287093 -8.932915 5.170546
v 3.552909 -6.815145 2.424446
v 3.294419 -5.980775 2.124816
v 3.552909 -6.350795 3.455206
v 3.145289 -9.434025 3.642017
v 3.144779 -9.193085 4.217577
v 2.092868 -9.634825 3.712086
v -2.205593 -7.420289 7.186327
v -0.571642 -8.011195 6.810516
v -2.287093 -6.895844 7.667706
v -3.270593 -3.979915 4.184886
v -3.270593 -4.584585 3.519926
v -3.488594 -4.361335 4.593976
v 3.145289 -7.844766 6.368836
v 3.144779 -7.437757 6.841766
v 2.092868 -8.014079 6.497526
v -2.205593 -4.834335 9.117396
v -0.571642 -5.512455 8.942576
v -2.287093 -4.186795 9.413146
v 3.145289 -5.490655 8.471087
v 3.144779 -4.957415 8.795096
v 2.092868 -5.611905 8.645796
v -2.330893 -1.928835 9.311186
v -1.186193 -2.926715 9.266266
v -2.205593 -1.778205 10.154848
v -3.270593 0.144534 5.748075
v -3.270593 -0.754166 5.705386
v -3.488594 0.164124 6.306886
v 3.145289 -2.602125 9.742986
v 3.144779 -1.994865 9.886362
v 2.092868 -2.663465 9.946618
v -3.339494 -1.042295 10.025300
v -2.287093 -1.070975 10.236025
v -3.338993 -0.420075 10.071776
v -2.205593 1.448935 10.197127
v -0.571642 0.797565 10.454284
v -2.287093 2.146605 10.055785
v 3.145289 0.538065 10.060027
v 3.144779 1.159904 10.008734
v 2.092868 0.542654 10.272649
v -2.205593 4.531204 9.240096
v -0.571642 3.991204 9.685951
v -2.287093 5.151104 8.890076
v 3.145289 3.622504 9.391186
v 3.144779 4.198104 9.150236
v 2.092868 3.692604 9.591975
v -2.330893 6.395804 7.003415
v -1.186193 5.772904 7.784305
v -2.205593 7.166803 7.377435
v -0.255753 4.870804 9.278465
v -0.480653 4.554004 8.595346
v -0.255583 4.650104 9.393085
v 3.145289 6.349404 7.801915
v 3.144779 6.822304 7.394906
v 2.092868 6.478004 7.971225
v -3.270593 4.165703 3.937295
v -3.270593 3.500604 4.542005
v -3.488594 4.574504 4.318485
v -3.339494 7.494603 6.705925
v -2.287093 7.648203 6.852986
v -3.338993 7.897903 6.229856
v -2.205593 9.097903 4.791485
v -0.571642 8.923103 5.469605
v -2.287093 9.393703 4.143945
v 3.145289 8.451603 5.447805
v 3.144779 8.775602 4.914565
v 2.092868 8.626303 5.569065
v -2.205593 10.135403 1.735355
v -0.571642 10.178602 2.434305
v -2.287093 10.216502 1.028125
v -0.255753 9.395303 4.622875
v -0.480653 8.737404 4.256435
v -0.255583 9.284102 4.845335
v 3.145289 9.723502 2.559275
v 3.144779 9.866903 1.952015
v 2.092868 9.927102 2.620605
v 3.145289 10.040503 -0.580885
v 3.144779 9.989202 -1.202785
v 2.092868 10.253202 -0.585485
v -2.205593 10.177603 -1.491785
v -0.571642 10.434803 -0.840385
v -2.287093 10.036304 -2.189485
v -1.186193 -5.652045 7.917387
v -0.343243 -6.401275 8.338596
v -0.909393 -5.863505 8.698707
v -3.488594 5.195403 3.544285
v -3.747094 6.489104 3.061275
v -3.488594 -3.587135 5.214936
v -3.747094 -3.104125 6.508595
v -3.488594 -5.257786 -3.567684
v -3.747094 -6.551445 -3.084684
v -3.270593 -1.980236 -5.433685
v -3.270593 -2.801066 -5.067085
v -3.270593 2.425103 -5.223785
v -3.270593 1.584553 -5.545284
v -3.270593 5.391103 -1.960884
v -3.270593 5.024503 -2.781785
v 3.294419 4.299703 -4.616685
v 3.077479 3.919603 -4.209186
v 3.294419 -3.588695 5.213876
v 3.552909 -4.087605 5.946706
v 3.294419 -4.361995 4.593356
v 3.077479 2.738904 5.045816
v 3.294419 3.010204 5.530216
v 3.077479 5.503802 1.606215
v 3.294419 6.038003 1.756935
v 0.217848 9.400903 -2.467285
v -0.255753 10.319102 -1.802985
v -0.255583 10.359902 -1.557585
v 2.136729 9.137703 -2.551285
v 2.011388 9.821102 -3.068385
v 2.136729 7.904102 -5.260385
v 2.011388 8.394303 -5.963285
v -2.330893 6.983903 -6.438585
v -2.205593 7.357902 -7.209684
v -0.255753 9.259002 -4.913685
v -0.255583 9.373603 -4.692986
v -3.747094 4.024403 -5.970685
v -3.747094 3.041803 -6.531985
v -3.488594 3.524803 -5.238286
v 3.552909 4.025302 -5.970085
v 3.294419 3.526403 -5.237285
v 3.552909 3.043703 -6.531085
v 2.136729 5.893803 -7.455585
v 2.011388 6.142802 -8.275584
v -0.255753 7.289503 -7.544584
v -0.255583 7.466703 -7.370085
v 2.136729 3.303503 -8.922184
v 2.011388 3.286903 -9.778985
v 3.552909 1.985483 -6.931985
v 3.294419 1.737453 -6.080784
v 3.552909 0.878643 -7.162185
v -0.255753 4.603403 -9.438084
v -0.255583 4.825903 -9.326884
v 2.136729 0.386813 -9.516584
v 2.011388 0.106243 -10.326284
v -0.255753 1.463633 -10.408885
v -0.255583 1.709573 -10.371885
v -3.747094 -1.377616 -7.092985
v -3.747094 -2.468266 -6.795284
v -3.488594 -1.212017 -6.221984
v -0.255753 -1.822447 -10.361985
v -0.255583 -1.577107 -10.402784
v 2.136729 -2.570807 -9.180485
v 2.011388 -3.087876 -9.863984
v -0.255753 -4.933176 -9.301884
v -0.255583 -4.712466 -9.416485
v 2.136729 -5.279826 -7.946984
v 2.011388 -5.982796 -8.437185
v 2.136729 -7.475073 -5.936684
v 2.011388 -8.295113 -6.185685
v 3.077469 -4.228386 -3.962185
v 3.294419 -5.256726 -3.569184
v 3.294419 -4.636206 -4.342484
v 3.077458 -5.244155 -2.469284
v 3.077458 -5.565665 -1.629484
v 2.136729 -8.941666 -3.346384
v 2.011388 -9.798505 -3.329784
v -0.255753 -9.457595 -4.646283
v -0.255583 -9.346404 -4.868683
v -3.747094 -6.951726 -2.027384
v -3.747094 -7.181914 -0.919383
v -3.488594 -6.100835 -1.778484
v -2.330893 -9.354034 -1.909383
v -2.205593 -10.197695 -1.758684
v -0.255753 -10.428385 -1.506483
v -0.255583 -10.391385 -1.752383
v 2.136729 -9.536025 -0.429684
v 2.011388 -10.345795 -0.149084
v -3.488594 -6.241486 1.169156
v -3.747094 -6.814795 2.425406
v -2.330893 -9.484155 1.064446
v -2.205593 -10.239975 1.468407
v -0.255753 -10.381425 1.779597
v -0.255583 -10.422235 1.534267
v 2.136729 -9.199986 2.527956
v 2.011388 -9.883425 3.045036
v -0.255753 -9.321315 4.890326
v -0.255583 -9.435935 4.669616
v 2.136729 -7.966446 5.236976
v 2.011388 -8.456644 5.939936
v 2.136729 -5.956145 7.432226
v 2.011388 -6.205115 8.252266
v -0.255753 -7.351820 7.521226
v -0.255583 -7.529033 7.346736
v 0.217848 -6.218485 7.518946
v 0.217848 -3.588565 9.062366
v -0.255753 -4.665725 9.414745
v 0.377458 -4.046345 9.688914
v 3.552909 -2.047815 6.908586
v 3.552909 -3.106065 6.507675
v 2.136729 -3.365855 8.898816
v 2.011388 -3.349245 9.755653
v -3.488594 1.149675 6.198636
v -3.747094 2.405904 6.771945
v 2.136729 -0.449155 9.493176
v 2.011388 -0.168575 10.302948
v -0.255753 -1.525965 10.385539
v -0.255583 -1.771895 10.348535
v -0.255753 1.760114 10.338580
v -0.255583 1.514785 10.379386
v 2.136729 2.508504 9.157146
v 2.011388 3.025504 9.840575
v 0.217848 5.218903 8.199905
v 2.136729 5.217504 7.923595
v 2.011388 5.920504 8.413795
v -0.255753 7.501703 7.308966
v -0.255583 7.327204 7.486185
v 2.136729 7.412703 5.913285
v 2.011388 8.232803 6.162265
v 2.136729 8.879303 3.323005
v 2.011388 9.736202 3.306395
v 0.217848 9.042903 3.545715
v -0.255753 10.366102 1.483115
v -0.255583 10.329001 1.729045
v 2.136729 9.473702 0.406315
v 2.011388 10.283504 0.125715
v 0.061568 9.910702 -3.402286
v -0.343243 10.030503 -3.022986
v 0.061398 9.989402 -3.166286
v -3.339494 4.032103 -9.244984
v -3.338993 3.454702 -9.481484
v -3.618694 3.694403 -7.632585
v -3.339494 0.979963 -10.048684
v -3.338993 0.357743 -10.095185
v -3.339494 -5.112736 -8.726085
v -3.338993 -5.643446 -8.397985
v -3.618694 -4.006726 -7.505184
v -3.339494 -7.556931 -6.729283
v -3.338993 -7.960266 -6.253183
v -1.186193 -7.960239 -5.632584
v -0.909393 -8.741560 -5.843984
v -3.339494 -9.264445 -4.074884
v -3.338993 -9.500925 -3.497484
v -3.339494 -8.745583 5.069886
v -3.338993 -8.417451 5.600596
v -3.339494 -6.748775 7.514076
v -3.338993 -6.272705 7.917416
v -3.618694 -5.929395 6.084906
v -3.339494 -4.094405 9.221596
v -3.338993 -3.516995 9.458076
v -0.343243 -3.509125 9.898374
v -3.339494 2.108804 9.846511
v -3.338993 2.714904 9.698436
v -3.339494 5.050404 8.702736
v -3.338993 5.581104 8.374596
v -3.618694 3.944404 7.481816
v -3.339494 9.202103 4.051555
v -3.338993 9.438602 3.474145
v -2.330893 9.291703 1.885985
v -1.186193 9.246802 2.883865
v -3.339494 10.005802 0.999445
v -3.338993 10.052302 0.377215
v -3.339494 9.827003 -2.151685
v -3.338993 9.678903 -2.757785
v 3.294419 -0.224576 -6.330285
v 3.294419 -1.211126 -6.222184
v 3.294419 -6.241655 1.168276
v 3.077458 -5.695345 1.069616
v 3.552909 0.189364 7.193066
v 3.552909 -0.940975 7.138795
v 3.552909 5.927204 4.044745
v 3.552909 5.218903 4.927315
v 3.077479 5.393303 -1.959785
v -0.909393 9.807102 -3.630385
v 0.061568 8.376404 -6.308485
v 0.061398 8.524203 -6.108485
v 3.552909 5.668004 -4.424984
v 3.294419 4.967002 -3.882185
v 3.552909 4.907803 -5.261784
v -3.747094 5.667303 -4.425786
v -3.747094 4.906303 -5.263286
v -3.488594 4.965902 -3.883685
v 0.061568 6.019102 -8.598385
v 0.061398 6.221403 -8.453785
v -2.330893 4.654603 -8.291884
v -0.909393 2.824102 -10.098084
v -3.747094 0.876513 -7.162385
v -3.747094 -0.252726 -7.216384
v -3.488594 0.764874 -6.282984
v -0.909393 -0.432547 -10.486685
v -2.330893 -3.975766 -8.669485
v 0.061568 -3.421726 -9.953586
v 0.061398 -3.185817 -10.032284
v 3.077469 -1.979146 -5.435885
v -3.747094 -4.445236 -5.710184
v -3.747094 -5.282726 -4.949083
v -3.488594 -3.903126 -5.008684
v -0.909393 -6.512956 -8.250183
v 3.552909 -4.444426 -5.710784
v 3.294419 -3.901636 -5.009883
v 3.552909 -5.281246 -4.950684
v 3.552909 -5.989556 -4.068084
v 3.552909 -6.550526 -3.086583
v -0.255583 -7.389582 -7.509584
v -2.330893 -8.311330 -4.697383
v 3.552909 -7.235918 0.208816
v 3.294419 -6.349795 0.181716
v 3.552909 -7.112823 1.332656
v -3.747094 -7.235886 0.209916
v -3.747094 -7.112421 1.334766
v 0.061568 -10.534184 0.140717
v 0.061398 -10.536165 -0.107983
v 0.061568 -9.973035 3.378867
v 0.061398 -10.051764 3.142956
v -2.330893 -8.688953 3.932916
v 3.077458 -5.455215 1.936246
v -3.270593 -5.086515 2.758166
v -3.747094 -5.729675 4.402386
v -3.747094 -4.968595 5.239866
v -3.488594 -5.028205 3.860266
v -2.330893 -7.046262 6.415257
v 0.061568 -8.438705 6.285136
v 0.061398 -8.586489 6.085096
v 3.552909 -5.730305 4.401576
v 3.294419 -5.029365 3.858787
v 3.552909 -4.970165 5.238396
v 3.077458 -3.981675 4.185536
v -2.330893 -4.716885 8.268476
v 0.061568 -6.081395 8.575015
v 0.061398 -6.283755 8.430435
v -3.747094 -2.046835 6.908876
v -3.747094 -0.938845 7.139066
v -3.747094 0.190394 7.193036
v -3.747094 1.315284 7.069566
v -0.255583 -4.888185 9.303555
v 0.061568 -3.131835 10.024376
v 0.061398 -3.368965 9.949409
v -2.330893 1.044964 9.441306
v -3.747094 3.437604 6.306915
v -3.747094 4.382904 5.686825
v -2.330893 3.913404 8.646106
v 0.061568 3.359404 9.930186
v 0.061398 3.123504 10.008920
v -0.909393 6.450603 8.226865
v 3.552909 4.382103 5.687455
v 3.552909 3.435704 6.307945
v -3.747094 5.220403 4.925745
v -3.747094 5.927804 4.043895
v -2.330893 8.249003 4.674035
v 0.061568 8.555504 6.038545
v 0.061398 8.411003 6.240905
v 0.061568 10.004902 3.088985
v 0.061398 9.929902 3.326115
v -2.330893 9.421803 -1.087785
v 0.061568 10.471803 -0.164085
v 0.061398 10.473804 0.084615
v -3.270593 5.686203 0.711365
v 3.294419 6.179303 -1.191685
v 3.077479 5.730603 -0.185685
v 3.077479 5.633504 -1.093085
v -0.412032 8.899803 -3.914485
v -0.571642 9.666502 -4.033985
v 0.286458 9.187202 -3.193985
v -0.412032 7.256602 -6.483285
v -0.571642 7.948902 -6.833885
v 0.286458 7.752603 -5.886885
v -0.412032 -0.983177 -9.711584
v -0.571642 -0.859897 -10.477685
v 0.286458 -0.209107 -9.762284
v 0.286458 -9.359474 -2.855583
v -0.571642 -10.240985 -2.457685
v 0.061568 -10.067225 -3.112384
v -0.412032 -9.731015 0.940317
v -0.571642 -10.497134 0.817046
v 0.286458 -9.781714 0.166216
v -0.412032 -2.123175 9.507607
v -0.571642 -2.477155 10.198135
v 0.286458 -2.875025 9.316627
v 0.286458 5.844004 7.772095
v -0.571642 6.791004 7.968345
v 0.061568 6.265604 8.395856
v -3.747094 -4.086755 5.947287
v -3.488594 -6.302435 -0.807684
v -3.747094 -5.990136 -4.067284
v -3.488594 6.179204 -1.192485
v -3.747094 6.752502 -2.448785
v 3.077479 3.210003 -4.781485
v 3.552909 -0.251697 -7.216485
v 3.294419 -1.799785 6.057456
v 3.077469 1.050174 5.652756
v 3.077479 4.738704 3.229515
v 3.294419 5.194404 3.545845
v 0.377458 10.176803 -2.465186
v 0.715167 10.252501 -2.044486
v 3.424489 7.992602 -2.764285
v 3.424489 6.749302 -5.109085
v 0.377458 8.919003 -5.499585
v -3.618694 5.867103 -6.108285
v 0.377458 6.785203 -7.996785
v -0.200883 7.193702 -6.569584
v 3.424489 4.842303 -6.954885
v -0.412032 4.900104 -8.418585
v 0.286458 5.556103 -8.004683
v 0.715167 4.368903 -9.526284
v -2.330893 1.866503 -9.334585
v 3.424489 2.458203 -8.120985
v 0.377458 3.984003 -9.712284
v 0.286458 2.812703 -9.339985
v 0.061568 3.069503 -10.047784
v 3.424489 -0.169567 -8.493384
v 0.377458 0.789853 -10.478285
v -0.200883 1.959223 -9.563885
v 0.061568 -0.183567 -10.514685
v 0.061398 0.065123 -10.516685
v -3.618694 -1.496527 -8.366984
v 3.424489 -2.783767 -8.035485
v 3.552909 -1.375506 -7.093385
v 0.377458 -2.484676 -10.219685
v -0.412032 -3.933996 -8.942585
v 0.286458 -3.213486 -9.229984
v 0.377458 -5.519046 -8.961884
v 0.061568 -6.327986 -8.419184
v 0.061398 -6.127946 -8.566984
v 3.424489 -5.128526 -6.792183
v -0.412032 -6.502786 -7.299485
v 0.286458 -5.906356 -7.795484
v -3.618694 -6.127766 -5.909883
v -2.330893 -6.458106 -7.026784
v 0.286458 -8.024117 -5.598984
v 0.061568 -8.617867 -6.061884
v 0.377458 -8.016221 -6.827983
v 0.715167 -7.720372 -7.136484
v -3.618694 -7.652027 -3.737284
v -3.618694 -8.430308 -1.199983
v 0.377458 -9.731765 -4.026883
v 0.715167 -9.545725 -4.411684
v 3.552909 -7.181644 -0.921484
v 0.377458 -10.497745 -0.832684
v -3.618694 -8.386421 1.453676
v -3.618694 -7.524666 3.963866
v 0.377458 -10.239184 2.441827
v 0.715167 -10.314885 2.021137
v -0.412032 -8.962086 3.891146
v 0.286458 -9.249505 3.170626
v -3.270593 -5.453045 1.937336
v 0.377458 -8.981384 5.476196
v -0.412032 -7.318935 6.459927
v 0.286458 -7.814940 5.863496
v 0.377458 -6.847485 7.973366
v 0.715167 -7.156003 7.677526
v -3.618694 -3.756765 7.609177
v -3.270593 -2.487315 5.200246
v -3.270593 -3.269795 4.757546
v 3.424489 -4.904585 6.931466
v -0.412032 -4.962405 8.395236
v 0.286458 -5.618445 7.981266
v -3.618694 -1.219445 8.387456
v -0.909393 -2.886395 10.074685
v -0.200883 -2.021555 9.540475
v 0.377458 -0.852185 10.454892
v 3.294419 0.162244 6.306946
v 3.552909 1.313174 7.069975
v -3.270593 1.917954 5.410486
v -3.270593 1.050714 5.650976
v -0.412032 0.920834 9.688166
v 0.286458 0.146764 9.738870
v 0.061568 0.121235 10.491336
v 0.061398 -0.127455 10.493316
v 0.377458 2.422304 10.196330
v 3.077469 1.916874 5.412646
v -0.412032 3.871704 8.919235
v 0.286458 3.151104 9.206656
v 0.377458 5.456704 8.938537
v -3.618694 6.065404 5.886545
v 0.377458 7.953903 6.804635
v 3.424489 6.912003 4.861735
v -3.618694 7.589704 3.713916
v -3.747094 6.889402 2.003985
v -0.412032 8.375703 4.919555
v 0.286458 7.961803 5.575595
v 0.377458 9.669402 4.003495
v 0.715167 9.483402 4.388345
v 3.077479 5.182204 2.446075
v 3.424489 8.078103 2.477665
v -3.618694 8.368004 1.176595
v -0.412032 9.488102 2.080325
v 0.286458 9.297103 2.832175
v -0.909393 10.055202 2.843545
v 0.377458 10.435403 0.809335
v 0.715167 10.377402 1.232825
v 3.424489 8.450503 -0.150085
v -0.412032 9.668702 -0.963685
v 0.286458 9.719402 -0.189585
v -3.618694 8.324102 -1.477085
v 3.077479 5.687703 0.712415
v 3.294419 6.240002 0.785255
v -3.270593 -5.693565 1.070156
v -3.270593 -4.800376 -3.250284
v -3.270593 -1.113037 -5.674284
v -3.270593 3.207603 -4.781184
v 3.077469 -3.272165 4.757896
v -0.200883 9.668502 -1.070485
v -0.200883 8.866603 -4.016086
v 0.715167 9.121003 -5.122885
v -0.909393 8.207402 -6.493484
v 0.715167 7.093702 -7.700885
v -0.200883 4.813603 -8.481284
v 0.715167 1.213343 -10.420284
v -0.200883 -1.089976 -9.711384
v 3.077469 -1.112496 -5.676084
v -0.909393 -3.649856 -9.849984
v 0.715167 -5.142336 -9.163885
v -0.200883 -4.035526 -8.909484
v -0.200883 -6.589106 -7.236583
v -0.909393 -10.117535 -2.866884
v -0.200883 -8.500745 -4.856385
v 3.077469 -4.800716 -3.252684
v -0.200883 -9.583324 -2.002084
v -0.909393 -10.506185 0.389716
v -0.909393 -9.869475 3.607006
v -0.200883 -9.730875 1.047127
v -0.200883 -8.928945 3.992676
v -0.909393 -8.269712 6.470097
v -0.200883 -7.256041 6.546256
v 0.715167 -4.431195 9.502886
v -3.488594 -0.827206 6.259586
v 0.715167 -1.275685 10.396889
v 0.715167 2.001654 10.272032
v -0.909393 3.587504 9.826624
v 3.294419 3.839303 4.986516
v -3.270593 4.738304 3.227145
v -0.200883 3.973204 8.886096
v -3.488594 3.840803 4.985355
v -0.909393 8.679203 5.820655
v 0.715167 7.658003 7.113156
v -0.200883 6.526804 7.213195
v -0.200883 8.438403 4.833066
v -0.909393 10.443902 -0.413085
v -0.200883 9.521003 1.978705
v -3.618694 7.462303 -3.987285
v -3.618694 1.157113 -8.410785
v 0.061398 3.306603 -9.972784
v 0.288397 3.157302 -9.221385
v 0.061398 -8.473289 -6.264284
v 3.424489 -8.140465 -2.501083
v 0.061398 -9.992255 -3.349484
v 0.288397 -9.240905 -3.200183
v 0.061398 6.065604 8.543635
v -3.270593 5.631703 -1.093585
v -3.270593 5.728803 -0.187384
v 1.059468 7.565603 -5.991486
v 0.288397 7.961703 -5.588385
v -0.909393 5.801202 -8.722085
v 0.288397 5.847203 -7.785385
v -1.253693 1.110053 -9.611985
v -0.412032 2.060843 -9.530984
v 1.059468 -0.403686 -9.672484
v 0.715167 -2.063987 -10.295385
v 0.288397 -2.864996 -9.336684
v 1.059468 -6.010996 -7.608484
v 0.288397 -5.607875 -8.004584
v -1.253693 -8.808975 -4.063684
v -0.412032 -8.438082 -4.942883
v 1.059468 -8.065842 -5.388783
v -1.253693 -9.631505 -1.152884
v -0.412032 -9.550455 -2.103683
v 0.715167 -10.439734 -1.256184
v 0.288397 -9.775434 -0.198084
v 2.925588 -8.639685 2.902177
v 0.288397 -9.356125 2.822147
v 1.059468 -7.627917 5.968146
v 0.715167 -9.183385 5.099486
v 0.288397 -8.024033 5.565026
v 1.059468 -2.662215 9.291356
v -0.200883 -4.875915 8.457896
v -0.909393 0.370205 10.463340
v 2.925588 0.079905 9.075935
v 1.059468 0.341354 9.649071
v -3.119793 1.502125 8.946345
v 1.059468 3.308504 9.061126
v -0.200883 1.027644 9.688023
v 0.288397 2.802704 9.313276
v 0.715167 5.080004 9.140536
v 2.925588 5.400304 7.275075
v -0.412032 6.440404 7.276085
v 1.059468 8.003503 5.365386
v 0.288397 7.742504 5.866685
v 0.288397 9.713102 0.174715
v 3.424489 2.721405 8.012076
v -3.270593 5.181003 2.444606
v -2.974594 4.535003 3.085846
v -3.488594 6.287404 -0.206985
v -2.974494 -5.449645 1.026256
v -2.974494 -1.069156 -5.430485
v 2.780359 -1.068347 -5.430584
v 2.780369 4.534004 3.087205
v 1.059468 9.041603 -3.351285
v 3.141128 8.706503 -1.588685
v 2.925588 8.577403 -2.925584
v 0.288397 9.293803 -2.845485
v -1.253693 8.406503 -4.731386
v -3.119793 6.314802 -6.517586
v 2.925588 5.220503 -7.428986
v -3.119793 3.993803 -8.160084
v 2.780369 3.067703 -4.576785
v -1.253693 4.020903 -8.789485
v -3.335294 2.528703 -8.513485
v -3.119793 1.278773 -9.005085
v -1.253693 -1.912467 -9.494784
v -3.119793 -1.564457 -8.969685
v 0.288397 0.155273 -9.755984
v -1.253693 -4.750836 -8.449284
v 2.925588 -2.945026 -8.620185
v 3.141128 -4.231086 -7.834384
v 2.925588 -5.462596 -7.298484
v -3.119793 -6.537026 -6.357584
v -3.119793 -8.179609 -4.036583
v 0.288397 -7.804862 -5.890084
v -2.974494 -4.596876 -3.108884
v 2.925588 -8.708330 -2.714284
v 3.141128 -8.828522 -1.211984
v 2.925588 -9.118785 0.099416
v -3.335294 -8.907932 0.181016
v -3.119793 -8.989195 1.521606
v 1.059468 -9.691925 0.360816
v -3.335294 -8.413935 2.914626
v -3.119793 -8.076940 4.214746
v 2.780338 -5.449765 1.025456
v -3.119793 -6.377115 6.494176
v 3.141128 -6.173164 6.400026
v 2.925588 -5.282875 7.405646
v 0.288397 -5.909535 7.762016
v -1.253693 -4.083205 8.766126
v -3.335294 -5.092925 7.283027
v -3.119793 -4.056105 8.136756
v -3.119793 -1.341095 8.981715
v 0.288397 -3.219625 9.198056
v 0.288397 -0.217606 9.732587
v -3.335294 2.895105 8.371086
v -3.119793 4.195304 8.034096
v 2.780359 1.006034 5.407306
v -3.119793 6.474703 6.334265
v 0.288397 5.545504 7.981185
v -3.119793 8.117303 4.013245
v 3.141128 6.380504 6.130305
v 2.925588 7.386203 5.240026
v 3.141128 7.964704 3.848375
v 2.925588 8.646004 2.690915
v -3.119793 8.962202 1.298245
v 0.288397 9.178602 3.176775
v -1.253693 9.569202 1.129535
v 2.925588 9.056503 -0.122785
v -1.253693 9.452003 -1.892985
v -3.119793 8.926903 -1.544985
v 1.745458 -8.271374 -4.933983
v 1.745458 -9.590884 0.849577
v 1.745458 -8.856854 3.761536
v 3.424489 -6.811615 5.085676
v 1.745458 -2.166175 9.346296
v 3.424489 0.107235 8.469966
v -1.939593 2.317004 9.295096
v 3.424489 5.066204 6.768765
v 2.780348 -4.595865 -3.110283
v -3.335294 8.351604 -2.937985
v -3.119793 8.014603 -4.238084
v 3.141128 7.791502 -4.211584
v 2.925588 7.255602 -5.443085
v -1.253693 6.535003 -7.107686
v 1.059468 5.345902 -8.046385
v 3.141128 3.828903 -8.007585
v 2.925588 2.671403 -8.688885
v 1.059468 2.599903 -9.314685
v 3.141128 1.169103 -8.809085
v 2.925588 -0.142237 -9.099284
v 1.059468 -3.370796 -9.084484
v -3.335294 -2.957476 -8.394485
v -3.119793 -4.257596 -8.057484
v -1.253693 -7.127211 -6.577884
v 3.141128 -6.442875 -6.153684
v 2.925588 -7.448493 -5.263384
v -3.335294 -8.533012 -2.571483
v -3.119793 -9.024565 -1.321584
v 1.059468 -9.334205 -2.642684
v -1.253693 -9.514295 1.869617
v -1.253693 -8.468800 4.707986
v 1.059468 -9.103975 3.327946
v 3.141128 -7.853877 4.188236
v 2.925588 -7.317921 5.419746
v 2.925588 -2.733765 8.665476
v -1.253693 -1.172385 9.588659
v -1.253693 1.850135 9.471446
v 3.141128 1.545845 8.726006
v 2.925588 2.882704 8.596835
v 1.059468 5.948703 7.585065
v -1.253693 7.064904 6.554525
v -1.253693 8.746603 4.040355
v 1.059468 9.629603 -0.384185
v -3.488594 6.240103 0.784355
v -2.974494 -3.128396 4.554066
v 2.780348 -4.388015 3.367096
v 2.780348 -3.129755 4.553056
v 2.780369 5.480203 -0.176885
v 1.745458 8.794503 -3.784885
v 1.745458 7.196603 -6.327486
v -1.939593 6.117903 -7.381785
v -3.618694 3.694403 -7.632585
v -1.939593 3.539503 -8.921284
v 1.745458 4.891102 -8.251884
v -1.939593 0.611543 -9.588584
v 1.745458 -0.892417 -9.571384
v -1.939593 -2.379337 -9.318484
v -3.618694 -6.127766 -5.909883
v 1.745458 -3.804386 -8.837385
v -1.939593 -5.140366 -8.137284
v -1.939593 -8.940724 -3.582384
v -1.939593 -9.608054 -0.654384
v 3.424489 -8.512817 0.126716
v -1.939593 -9.337945 2.336486
v -3.618694 -5.929395 6.084906
v 3.424489 -8.054929 2.740916
v -1.939593 -8.156811 5.097506
v -1.939593 -6.180285 7.358407
v 1.745458 -7.258907 6.304146
v 1.745458 -4.953455 8.228526
v -1.939593 -3.601845 8.897876
v -1.939593 -0.673875 9.565211
v -1.939593 5.078003 8.113955
v 1.745458 3.742004 8.814006
v 1.745458 6.284703 7.216055
v -1.939593 7.338904 6.137435
v 1.745458 8.209002 4.910605
v 1.745458 9.326803 2.123325
v -1.939593 9.545703 0.631025
v -1.939593 9.275602 -2.359885
v -3.747094 7.173604 -0.233285
v -3.747094 7.050104 -1.358085
v -3.488594 6.287404 -0.206985
v 3.552909 7.173604 -0.232185
v 3.424489 8.450503 -0.150085
v 3.552909 7.119304 0.898125
v -2.974594 1.006834 5.407186
v -2.974594 3.066303 -4.577784
v 2.780369 4.808803 -2.659785
v 2.780348 -2.679036 -4.851284
v 2.780359 0.134034 5.499346
v 2.780369 3.983004 3.768226
v 2.577998 9.223804 -1.398185
v 3.424489 7.405403 -4.092785
v 0.286458 9.719402 -0.189585
v -0.092403 10.381002 -1.406385
v -2.974594 4.808403 -2.660486
v -0.101782 10.033903 -3.020285
v -3.335294 7.037002 -5.385185
v 3.424489 5.780302 -6.191086
v 0.286458 9.187202 -3.193985
v -2.974594 3.748103 -4.026385
v -3.618694 5.867103 -6.108285
v 3.141128 6.110803 -6.423386
v 1.745458 7.196603 -6.327486
v 2.780369 3.748703 -4.025885
v -0.092403 7.572602 -7.260185
v -3.335294 5.030602 -7.306386
v -3.618694 1.157113 -8.410785
v 1.745458 4.891102 -8.251884
v 3.424489 2.458203 -8.120985
v -2.974594 -0.198056 -5.522584
v -3.618694 -1.496527 -8.366984
v -0.092403 4.960603 -9.255085
v -0.101782 3.451003 -9.922985
v -3.335294 -0.223836 -8.888485
v 3.424489 -0.169567 -8.493384
v 0.286458 2.812703 -9.339985
v -2.974494 -2.679726 -4.850884
v 0.286458 -0.209107 -9.762284
v 3.141128 -1.608177 -8.749385
v -2.772193 -2.850396 -8.935284
v 3.424489 -6.210556 -5.823084
v -0.092403 -4.575147 -9.483285
v -2.974494 -4.045516 -3.790684
v -2.772193 -5.469946 -7.627285
v -3.335294 -5.404676 -7.079885
v 1.745458 -6.346996 -7.239383
v -2.974494 -5.325726 -1.560184
v -0.092403 -7.279623 -7.615483
v -3.335294 -7.325871 -5.073483
v 2.577998 -8.333614 -4.329885
v 0.286458 -8.024117 -5.598984
v -3.618694 -8.509899 0.250416
v -0.101782 -9.942415 -3.493784
v 2.780348 -5.501096 -0.702884
v -3.618694 -7.524666 3.963866
v 3.424489 -8.364866 1.571676
v -0.092403 -10.364705 -1.902783
v -2.974494 -5.541745 0.155216
v 2.577998 -9.286185 1.374847
v 3.424489 -7.467700 4.069437
v 0.286458 -9.781714 0.166216
v -2.974494 -4.870205 2.636806
v -0.092403 -9.502725 4.532297
v -2.974494 -3.810135 4.002666
v -1.253693 -6.597375 7.084366
v -3.335294 -7.099371 5.361826
v 2.780348 -3.810735 4.002116
v 1.059468 -5.408235 8.022996
v -0.092403 -7.634978 7.236776
v 1.745458 -7.258907 6.304146
v -3.618694 -3.756765 7.609177
v -3.618694 -1.219445 8.387456
v -0.101782 -6.405615 8.338436
v -2.974494 0.135724 5.499256
v 3.424489 -1.100555 8.403416
v 0.286458 -5.618445 7.981266
v -3.335294 -2.590995 8.490166
v -2.772193 -0.107446 9.346306
v 3.141128 -1.231435 8.785676
v 3.424489 1.552195 8.322016
v 0.286458 -2.875025 9.316627
v -0.092403 1.363544 10.400467
v -1.253693 4.688504 8.425946
v -2.772193 2.788105 8.911865
v -3.335294 5.342304 7.056526
v 3.141128 4.168704 7.811026
v 0.286458 3.151104 9.206656
v -2.974594 3.983603 3.767625
v -3.618694 6.982303 4.759985
v -3.335294 7.263503 5.050075
v 3.424489 6.148203 5.799745
v -0.092403 7.217304 7.592135
v 1.745458 8.209002 4.910605
v -3.335294 8.470703 2.548145
v 3.424489 8.078103 2.477665
v 1.059468 9.271902 2.619365
v -0.092403 9.212202 4.980075
v -0.101782 9.880102 3.470455
v 2.577998 9.199303 1.529605
v -0.092403 10.302402 1.879395
v 2.780369 5.388103 -1.048885
v 3.141128 8.766203 1.188585
v -2.974594 5.388003 -1.049685
v -3.335294 8.845602 -0.204385
v -1.939593 8.094503 -5.120884
v 1.745458 2.103803 -9.369685
v 1.745458 -6.346996 -7.239383
v -1.939593 -7.401261 -6.160784
v 1.745458 -9.389134 -2.146684
v 1.745458 0.830095 9.548034
v -1.939593 8.878403 3.558995
v 3.294419 6.287503 -0.205085
v 3.552909 7.050503 -1.355985
v 1.745458 9.528502 -0.872985
v -3.747094 7.119603 0.895995
v -3.618694 8.447602 -0.273785
v -3.618694 1.434195 8.343576
v 2.780369 1.519103 -5.306284
v 2.780348 -3.410006 -4.368584
v 2.780348 -1.581386 5.282706
v -2.772193 8.892403 -2.830885
v -1.939593 9.275602 -2.359885
v -0.092403 9.440403 -4.555685
v -2.772193 5.531003 -7.537585
v -2.974594 1.517453 -5.306684
v 2.577998 4.287103 -8.314184
v 2.780359 0.660044 -5.481985
v 2.780359 -0.196367 -5.522685
v -1.253693 1.110053 -9.611985
v -0.092403 1.859913 -10.345185
v 2.577998 -1.417697 -9.266685
v -1.253693 -1.912467 -9.494784
v -0.092403 -1.425876 -10.423884
v 2.577998 -4.209796 -8.385283
v 0.286458 -3.213486 -9.229984
v 1.059468 -3.370796 -9.084484
v 3.424489 -6.974316 -4.885083
v -2.772193 -7.557104 -5.573884
v -0.092403 -9.274565 -5.003484
v 3.141128 -8.027045 -3.871783
v 2.577998 -9.261675 -1.552984
v 1.745458 -9.389134 -2.146684
v 1.059468 -9.334205 -2.642684
v 2.780338 -5.541835 0.153516
v -3.618694 -8.386421 1.453676
v -3.618694 -8.013942 2.857616
v 3.141128 -8.768852 1.565327
v -0.092403 -10.443315 1.383036
v -2.772193 -8.954716 2.807546
v 0.286458 -9.249505 3.170626
v 1.059468 -9.103975 3.327946
v 3.424489 -3.648625 7.661096
v 3.141128 -3.891225 7.984196
v -0.092403 -5.022925 9.231715
v -3.618694 0.230884 8.467046
v -3.618694 1.434195 8.343576
v -3.335294 0.161504 8.865086
v -0.092403 -1.922245 10.321851
v 1.745458 0.830095 9.548034
v 3.424489 4.049904 7.424855
v -0.101782 2.977404 10.053434
v -0.092403 4.512804 9.459866
v -2.772193 5.407604 7.603926
v 1.745458 6.284703 7.216055
v -2.974594 5.264104 1.536995
v 2.577998 8.271302 4.306555
v -2.974594 5.439603 0.678765
v -2.974594 5.480103 -0.178585
v 0.286458 9.297103 2.832175
v 1.059468 9.271902 2.619365
v -3.747094 7.050104 -1.358085
v 3.424489 3.586303 -7.684484
v -3.618694 -2.900466 -7.994485
v -3.618694 -4.802835 7.001786
v -3.618694 0.230884 8.467046
v -3.618694 8.113603 2.359155
v -3.618694 8.447602 -0.273785
v -3.618694 7.951603 -2.880985
v 3.424489 -2.520515 8.097616
v 3.552909 7.050503 -1.355985
v 2.780369 4.326203 -3.390785
v 2.780348 -4.870625 2.636117
v 2.780369 5.439504 0.679575
v 1.745458 9.528502 -0.872985
v -1.253693 9.452003 -1.892985
v 1.745458 8.794503 -3.784885
v 1.059468 9.041603 -3.351285
v -1.939593 8.094503 -5.120884
v 2.577998 8.342402 -4.190285
v -0.101782 8.611603 -5.983285
v -2.974594 4.325103 -3.392184
v -2.772193 7.584402 -5.450485
v 2.577998 6.641302 -6.573385
v 3.424489 4.842303 -6.954885
v -1.253693 6.535003 -7.107686
v 0.286458 7.752603 -5.886885
v 1.059468 7.565603 -5.991486
v -3.618694 2.339703 -8.156385
v -0.101782 6.343302 -8.361785
v -2.772193 2.933203 -8.888083
v 3.424489 1.038223 -8.426785
v -1.253693 4.020903 -8.789485
v 0.286458 5.556103 -8.004683
v -3.618694 -0.293226 -8.490385
v 1.745458 2.103803 -9.369685
v -2.772193 0.045113 -9.369685
v -3.618694 -4.006726 -7.505184
v 2.577998 1.510123 -9.242184
v -0.101782 0.217793 -10.513885
v 1.745458 -0.892417 -9.571384
v 1.059468 -0.403686 -9.672484
v -0.101782 -3.039746 -10.076785
v -3.618694 -7.652027 -3.737284
v -0.101782 -6.002796 -8.654484
v -1.939593 -5.140366 -8.137284
v -1.253693 -4.750836 -8.449284
v 2.577998 -6.592855 -6.684185
v 2.780348 -4.044966 -3.791285
v 0.286458 -5.906356 -7.795484
v -1.253693 -7.127211 -6.577884
v 2.780348 -5.325315 -1.561884
v -3.618694 -8.175900 -2.382483
v -3.618694 -8.430308 -1.199983
v -0.101782 -8.381285 -6.386184
v 1.745458 -8.271374 -4.933983
v 1.059468 -8.065842 -5.388783
v -2.772193 -8.907574 -2.975984
v 3.424489 -8.140465 -2.501083
v -1.253693 -8.808975 -4.063684
v -1.939593 -9.608054 -0.654384
v -1.253693 -9.631505 -1.152884
v 0.286458 -9.359474 -2.855583
v -2.772193 -9.389165 -0.087984
v -0.101782 -10.533365 -0.260683
v 3.424489 -8.054929 2.740916
v -1.253693 -9.514295 1.869617
v 1.745458 -9.590884 0.849577
v 1.059468 -9.691925 0.360816
v -3.618694 -6.736575 5.183996
v -0.101782 -10.096285 2.996896
v 2.577998 -8.404752 4.166946
v -1.939593 -8.156811 5.097506
v -0.101782 -8.673959 5.959936
v -2.974494 -4.387005 3.368466
v -2.772193 -7.646779 5.427096
v 2.577998 -6.703655 6.550007
v -2.974494 -1.579735 5.283116
v -2.974494 -0.721556 5.458646
v 0.286458 -7.814940 5.863496
v 1.059468 -7.627917 5.968146
v -3.618694 -2.402015 8.133046
v -2.772193 -5.593375 7.514256
v -1.939593 -6.180285 7.358407
v -1.253693 -6.597375 7.084366
v 1.745458 -4.953455 8.228526
v -1.939593 -3.601845 8.897876
v 3.424489 -2.520515 8.097616
v -0.101782 -3.513295 9.899566
v -2.772193 -2.995495 8.864726
v 1.745458 -2.166175 9.346296
v 1.059468 -2.662215 9.291356
v 2.577998 -1.572455 9.218825
v -1.253693 -1.172385 9.588659
v -0.101782 -0.280125 10.490513
v -2.974594 3.349304 4.344545
v 2.577998 1.355365 9.243336
v 0.286458 0.146764 9.738870
v 1.059468 0.341354 9.649071
v -1.939593 2.317004 9.295096
v -1.253693 1.850135 9.471446
v -1.939593 5.078003 8.113955
v 2.577998 4.147503 8.361906
v 2.780359 2.616904 4.828186
v 1.745458 3.742004 8.814006
v -0.101782 5.940504 8.631106
v -1.939593 7.338904 6.137435
v -1.253693 7.064904 6.554525
v -2.772193 7.494803 5.550525
v 3.424489 6.912003 4.861735
v 3.424489 7.641603 3.605775
v 0.286458 5.844004 7.772095
v 1.059468 5.948703 7.585065
v -0.101782 8.319004 6.362765
v -2.772193 8.845202 2.952645
v -1.939593 8.878403 3.558995
v 3.552909 7.119304 0.898125
v 0.286458 7.961803 5.575595
v -1.253693 8.746603 4.040355
v -1.939593 9.545703 0.631025
v -0.101782 10.471004 0.237315
v -2.772193 9.326803 0.064615
v -3.618694 2.339703 -8.156385
v 3.424489 -1.614526 -8.345386
v -3.618694 -5.226846 -6.717084
v -3.618694 -7.044637 -4.783383
v -3.618694 -8.175900 -2.382483
v -3.618694 -8.509899 0.250416
v -3.618694 -8.013942 2.857616
v -3.618694 -6.736575 5.183996
v -3.618694 -2.402015 8.133046
v -3.618694 5.164504 6.693725
v -3.618694 3.944404 7.481816
v -3.618694 6.982303 4.759985
v -3.618694 8.113603 2.359155
v 3.424489 7.405403 -4.092785
v 3.424489 5.780302 -6.191086
v 3.424489 -4.112286 -7.448184
v 3.424489 -6.210556 -5.823084
v 3.424489 -8.446271 -1.081084
v 3.424489 -3.648625 7.661096
v 3.424489 -1.100555 8.403416
v 3.424489 -2.520515 8.097616
v 3.424489 4.049904 7.424855
v 3.424489 7.641603 3.605775
v 3.424489 8.383904 1.057705
v 3.424489 8.302502 -1.595085
v 2.577998 -8.333614 -4.329885
v 2.780369 5.157204 -1.875085
v -3.618694 7.951603 -2.880985
v -3.618694 7.462303 -3.987285
v -0.200883 8.866603 -4.016086
v 3.424489 6.749302 -5.109085
v -3.618694 4.740502 -7.025185
v -1.253693 8.406503 -4.731386
v -2.974594 0.659243 -5.482185
v -0.482582 4.558103 -8.609585
v -1.939593 3.539503 -8.921284
v -1.939593 0.611543 -9.588584
v -0.200883 -1.089976 -9.711384
v -3.618694 -2.900466 -7.994485
v -2.974494 -3.411366 -4.367585
v -3.618694 -5.226846 -6.717084
v -0.200883 -4.035526 -8.909484
v 3.424489 -5.128526 -6.792183
v 1.745458 -3.804386 -8.837385
v -3.618694 -7.044637 -4.783383
v -2.974494 -5.501215 -0.701984
v -1.939593 -7.401261 -6.160784
v -1.939593 -8.940724 -3.582384
v 3.424489 -8.512817 0.126716
v -1.939593 -9.337945 2.336486
v 3.424489 -5.842595 6.167706
v 3.424489 -6.811615 5.085676
v 1.745458 -8.856854 3.761536
v -1.253693 -8.468800 4.707986
v -3.618694 -4.802835 7.001786
v -0.482582 -7.052742 6.747236
v -3.618694 1.434195 8.343576
v 2.577998 -4.349405 8.290766
v -0.200883 -2.021555 9.540475
v -1.253693 -4.083205 8.766126
v -0.482582 4.227204 8.754855
v -3.618694 5.164504 6.693725
v -2.974594 1.833724 5.175886
v -2.974594 2.617604 4.827766
v 2.780369 3.347904 4.345555
v -1.253693 4.688504 8.425946
v 2.577998 6.530504 6.660805
v 2.780369 4.955303 2.339025
v 2.780369 5.263603 1.538636
v -1.253693 9.569202 1.129535
v 1.745458 9.326803 2.123325
v -3.618694 6.674203 -5.207385
v -0.482582 -4.289496 -8.778184
v -0.482582 -9.626425 -1.719484
v -2.974494 -2.380935 4.974726
v -0.482582 -7.052742 6.747236
v -0.482582 1.309734 9.641685
v -0.482582 6.727803 7.009895
v 3.294419 6.287503 -0.205085
v -3.747094 7.119603 0.895995
v -0.482582 9.564103 1.696095
v 3.141128 1.169103 -8.809085
v 2.577998 1.510123 -9.242184
v 3.141128 -1.608177 -8.749385
v 2.577998 -1.417697 -9.266685
v 3.141128 -8.768852 1.565327
v 2.577998 -9.286185 1.374847
v 3.424489 -7.467700 4.069437
v 3.141128 -7.853877 4.188236
v 3.141128 -6.173164 6.400026
v 2.577998 -6.703655 6.550007
v 3.141128 1.545845 8.726006
v 2.577998 1.355365 9.243336
v 3.424489 6.148203 5.799745
v 3.141128 6.380504 6.130305
v -3.618694 6.674203 -5.207385
v -2.772193 5.531003 -7.537585
v -3.335294 -0.223836 -8.888485
v -2.772193 0.045113 -9.369685
v 3.424489 -6.974316 -4.885083
v -3.618694 2.838104 7.971096
v -3.488594 6.240103 0.784355
v 3.424489 8.302502 -1.595085
v 2.780369 2.319503 -4.998085
v 2.780359 -0.722356 5.458526
v 1.059468 9.629603 -0.384185
v 2.577998 8.342402 -4.190285
v 3.424489 7.992602 -2.764285
v 2.577998 6.641302 -6.573385
v -3.335294 7.037002 -5.385185
v -2.772193 7.584402 -5.450485
v -0.200883 7.193702 -6.569584
v -2.772193 2.933203 -8.888083
v 2.577998 4.287103 -8.314184
v -0.482582 6.990403 -6.770586
v -1.939593 6.117903 -7.381785
v 1.059468 5.345902 -8.046385
v 3.424489 1.038223 -8.426785
v -0.482582 1.676613 -9.606985
v -0.200883 1.959223 -9.563885
v 1.059468 2.599903 -9.314685
v -0.482582 1.676613 -9.606985
v -3.335294 -2.957476 -8.394485
v -2.772193 -2.850396 -8.935284
v -1.939593 -2.379337 -9.318484
v 2.577998 -4.209796 -8.385283
v 3.424489 -2.783767 -8.035485
v 3.424489 -4.112286 -7.448184
v -0.482582 -1.372066 -9.665084
v -3.335294 -5.404676 -7.079885
v -2.772193 -5.469946 -7.627285
v 2.577998 -6.592855 -6.684185
v -3.335294 -7.325871 -5.073483
v -2.772193 -7.557104 -5.573884
v -0.482582 -6.790086 -7.033284
v 1.059468 -6.010996 -7.608484
v -0.200883 -8.500745 -4.856385
v -3.335294 -8.533012 -2.571483
v -2.772193 -8.907574 -2.975984
v 3.141128 -8.828522 -1.211984
v 2.577998 -9.261675 -1.552984
v -0.200883 -9.583324 -2.002084
v -3.335294 -8.907932 0.181016
v -2.772193 -9.389165 -0.087984
v -2.974494 -5.218326 1.853056
v -3.335294 -8.413935 2.914626
v -2.772193 -8.954716 2.807546
v -0.482582 -9.684535 1.329217
v 2.577998 -8.404752 4.166946
v 3.424489 -8.054929 2.740916
v -0.482582 -9.684535 1.329217
v 3.424489 -6.811615 5.085676
v -3.335294 -7.099371 5.361826
v -2.772193 -7.646779 5.427096
v -0.482582 -8.797704 4.246646
v -2.772193 -5.593375 7.514256
v -0.482582 -8.797704 4.246646
v 2.577998 -4.349405 8.290766
v -3.335294 -2.590995 8.490166
v -2.772193 -2.995495 8.864726
v -0.200883 -4.875915 8.457896
v 2.577998 -1.572455 9.218825
v 1.059468 -5.408235 8.022996
v -3.335294 0.161504 8.865086
v -2.772193 -0.107446 9.346306
v 3.424489 0.107235 8.469966
v -0.482582 -1.738945 9.583579
v 3.424489 1.552195 8.322016
v -3.335294 2.895105 8.371086
v -2.772193 2.788105 8.911865
v -0.200883 1.027644 9.688023
v -1.939593 -0.673875 9.565211
v -2.772193 5.407604 7.603926
v 3.141128 4.168704 7.811026
v 2.577998 4.147503 8.361906
v -2.974594 4.955704 2.338295
v 2.577998 6.530504 6.660805
v 1.059468 3.308504 9.061126
v -3.335294 7.263503 5.050075
v -2.772193 7.494803 5.550525
v -0.482582 6.727803 7.009895
v -3.618694 6.065404 5.886545
v 3.141128 7.964704 3.848375
v 2.577998 8.271302 4.306555
v -3.335294 8.470703 2.548145
v -2.772193 8.845202 2.952645
v -0.200883 8.438403 4.833066
v 1.059468 8.003503 5.365386
v 2.577998 9.199303 1.529605
v -0.482582 9.564103 1.696095
v -3.335294 8.845602 -0.204385
v -2.772193 9.326803 0.064615
v 3.294419 6.240002 0.785255
v 2.577998 9.223804 -1.398185
v -3.335294 8.351604 -2.937985
v -2.772193 8.892403 -2.830885
v -0.200883 9.668502 -1.070485
v 2.780348 -2.381675 4.974386
v -0.482582 9.622203 -1.352585
v -0.482582 8.735403 -4.269984
v -2.974594 5.156602 -1.876685
v -2.974594 2.318703 -4.998385
v -0.482582 8.735403 -4.269984
v -0.482582 6.990403 -6.770586
v 3.424489 3.586303 -7.684484
v -0.482582 4.558103 -8.609585
v 2.780359 -1.894386 -5.199584
v -0.200883 -6.589106 -7.236583
v 3.424489 -7.703947 -3.629184
v -0.482582 -6.790086 -7.033284
v 2.780348 -5.017095 -2.362084
v -2.974494 -5.017446 -2.361383
v -0.482582 -8.629070 -4.600985
v -0.482582 -8.629070 -4.600985
v 3.424489 -8.512817 0.126716
v -0.200883 -9.730875 1.047127
v 2.780348 -5.218895 1.851456
v -0.200883 -8.928945 3.992676
v -0.200883 -7.256041 6.546256
v 3.424489 -4.904585 6.931466
v -0.482582 -4.620455 8.586215
v -0.482582 -4.620455 8.586215
v 3.424489 0.107235 8.469966
v -3.618694 2.838104 7.971096
v -0.482582 1.309734 9.641685
v 2.780359 1.832134 5.176466
v 3.424489 2.721405 8.012076
v -0.200883 3.973204 8.886096
v 3.424489 5.066204 6.768765
v 3.424489 5.066204 6.768765
v -0.482582 4.227204 8.754855
v -0.200883 6.526804 7.213195
v -3.618694 7.589704 3.713916
v 3.424489 8.383904 1.057705
v -0.482582 8.566704 4.577605
v 3.424489 -6.974316 -4.885083
v -3.618694 4.740502 -7.025185
v 3.424489 -1.614526 -8.345386
v -3.618694 8.324102 -1.477085
v 3.141128 7.791502 -4.211584
v 3.424489 -7.703947 -3.629184
v 3.141128 6.110803 -6.423386
v 0.288397 9.293803 -2.845485
v -3.335294 5.030602 -7.306386
v -0.482582 6.990403 -6.770586
v 3.141128 3.828903 -8.007585
v -0.200883 4.813603 -8.481284
v -3.335294 2.528703 -8.513485
v 0.288397 5.847203 -7.785385
v -0.482582 1.676613 -9.606985
v -0.482582 -1.372066 -9.665084
v -2.974494 -1.895986 -5.199084
v 3.141128 -4.231086 -7.834384
v 3.424489 -2.783767 -8.035485
v -0.482582 -4.289496 -8.778184
v 3.141128 -6.442875 -6.153684
v 3.424489 -6.974316 -4.885083
v -0.482582 -6.790086 -7.033284
v 3.141128 -8.027045 -3.871783
v 0.288397 -5.607875 -8.004584
v 3.424489 -8.446271 -1.081084
v -0.482582 -8.629070 -4.600985
v -0.482582 -9.626425 -1.719484
v 3.424489 -8.364866 1.571676
v 0.288397 -9.240905 -3.200183
v -0.482582 -9.626425 -1.719484
v -0.482582 -9.684535 1.329217
v -3.335294 -5.092925 7.283027
v -3.618694 -6.736575 5.183996
v 3.141128 -3.891225 7.984196
v 0.288397 -5.909535 7.762016
v 3.141128 -1.231435 8.785676
v -0.482582 -1.738945 9.583579
v -0.482582 -4.620455 8.586215
v 3.424489 0.107235 8.469966
v -3.335294 5.342304 7.056526
v -0.482582 1.309734 9.641685
v -3.618694 6.065404 5.886545
v -0.482582 6.727803 7.009895
v -0.482582 8.566704 4.577605
v 3.141128 8.766203 1.188585
v 0.288397 7.742504 5.866685
v -0.200883 9.521003 1.978705
v -3.618694 8.368004 1.176595
v 3.141128 8.706503 -1.588685
v 3.294419 6.179303 -1.191685
v -0.482582 9.622203 -1.352585
v -3.618694 8.447602 -0.273785
v -3.618694 -0.293226 -8.490385
v 3.424489 -7.703947 -3.629184
v 3.424489 -5.842595 6.167706
v 3.424489 8.302502 -1.595085
v -3.618694 7.462303 -3.987285
v 3.424489 7.405403 -4.092785
v 0.288397 7.961703 -5.588385
v -0.482582 4.558103 -8.609585
v -3.618694 -0.293226 -8.490385
v 3.424489 1.038223 -8.426785
v 3.424489 -1.614526 -8.345386
v -0.482582 -1.372066 -9.665084
v 3.424489 -5.128526 -6.792183
v 3.424489 -7.703947 -3.629184
v 0.288397 -9.356125 2.822147
v 3.424489 -5.842595 6.167706
v 3.424489 -4.904585 6.931466
v 0.288397 -8.024033 5.565026
v -0.482582 -1.738945 9.583579
v 3.424489 2.721405 8.012076
v 0.288397 -0.217606 9.732587
v -3.618694 8.324102 -1.477085
v -0.482582 9.564103 1.696095
v 3.424489 8.302502 -1.595085
v 0.288397 9.713102 0.174715
v -3.618694 7.951603 -2.880985
v -3.618694 7.462303 -3.987285
v -0.482582 9.622203 -1.352585
v -3.618694 4.740502 -7.025185
v -3.618694 6.674203 -5.207385
v -0.482582 8.735403 -4.269984
v 3.424489 5.780302 -6.191086
v -3.618694 4.740502 -7.025185
v -3.618694 4.740502 -7.025185
v 3.424489 3.586303 -7.684484
v 3.424489 3.586303 -7.684484
v -3.618694 2.339703 -8.156385
v -3.618694 1.157113 -8.410785
v 0.288397 3.157302 -9.221385
v 3.424489 -1.614526 -8.345386
v -3.618694 -0.293226 -8.490385
v 3.424489 -1.614526 -8.345386
v 3.424489 -4.112286 -7.448184
v 0.288397 0.155273 -9.755984
v -3.618694 -2.900466 -7.994485
v 3.424489 -4.112286 -7.448184
v 0.288397 -2.864996 -9.336684
v -3.618694 -5.226846 -6.717084
v -0.482582 -4.289496 -8.778184
v 3.424489 -6.210556 -5.823084
v 3.424489 -6.974316 -4.885083
v 3.424489 -7.703947 -3.629184
v -3.618694 -7.044637 -4.783383
v 3.424489 -8.446271 -1.081084
v 3.424489 -8.512817 0.126716
v 3.424489 -8.446271 -1.081084
v 3.424489 -8.140465 -2.501083
v 0.288397 -7.804862 -5.890084
v -3.618694 -8.175900 -2.382483
v 3.424489 -8.446271 -1.081084
v -3.618694 -8.509899 0.250416
v 3.424489 -8.364866 1.571676
v 0.288397 -9.775434 -0.198084
v -3.618694 -8.013942 2.857616
v 3.424489 -7.467700 4.069437
v -0.482582 -8.797704 4.246646
v 3.424489 -5.842595 6.167706
v 3.424489 -5.842595 6.167706
v -3.618694 -4.802835 7.001786
v -3.618694 -4.802835 7.001786
v -0.482582 -7.052742 6.747236
v 3.424489 -3.648625 7.661096
v -3.618694 -2.402015 8.133046
v 3.424489 -1.100555 8.403416
v 0.288397 -3.219625 9.198056
v -3.618694 1.434195 8.343576
v -3.618694 0.230884 8.467046
v 3.424489 1.552195 8.322016
v 3.424489 2.721405 8.012076
v -3.618694 2.838104 7.971096
v -3.618694 3.944404 7.481816
v -3.618694 2.838104 7.971096
v 3.424489 4.049904 7.424855
v 3.424489 5.066204 6.768765
v -0.482582 4.227204 8.754855
v 0.288397 2.802704 9.313276
v -3.618694 5.164504 6.693725
v -3.618694 7.589704 3.713916
v -3.618694 5.164504 6.693725
v 3.424489 6.148203 5.799745
v 0.288397 5.545504 7.981185
v -3.618694 6.982303 4.759985
v 3.424489 7.641603 3.605775
v -3.618694 8.113603 2.359155
v -3.618694 8.368004 1.176595
v -3.618694 8.368004 1.176595
v -3.618694 8.113603 2.359155
v -0.482582 8.566704 4.577605
v 3.424489 8.383904 1.057705
v 3.424489 8.383904 1.057705
v 0.288397 9.178602 3.176775
v -3.618694 8.324102 -1.477085
v -3.488594 6.179204 -1.192485
vn -0.0000 0.6344 -0.7730
vn -0.0000 0.4714 -0.8819
vn -0.0000 0.2903 -0.9569
vn -0.6261 0.3675 -0.6877
vn -0.0000 0.0980 -0.9952
vn -0.6260 0.2264 -0.7462
vn -0.6260 0.3676 -0.6877
vn -0.6242 0.0766 -0.7775
vn -0.6243 0.2268 -0.7475
vn -0.0000 -0.0980 -0.9952
vn -0.6243 0.0765 -0.7774
vn -0.6244 -0.0765 -0.7774
vn -0.0000 -0.2903 -0.9569
vn -0.6267 -0.0764 -0.7755
vn -0.6266 -0.2262 -0.7457
vn -0.0000 -0.4714 -0.8819
vn -0.6261 -0.2264 -0.7462
vn -0.6261 -0.3676 -0.6877
vn -0.0000 -0.6344 -0.7730
vn -0.6264 -0.3674 -0.6875
vn -0.6263 -0.4946 -0.6026
vn -0.0000 -0.7730 -0.6344
vn -0.6246 -0.4954 -0.6037
vn -0.6249 -0.6035 -0.4953
vn -0.0000 -0.8819 -0.4714
vn -0.6269 -0.6023 -0.4942
vn -0.6266 -0.6873 -0.3674
vn -0.0000 -0.9570 -0.2903
vn -0.6261 -0.6877 -0.3676
vn -0.6260 -0.7462 -0.2263
vn -0.0000 -0.9952 -0.0980
vn -0.6260 -0.7463 -0.2264
vn -0.6260 -0.7761 -0.0764
vn -0.0000 -0.9952 0.0980
vn -0.6258 -0.7762 -0.0765
vn -0.6258 -0.7762 0.0764
vn -0.0000 -0.9569 0.2903
vn -0.6260 -0.7761 0.0764
vn -0.6260 -0.7463 0.2264
vn -0.0000 -0.8819 0.4714
vn -0.6258 -0.7464 0.2264
vn -0.6259 -0.6878 0.3677
vn -0.0000 -0.7730 0.6344
vn -0.6257 -0.6879 0.3677
vn -0.6257 -0.6030 0.4948
vn -0.9763 -0.2070 0.0628
vn -0.0000 -0.6344 0.7730
vn -0.6258 -0.6029 0.4948
vn -0.6258 -0.4948 0.6029
vn -0.9763 -0.1908 0.1020
vn -0.0000 -0.4714 0.8819
vn -0.6257 -0.4948 0.6030
vn -0.6258 -0.3677 0.6879
vn -0.9763 -0.1672 0.1372
vn -0.0000 -0.2903 0.9569
vn -0.6257 -0.3677 0.6879
vn -0.6258 -0.2264 0.7464
vn -0.9763 -0.1372 0.1672
vn -0.0000 -0.0980 0.9952
vn -0.6257 -0.2264 0.7465
vn -0.6257 -0.0765 0.7763
vn -0.9763 -0.1020 0.1908
vn -0.0000 0.0980 0.9952
vn -0.6258 -0.0765 0.7762
vn -0.6258 0.0765 0.7762
vn -0.9763 -0.0628 0.2070
vn -0.0000 0.2903 0.9569
vn -0.6257 0.0765 0.7763
vn -0.6257 0.2264 0.7464
vn -0.9763 -0.0212 0.2153
vn -0.0000 0.4714 0.8819
vn -0.6259 0.2264 0.7464
vn -0.6259 0.3677 0.6878
vn -0.9763 0.0212 0.2153
vn -0.0000 0.6344 0.7730
vn -0.6254 0.3678 0.6882
vn -0.6253 0.4951 0.6033
vn -0.9763 0.0628 0.2070
vn -0.0000 0.7730 0.6344
vn -0.6249 0.4953 0.6035
vn -0.6247 0.6036 0.4954
vn -0.9763 0.1020 0.1908
vn -0.0000 0.8819 0.4714
vn -0.6265 0.6025 0.4944
vn -0.6265 0.6874 0.3674
vn -0.9763 0.1372 0.1672
vn -0.0000 0.9569 0.2903
vn -0.6238 0.6892 0.3685
vn -0.6237 0.7480 0.2269
vn -0.9763 0.1672 0.1372
vn -0.0000 0.9952 0.0981
vn -0.6243 0.7475 0.2267
vn -0.6242 0.7775 0.0766
vn -0.9763 0.1908 0.1020
vn -0.0000 0.9952 -0.0981
vn -0.6268 0.7754 0.0764
vn -0.6268 0.7754 -0.0764
vn -0.9763 0.2070 0.0628
vn -0.0000 0.9569 -0.2903
vn -0.6242 0.7775 -0.0766
vn -0.6243 0.7475 -0.2268
vn -0.9763 0.2153 0.0212
vn -0.0000 0.8819 -0.4714
vn -0.6238 0.7479 -0.2269
vn -0.6241 0.6891 -0.3683
vn -0.9763 0.2153 -0.0212
vn -0.0000 0.7730 -0.6344
vn -0.6274 0.6019 -0.4940
vn -0.6272 0.6868 -0.3672
vn -0.6256 0.4949 -0.6030
vn -0.6253 0.6033 -0.4950
vn -0.6259 0.4948 -0.6029
vn -0.9763 0.2070 -0.0628
vn -0.9763 0.1908 -0.1020
vn -0.9763 0.1672 -0.1372
vn -0.9763 0.1372 -0.1672
vn -0.9941 0.1082 -0.0107
vn -0.9941 0.1041 -0.0316
vn -0.9941 0.1083 -0.0107
vn -0.9941 0.1082 0.0107
vn -1.0000 -0.0000 -0.0000
vn -0.9941 0.1082 0.0106
vn -0.9941 0.1040 -0.0315
vn -0.9941 0.0958 -0.0512
vn -0.9941 0.1040 0.0316
vn -0.9941 0.1040 0.0315
vn -0.9941 0.0960 -0.0513
vn -0.9941 0.0841 -0.0690
vn -0.9941 0.0958 0.0512
vn -0.9941 0.0960 0.0513
vn -0.9941 0.0841 0.0690
vn -0.9941 0.0690 -0.0841
vn -0.9763 0.1020 -0.1908
vn -0.9941 0.0690 0.0841
vn -0.9941 0.0513 -0.0960
vn -0.9763 0.0628 -0.2070
vn -0.9941 0.0513 0.0959
vn -0.9941 0.0513 -0.0959
vn -0.9941 0.0316 0.1041
vn -0.9941 0.0316 -0.1041
vn -0.9763 0.0212 -0.2153
vn -0.9941 0.0107 0.1082
vn -0.9941 0.0107 -0.1083
vn -0.9763 -0.0212 -0.2153
vn -0.9941 0.0107 -0.1082
vn -0.9941 -0.0107 0.1082
vn -0.9941 -0.0107 -0.1082
vn -0.9763 -0.0628 -0.2070
vn -0.9941 -0.0107 -0.1083
vn -0.9941 -0.0316 0.1041
vn -0.9941 -0.0316 -0.1041
vn -0.9763 -0.1020 -0.1908
vn -0.9941 -0.0513 0.0959
vn -0.9941 -0.0513 -0.0959
vn -0.9763 -0.1372 -0.1672
vn -0.9941 -0.0513 -0.0960
vn -0.9941 -0.0690 0.0841
vn -0.9941 -0.0690 -0.0841
vn -0.9763 -0.1672 -0.1372
vn -0.9941 -0.0690 -0.0840
vn -0.9941 -0.0841 0.0690
vn -0.9941 -0.0841 -0.0690
vn -0.9763 -0.1908 -0.1020
vn -0.9941 -0.0959 0.0513
vn -0.9941 -0.0959 -0.0513
vn -0.9763 -0.2070 -0.0628
vn -0.9941 -0.1041 -0.0316
vn -0.9763 -0.2153 -0.0212
vn -0.9941 -0.1041 0.0316
vn -0.9941 -0.1082 -0.0107
vn -0.9763 -0.2153 0.0212
vn -0.9941 -0.1082 0.0107
vn 0.7067 0.7041 -0.0694
vn 0.7068 0.6770 -0.2054
vn 0.7068 0.6769 -0.2054
vn 0.7080 0.7028 -0.0692
vn 0.7080 0.7028 0.0693
vn 1.0000 -0.0000 -0.0000
vn 0.7071 0.6236 -0.3333
vn 0.7067 0.7041 0.0694
vn 0.7067 0.6770 0.2054
vn 0.7074 0.5464 -0.4484
vn 0.7064 0.5472 -0.4491
vn 0.7066 0.4489 -0.5470
vn 0.7061 0.4492 -0.5474
vn 0.7062 0.3337 -0.6245
vn 0.7065 0.3336 -0.6241
vn 0.7064 0.2055 -0.6773
vn 0.7067 0.2054 -0.6771
vn 0.7067 0.0694 -0.7041
vn 0.7060 0.0694 -0.7048
vn 0.7060 -0.0694 -0.7048
vn 0.7067 -0.0693 -0.7041
vn 0.7067 -0.2054 -0.6771
vn 0.7065 -0.2055 -0.6773
vn 0.7065 -0.3336 -0.6242
vn 0.7066 -0.3336 -0.6241
vn 0.7066 -0.4489 -0.5469
vn 0.7076 -0.4483 -0.5463
vn 0.7075 -0.5463 -0.4483
vn 0.7077 -0.5461 -0.4482
vn 0.7075 -0.6232 -0.3331
vn 0.7076 -0.6231 -0.3331
vn 0.7074 -0.6764 -0.2052
vn 0.7072 -0.6766 -0.2052
vn 0.7071 -0.7037 -0.0693
vn 0.7070 -0.7038 -0.0693
vn 0.7070 -0.7038 0.0693
vn 0.7071 -0.7037 0.0693
vn 0.7071 -0.6766 0.2052
vn 0.7070 -0.6767 0.2053
vn 0.7070 -0.6237 0.3334
vn 0.7071 -0.6236 0.3333
vn 0.7071 -0.5466 0.4486
vn 0.7071 -0.4486 0.5466
vn 0.7069 -0.4487 0.5467
vn 0.7069 -0.3334 0.6238
vn 0.7070 -0.3334 0.6237
vn 0.7070 -0.2053 0.6767
vn 0.7071 -0.2053 0.6767
vn 0.7071 -0.0693 0.7037
vn 0.7070 -0.0693 0.7038
vn 0.7070 0.0693 0.7038
vn 0.7069 0.0693 0.7039
vn 0.7069 0.2053 0.6768
vn 0.7071 0.2053 0.6767
vn 0.7071 0.3333 0.6237
vn 0.7065 0.3336 0.6241
vn 0.7064 0.4490 0.5471
vn 0.7062 0.4492 0.5473
vn 0.7060 0.5475 0.4493
vn 0.7066 0.5470 0.4489
vn 0.7066 0.6241 0.3336
vn 0.7065 0.6242 0.3336
vn 0.7065 0.6773 0.2054
vn 0.7084 -0.6225 -0.3328
vn 0.7067 -0.6771 -0.2054
vn 0.7085 -0.6754 -0.2049
vn 0.7081 -0.7028 -0.0692
vn 0.7067 -0.7041 -0.0693
vn 0.7086 -0.7023 0.0692
vn 0.7081 -0.7028 0.0692
vn 0.7082 -0.6757 0.2050
vn 0.7062 -0.6775 0.2056
vn 0.7061 -0.6245 0.3338
vn 0.7074 -0.5464 0.4484
vn 0.7079 -0.5459 0.4481
vn 0.7080 -0.4481 0.5459
vn 0.7061 -0.4492 0.5474
vn 0.7062 -0.3337 0.6244
vn 0.7065 -0.3336 0.6242
vn 0.7065 -0.2054 0.6773
vn 0.7086 -0.2049 0.6752
vn -0.0000 -0.2902 0.9570
vn 0.7087 -0.0692 0.7021
vn 0.7081 -0.0692 0.7027
vn 0.7081 0.0692 0.7028
vn 0.7088 0.0691 0.7021
vn 0.7087 0.2048 0.6751
vn 0.7065 0.2055 0.6773
vn 0.7065 0.3336 0.6242
vn 0.7065 0.4490 0.5470
vn 0.7076 0.4483 0.5463
vn 0.7075 0.5463 0.4483
vn 0.7079 0.5460 0.4481
vn 0.7077 0.6231 0.3331
vn 0.7067 0.6240 0.3335
vn 0.7068 0.6769 0.2053
vn 0.7070 0.6768 0.2053
vn 0.7069 0.7039 0.0693
vn 0.7070 0.7038 0.0693
vn -0.0000 0.9952 0.0980
vn 0.7070 0.7038 -0.0693
vn 0.7069 0.7039 -0.0693
vn -0.0000 0.9952 -0.0980
vn 0.7069 0.6768 -0.2053
vn 0.7071 0.6766 -0.2053
vn 0.7072 0.6236 -0.3333
vn 0.7071 0.5466 -0.4486
vn 0.7071 0.4486 -0.5466
vn 0.7071 0.3333 -0.6236
vn 0.7070 0.3334 -0.6237
vn 0.7071 0.2053 -0.6767
vn 0.7071 0.0693 -0.7037
vn 0.7068 0.0693 -0.7040
vn 0.7068 -0.0693 -0.7040
vn 0.7069 -0.0693 -0.7039
vn 0.7069 -0.2053 -0.6769
vn 0.7070 -0.2053 -0.6767
vn 0.7070 -0.3334 -0.6237
vn 0.7077 -0.3331 -0.6231
vn 0.7079 -0.4481 -0.5460
vn 0.7075 -0.4483 -0.5463
vn 0.7076 -0.5462 -0.4483
vn 0.7066 -0.5470 -0.4489
vn 0.7066 -0.6241 -0.3336
vn -0.0000 -0.9569 -0.2903
vn 0.6294 -0.6007 -0.4930
vn -0.0000 -0.9952 -0.0979
vn 0.6281 -0.6862 -0.3668
vn 0.6295 -0.6853 -0.3663
vn 0.6298 -0.7433 -0.2255
vn 0.6281 -0.7447 -0.2258
vn 0.6277 -0.7747 -0.0762
vn 0.6298 -0.7730 -0.0762
vn 0.6286 -0.7740 0.0762
vn 0.6277 -0.7747 0.0764
vn 0.6288 -0.7441 0.2257
vn 0.6281 -0.7446 0.2259
vn 0.9779 -0.2082 0.0205
vn 0.9779 -0.2003 0.0607
vn 0.6281 -0.6862 0.3669
vn 0.6296 -0.6852 0.3662
vn 0.9779 -0.2002 0.0608
vn 0.9779 -0.1845 0.0987
vn 0.6296 -0.6006 0.4929
vn 0.6287 -0.6011 0.4934
vn 0.9779 -0.1845 0.0986
vn 0.9779 -0.1618 0.1327
vn 0.6287 -0.4933 0.6012
vn 0.6295 -0.4929 0.6006
vn 0.9779 -0.1327 0.1618
vn 0.6296 -0.3663 0.6852
vn 0.6282 -0.3668 0.6862
vn 0.9779 -0.1328 0.1618
vn 0.9779 -0.0987 0.1845
vn 0.6281 -0.2258 0.7446
vn 0.6285 -0.2258 0.7444
vn 0.9779 -0.0986 0.1845
vn 0.9779 -0.0607 0.2002
vn 0.6285 -0.0762 0.7741
vn 0.6290 -0.0762 0.7737
vn 0.9779 -0.0608 0.2002
vn 0.9779 -0.0205 0.2083
vn 0.6290 0.0762 0.7737
vn 0.6285 0.0763 0.7741
vn 0.9779 0.0205 0.2083
vn 0.6285 0.2257 0.7443
vn 0.6281 0.2259 0.7446
vn 0.9779 0.0205 0.2082
vn 0.9779 0.0607 0.2002
vn 0.6282 0.3668 0.6862
vn 0.6294 0.3663 0.6853
vn 0.9779 0.0608 0.2002
vn 0.9779 0.0987 0.1845
vn 0.6294 0.4930 0.6007
vn 0.6287 0.4933 0.6011
vn 0.9779 0.0986 0.1846
vn 0.9779 0.1327 0.1618
vn 0.6288 0.6011 0.4933
vn 0.6290 0.6009 0.4932
vn 0.9779 0.1618 0.1327
vn 0.6290 0.6856 0.3665
vn 0.6288 0.6858 0.3666
vn 0.9779 0.1845 0.0986
vn 0.6288 0.7441 0.2257
vn 0.9779 0.2002 0.0607
vn 0.6289 0.7738 0.0762
vn 0.9779 0.2082 0.0205
vn 0.6289 0.7738 -0.0762
vn 0.9779 0.2082 -0.0205
vn 0.9945 0.1006 0.0305
vn 0.6289 0.7440 -0.2257
vn 0.6288 0.7441 -0.2257
vn 0.9945 0.1046 0.0103
vn 0.9945 0.0927 0.0496
vn 0.9945 0.1046 -0.0103
vn 0.9779 0.2002 -0.0607
vn 0.9945 0.1006 -0.0305
vn 0.9945 0.0813 0.0667
vn 0.9945 0.0927 -0.0496
vn 0.9945 0.0667 0.0813
vn 0.9779 0.1845 -0.0986
vn 0.6288 0.6858 -0.3666
vn 0.6289 0.6857 -0.3665
vn 0.6289 0.6010 -0.4932
vn 0.9779 0.1618 -0.1327
vn 0.6288 0.6011 -0.4933
vn 0.9945 0.0813 -0.0667
vn 0.9779 0.1617 -0.1327
vn 0.6288 0.4933 -0.6010
vn 0.9779 0.1327 -0.1618
vn 0.6288 0.4933 -0.6011
vn 0.9945 0.0667 0.0812
vn 0.9945 0.0495 0.0927
vn 0.9945 0.0667 -0.0813
vn 0.6288 0.3665 -0.6858
vn 0.9779 0.0986 -0.1845
vn 0.6289 0.3665 -0.6857
vn 0.9945 0.0496 -0.0927
vn 0.6289 0.2257 -0.7440
vn 0.9779 0.0607 -0.2002
vn 0.6288 0.2257 -0.7441
vn 0.9945 0.0496 0.0928
vn 0.9945 0.0305 0.1007
vn 0.9945 0.0305 -0.1006
vn 0.9945 0.0305 0.1006
vn 0.9945 0.0103 0.1046
vn 0.9945 0.0103 -0.1046
vn 0.9945 0.0103 0.1045
vn 0.9945 -0.0103 0.1045
vn 0.6288 0.0762 -0.7739
vn 0.9779 0.0205 -0.2082
vn 0.6290 0.0762 -0.7737
vn 0.6290 -0.0762 -0.7737
vn 0.9779 -0.0205 -0.2082
vn 0.6289 -0.0762 -0.7737
vn 0.9945 -0.0103 -0.1046
vn 0.6289 -0.2257 -0.7440
vn 0.9779 -0.0607 -0.2002
vn 0.9945 -0.0103 0.1046
vn 0.9945 -0.0305 0.1006
vn 0.9945 -0.0305 -0.1006
vn 0.9945 -0.0305 0.1007
vn 0.9945 -0.0496 0.0928
vn 0.9945 -0.0496 -0.0927
vn 0.9945 -0.0495 0.0927
vn 0.9945 -0.0667 0.0812
vn 0.6289 -0.3665 -0.6857
vn 0.9779 -0.0986 -0.1845
vn 0.6284 -0.3667 -0.6860
vn 0.6282 -0.4936 -0.6014
vn 0.9779 -0.1328 -0.1617
vn 0.6287 -0.4933 -0.6011
vn 0.6287 -0.6011 -0.4933
vn 0.9945 -0.0667 -0.0813
vn 0.9779 -0.1327 -0.1618
vn 0.9779 -0.1618 -0.1327
vn 0.9945 -0.0667 0.0813
vn 0.9945 -0.0813 0.0667
vn 0.9945 -0.0813 -0.0667
vn 0.9945 -0.0812 -0.0667
vn 0.9779 -0.1845 -0.0987
vn 0.9945 -0.0927 0.0496
vn 0.9945 -0.0927 -0.0495
vn 0.9779 -0.1845 -0.0986
vn 0.9945 -0.0928 -0.0496
vn 0.9779 -0.2002 -0.0607
vn 0.9945 -0.0928 0.0496
vn 0.9945 -0.1007 0.0306
vn 0.9945 -0.1007 -0.0305
vn 0.9779 -0.2002 -0.0608
vn 0.9945 -0.1006 -0.0305
vn 0.9779 -0.2082 -0.0205
vn 0.9945 -0.1006 0.0305
vn 0.9945 -0.1046 -0.0103
vn 0.9945 -0.1046 0.0103
vn 0.0041 0.9775 -0.2109
vn 0.6103 0.4362 0.6613
vn 0.6103 0.6192 0.4942
vn -0.6103 0.6889 0.3910
vn 0.0218 0.8691 -0.4941
vn -0.6103 0.7761 0.1590
vn 0.6104 0.7415 0.2786
vn 0.0218 0.6740 -0.7384
vn 0.6103 0.7913 0.0358
vn 0.0221 0.4129 -0.9105
vn -0.6103 0.7872 -0.0886
vn 0.0374 0.9522 -0.3031
vn 0.6103 0.7637 -0.2105
vn 0.6103 0.6613 -0.4361
vn 0.0222 -0.2010 -0.9793
vn -0.6103 0.5848 -0.5344
vn -0.6103 0.3910 -0.6889
vn 0.6103 0.4941 -0.6192
vn 0.0217 -0.4940 -0.8692
vn 0.0374 0.3145 -0.9485
vn 0.6103 0.2787 -0.7415
vn 0.6103 0.0357 -0.7913
vn -0.6103 -0.0885 -0.7872
vn 0.0219 -0.9105 -0.4128
vn 0.6103 -0.2105 -0.7637
vn 0.0218 -0.9936 -0.1112
vn -0.6103 -0.3275 -0.7213
vn 0.6103 -0.4362 -0.6613
vn -0.6103 -0.5344 -0.5848
vn 0.0218 -0.9793 0.2012
vn -0.6103 -0.6889 -0.3910
vn 0.6103 -0.6192 -0.4941
vn 0.0218 -0.8692 0.4940
vn 0.6103 -0.7415 -0.2786
vn 0.0041 -0.6669 0.7452
vn 0.6103 -0.7913 -0.0358
vn 0.0041 -0.4040 0.9148
vn 0.6103 -0.7637 0.2105
vn 0.0218 -0.1112 0.9936
vn -0.6103 -0.7213 0.3275
vn 0.0219 0.2012 0.9793
vn 0.6103 -0.6613 0.4362
vn -0.6103 -0.5847 0.5344
vn 0.0373 -0.5922 0.8049
vn 0.6103 -0.4941 0.6191
vn 0.6103 -0.2786 0.7415
vn -0.6103 -0.1590 0.7760
vn 0.0216 0.7385 0.6739
vn 0.6103 -0.0358 0.7913
vn 0.0373 -0.0060 0.9993
vn -0.6103 0.3275 0.7213
vn 0.6103 0.2105 0.7637
vn 0.0219 0.9936 0.1113
vn -0.9307 -0.3421 -0.1295
vn -0.9307 -0.1503 -0.3334
vn -0.9308 0.1294 -0.3420
vn -0.9598 0.2559 -0.1154
vn -0.9313 0.3638 0.0173
vn -0.9315 0.3396 0.1299
vn -0.9598 0.1154 0.2559
vn -0.9598 -0.0994 0.2625
vn -0.9598 -0.2559 0.1154
vn 0.9311 -0.3047 0.2007
vn 0.9317 -0.1298 0.3392
vn 0.9311 0.2006 0.3045
vn 0.9598 0.2625 0.0994
vn 0.9312 0.3045 -0.2006
vn 0.9317 0.1299 -0.3391
vn 0.9315 0.0174 -0.3634
vn 0.9598 -0.0739 -0.2708
vn 0.9315 -0.2447 -0.2692
vn 0.9598 -0.2625 -0.0995
vn -0.1977 0.8337 -0.5156
vn 0.1977 0.9042 -0.3786
vn 0.9598 -0.2559 0.1153
vn -0.6350 0.6172 0.4646
vn 0.1977 0.7429 -0.6395
vn -0.1977 0.6336 -0.7480
vn -0.9312 -0.2696 0.2452
vn -0.0787 0.4223 -0.9030
vn 0.1977 0.5089 -0.8378
vn -0.0787 0.1227 -0.9893
vn 0.1977 0.2250 -0.9541
vn 0.9315 -0.0173 0.3635
vn 0.0219 0.1113 -0.9936
vn 0.1977 -0.0808 -0.9769
vn -0.9313 -0.0172 0.3639
vn -0.6350 0.6326 -0.4434
vn -0.1977 -0.2328 -0.9522
vn -0.0787 -0.4823 -0.8725
vn 0.9598 0.1153 0.2559
vn 0.1977 -0.3788 -0.9041
vn -0.0787 -0.7283 -0.6808
vn 0.1977 -0.6395 -0.7429
vn -0.9313 0.2451 0.2695
vn -0.7125 -0.6347 0.2990
vn -0.0786 -0.9030 -0.4223
vn 0.1977 -0.8378 -0.5089
vn -0.1977 -0.9775 -0.0729
vn 0.1977 -0.9541 -0.2251
vn 0.9315 0.3634 0.0173
vn 0.1977 -0.9769 0.0807
vn -0.1977 -0.9522 0.2328
vn -0.0787 -0.8725 0.4823
vn 0.9598 0.2559 -0.1153
vn 0.1977 -0.9042 0.3787
vn -0.0787 -0.6807 0.7283
vn -0.9313 0.2695 -0.2450
vn 0.1977 -0.7429 0.6396
vn -0.0787 -0.4223 0.9030
vn 0.1977 -0.5089 0.8378
vn -0.6350 -0.7386 0.2262
vn -0.9313 0.0173 -0.3639
vn 0.1977 -0.2251 0.9541
vn -0.1977 -0.0729 0.9775
vn -0.0787 0.1891 0.9788
vn 0.1977 0.0807 0.9769
vn -0.0787 0.4823 0.8725
vn 0.1977 0.3787 0.9042
vn -0.6350 -0.2512 0.7305
vn -0.9581 0.1314 0.2545
vn 0.1977 0.6396 0.7429
vn -0.9312 -0.2452 -0.2696
vn -0.1977 0.7481 0.6335
vn -0.0787 0.9030 0.4224
vn 0.1977 0.8378 0.5089
vn -0.0786 0.9894 0.1225
vn -0.9581 0.2559 0.1286
vn 0.1977 0.9541 0.2251
vn 0.1978 0.9769 -0.0808
vn -0.0787 0.9788 -0.1890
vn -0.6748 -0.7369 0.0396
vn -0.9598 -0.2438 -0.1392
vn -0.9598 0.1392 -0.2438
vn -0.9598 0.2438 0.1392
vn -0.9315 0.1483 0.3321
vn -0.9315 -0.1300 0.3398
vn -0.9314 -0.3323 0.1484
vn 0.9315 -0.2692 0.2447
vn 0.9598 0.1757 -0.2189
vn 0.9309 -0.1500 -0.3329
vn 0.9309 -0.3415 -0.1294
vn 0.0218 0.9793 -0.2013
vn 0.0159 0.9863 -0.1640
vn 0.6350 0.5368 0.5555
vn 0.6350 0.6822 0.3625
vn -0.6350 0.7305 0.2511
vn 0.0158 0.8874 -0.4608
vn -0.9598 -0.1393 0.2438
vn 0.9598 -0.1393 0.2437
vn 0.6350 0.7608 0.1340
vn -0.9581 0.2014 -0.2036
vn 0.6350 0.7650 -0.1077
vn 0.9598 -0.0572 0.2748
vn -0.9581 0.1286 -0.2559
vn 0.6350 0.6942 -0.3389
vn -0.9581 0.0433 -0.2831
vn -0.9598 0.0739 0.2708
vn -0.9581 -0.0463 -0.2826
vn 0.6350 0.5556 -0.5367
vn 0.0158 -0.4608 -0.8874
vn 0.6350 0.3625 -0.6822
vn 0.6350 0.1340 -0.7608
vn 0.9316 0.2835 0.2275
vn 0.9318 0.3391 0.1298
vn 0.6350 -0.1077 -0.7650
vn 0.0158 -0.8943 -0.4471
vn -0.9598 0.2749 0.0571
vn -0.6350 -0.2262 -0.7386
vn 0.0158 -0.9887 -0.1488
vn 0.6350 -0.3389 -0.6942
vn -0.9598 0.2708 -0.0739
vn -0.6350 -0.4434 -0.6326
vn -0.9581 -0.2826 0.0464
vn 0.6350 -0.5368 -0.5556
vn 0.0158 -0.8873 0.4608
vn 0.6350 -0.6822 -0.3625
vn 0.6350 -0.7608 -0.1339
vn 0.0159 -0.7015 0.7125
vn 0.0219 -0.6740 0.7384
vn -0.6992 0.4806 0.5293
vn 0.9598 0.0995 -0.2625
vn 0.6350 -0.7650 0.1077
vn -0.9598 -0.0739 -0.2708
vn 0.6350 -0.6942 0.3388
vn -0.9581 -0.0433 0.2831
vn 0.0159 0.1641 0.9863
vn 0.6350 -0.5556 0.5367
vn 0.0218 0.4940 0.8692
vn 0.6350 -0.3625 0.6822
vn 0.0158 0.7125 0.7015
vn 0.6350 -0.1339 0.7608
vn 0.6350 0.1077 0.7650
vn 0.0217 0.9106 0.4127
vn -0.9581 0.2831 0.0434
vn 0.6350 0.3388 0.6942
vn -0.0157 0.9485 -0.3163
vn -0.9855 0.0636 -0.1573
vn -0.1977 0.0729 -0.9775
vn -0.9855 -0.0899 -0.1439
vn -0.1977 -0.7480 -0.6335
vn -0.6748 -0.0397 -0.7369
vn -0.1977 -0.9072 -0.3714
vn -0.1977 -0.8337 0.5156
vn -0.9855 -0.1091 0.1300
vn -0.1977 -0.3714 0.9072
vn 0.0373 -0.9993 -0.0060
vn -0.1977 0.2328 0.9522
vn -0.9855 0.0899 0.1439
vn -0.1978 0.9072 0.3714
vn -0.6350 0.2262 0.7386
vn -0.1977 0.9775 0.0729
vn -0.1977 0.9522 -0.2328
vn 0.9316 0.0396 0.3614
vn 0.9311 0.3628 -0.0388
vn 0.9598 0.0135 -0.2804
vn 0.9598 -0.2190 -0.1757
vn 0.9317 -0.3318 0.1481
vn -0.6748 0.6195 0.4011
vn -0.0161 0.8041 -0.5943
vn 0.9598 -0.2078 0.1887
vn -0.9598 -0.2078 0.1888
vn 0.0042 0.8645 -0.5026
vn -0.0157 0.5814 -0.8135
vn -0.6350 0.7724 0.0131
vn -0.6748 0.6886 -0.2654
vn -0.9598 -0.0134 0.2804
vn -0.6748 0.5729 -0.4652
vn -0.6350 0.4646 -0.6171
vn -0.0158 -0.3164 -0.9485
vn 0.9317 0.1480 0.3316
vn -0.9598 0.1888 0.2078
vn -0.6748 0.1900 -0.7131
vn 0.9598 0.1887 0.2078
vn 0.0042 -0.5026 -0.8645
vn 0.9598 0.2437 0.1393
vn 0.0218 -0.7385 -0.6739
vn 0.0158 -0.7124 -0.7015
vn -0.6350 0.0132 -0.7724
vn 0.0372 0.0061 -0.9993
vn 0.9598 0.2790 -0.0306
vn -0.9598 0.2791 -0.0306
vn 0.0041 -0.9948 -0.1015
vn -0.0159 -0.9998 0.0080
vn -0.0158 -0.9484 0.3165
vn -0.6350 -0.6172 -0.4646
vn 0.9318 0.3316 -0.1480
vn -0.9309 0.3049 -0.2009
vn -0.9598 0.2078 -0.1888
vn -0.6350 -0.7305 -0.2512
vn -0.0159 -0.8042 0.5941
vn 0.9598 0.2078 -0.1887
vn 0.9315 0.2691 -0.2446
vn 0.0041 -0.8645 0.5026
vn -0.6350 -0.7724 -0.0131
vn -0.0158 -0.5813 0.8136
vn -0.9598 0.0571 -0.2749
vn -0.9598 -0.0306 -0.2791
vn 0.0158 -0.4470 0.8944
vn -0.0159 -0.3014 0.9534
vn -0.6350 -0.6326 0.4434
vn 0.0373 -0.9522 0.3031
vn 0.0041 0.2109 0.9775
vn -0.9598 -0.1540 -0.2347
vn -0.6350 -0.4646 0.6172
vn -0.0159 0.3166 0.9484
vn -0.6748 -0.1901 0.7131
vn 0.9598 -0.1539 -0.2348
vn -0.9598 -0.2190 -0.1757
vn -0.6350 -0.0131 0.7724
vn -0.0161 0.8137 0.5810
vn 0.0042 0.7451 0.6669
vn -0.0157 0.9533 0.3015
vn -0.6350 0.4434 0.6326
vn -0.0158 0.9998 -0.0081
vn -0.9308 -0.3579 -0.0736
vn 0.9310 -0.3630 0.0388
vn 0.7098 0.0381 -0.7033
vn 0.7098 -0.1811 -0.6807
vn 0.7098 -0.6571 -0.2536
vn 0.7035 -0.4291 0.5665
vn 0.7098 -0.2536 0.6571
vn 0.7098 0.5466 0.4443
vn 0.7035 0.6802 -0.2061
vn -0.9598 0.1756 -0.2190
vn -0.9314 0.3565 0.0740
vn -0.9598 0.2190 0.1756
vn -0.9308 -0.3051 0.2010
vn -0.9598 -0.2708 0.0739
vn 0.9309 -0.1813 0.3172
vn 0.9598 -0.0135 0.2804
vn 0.9311 0.0735 -0.3572
vn 0.9310 -0.0388 -0.3629
vn 0.9310 -0.2841 -0.2292
vn 0.1118 0.9585 -0.2622
vn 0.9855 0.1562 -0.0663
vn 0.9855 0.1281 -0.1113
vn -0.6993 -0.0777 -0.7106
vn -0.9855 0.1091 -0.1300
vn -0.0787 0.8725 -0.4823
vn -0.0787 0.6808 -0.7282
vn 0.0788 0.5587 -0.8257
vn -0.0417 0.8871 0.4597
vn 0.9855 0.0874 -0.1454
vn -0.1977 0.3714 -0.9072
vn 0.7098 -0.3826 -0.5914
vn 0.0372 0.9485 0.3145
vn 0.6748 0.7217 -0.1542
vn -0.6350 0.7386 -0.2262
vn 0.9855 0.0382 -0.1653
vn -0.6993 -0.4806 -0.5292
vn 0.7035 -0.5666 -0.4291
vn -0.9309 -0.0736 0.3578
vn 0.0374 0.9993 0.0060
vn 0.9855 -0.0148 -0.1691
vn -0.6993 -0.6206 -0.3548
vn -0.0416 0.9879 -0.1495
vn -0.0787 -0.1890 -0.9788
vn -0.0158 -0.0081 -0.9998
vn -0.9855 -0.0410 -0.1647
vn 0.0159 -0.1640 -0.9863
vn -0.1978 -0.5156 -0.8337
vn 0.9855 -0.0663 -0.1562
vn 0.9598 0.0739 0.2708
vn -0.9309 0.2009 0.3050
vn 0.0039 -0.2110 -0.9775
vn 0.0786 -0.3397 -0.9372
vn 0.7098 -0.7033 -0.0381
vn -0.6992 -0.7106 0.0777
vn -0.0159 -0.5942 -0.8042
vn 0.9855 -0.1113 -0.1281
vn 0.7098 -0.6807 0.1811
vn -0.9855 -0.1300 -0.1091
vn -0.6350 0.2511 -0.7305
vn 0.7035 -0.5832 0.4062
vn 0.9315 0.2446 0.2691
vn 0.1119 -0.7755 -0.6213
vn -0.9855 -0.1573 -0.0636
vn -0.9855 -0.1693 -0.0119
vn -0.9581 -0.2559 -0.1287
vn 0.1119 -0.9296 -0.3512
vn 0.9598 0.2748 0.0571
vn -0.0787 -0.9893 -0.1226
vn -0.6993 -0.3548 0.6206
vn -0.9855 -0.1647 0.0410
vn -0.0787 -0.9788 0.1891
vn -0.9855 -0.1439 0.0899
vn 0.1119 -0.9585 0.2623
vn 0.0159 -0.9863 0.1641
vn 0.7098 -0.0381 0.7033
vn -0.9315 0.3320 -0.1483
vn 0.0041 -0.9775 0.2109
vn -0.6992 0.0777 0.7107
vn -0.1977 -0.6335 0.7480
vn 0.7098 0.1811 0.6807
vn 0.1119 -0.6213 0.7756
vn -0.9855 -0.0636 0.1573
vn -0.9315 0.1791 -0.3165
vn 0.9855 -0.0874 0.1454
vn 0.7098 0.3826 0.5914
vn 0.0218 -0.4128 0.9106
vn -0.9855 -0.0119 0.1693
vn -0.6748 -0.6886 0.2654
vn -0.0787 -0.1226 0.9893
vn -0.0417 -0.9879 0.1495
vn -0.6992 0.6206 0.3549
vn 0.9598 -0.0306 -0.2790
vn -0.9315 -0.0972 -0.3506
vn 0.7098 0.6571 0.2536
vn -0.0159 0.0080 0.9998
vn -0.6992 0.6999 0.1457
vn 0.9317 -0.1480 -0.3317
vn -0.1977 0.5157 0.8337
vn 0.7099 0.7033 0.0382
vn 0.0158 0.4609 0.8873
vn 0.0786 0.6128 0.7864
vn -0.0787 0.7283 0.6807
vn -0.9855 0.1300 0.1091
vn -0.6993 0.6519 -0.2935
vn 0.9855 0.1454 0.0874
vn -0.9855 0.1573 0.0636
vn -0.9598 -0.2625 -0.0994
vn 0.7098 0.5914 -0.3826
vn 0.1118 0.9296 0.3512
vn 0.0159 0.8944 0.4471
vn 0.9317 -0.3393 -0.1299
vn 0.9855 0.1653 0.0382
vn -0.9855 0.1693 0.0119
vn 0.7098 0.4443 -0.5466
vn -0.6748 0.2654 0.6886
vn 0.1118 0.9926 0.0468
vn 0.9855 0.1691 -0.0148
vn 0.0157 0.9887 0.1491
vn 0.7098 0.2536 -0.6571
vn 0.0040 0.9948 0.1015
vn -0.9855 0.1647 -0.0410
vn 0.9314 -0.3636 -0.0174
vn -0.9309 0.3633 -0.0389
vn -0.9315 0.3165 0.1790
vn -0.9306 0.0963 0.3530
vn -0.9306 -0.1815 0.3179
vn 0.9598 -0.2348 0.1539
vn 0.9598 -0.1757 0.2189
vn 0.9311 -0.0735 0.3573
vn 0.9598 0.2708 -0.0738
vn 0.9309 0.1812 -0.3171
vn 0.0373 0.5826 0.8119
vn -0.6992 0.1457 -0.6999
vn -0.0416 0.4475 0.8933
vn -0.0417 0.7016 0.7113
vn 0.6203 0.7022 0.3495
vn -0.6748 0.7131 0.1901
vn -0.9598 -0.1756 0.2190
vn -0.7125 -0.2990 -0.6348
vn 0.6748 0.7340 0.0763
vn 0.9598 -0.0995 0.2625
vn -0.9598 0.0306 0.2791
vn 0.0787 0.2761 -0.9579
vn -0.0416 0.9857 0.1631
vn 0.6203 0.6955 -0.3626
vn 0.0042 0.1016 -0.9948
vn -0.0416 0.8933 -0.4475
vn 0.9317 0.0970 0.3499
vn 0.9598 0.1539 0.2348
vn -0.6748 0.4011 -0.6195
vn 0.6203 0.3495 -0.7022
vn -0.0416 0.7113 -0.7016
vn 0.0041 -0.7452 -0.6668
vn -0.0415 0.4598 -0.8871
vn -0.6748 -0.2655 -0.6886
vn -0.0418 0.1630 -0.9857
vn 0.9318 0.3160 0.1789
vn -0.0416 -0.1496 -0.9879
vn 0.1981 -0.9800 0.0191
vn -0.6748 -0.4652 -0.5729
vn -0.6748 -0.6195 -0.4011
vn -0.0417 -0.4475 -0.8933
vn 0.5484 -0.7286 -0.4103
vn -0.0416 -0.7016 -0.7113
vn -0.6748 -0.7131 -0.1901
vn -0.9581 -0.2014 0.2036
vn -0.0417 -0.8871 -0.4597
vn 0.0373 -0.9485 -0.3145
vn 0.9598 0.0572 -0.2748
vn 0.5484 -0.8307 0.0963
vn 0.6748 -0.7217 0.1543
vn -0.9598 0.0134 -0.2804
vn 0.6203 -0.6955 0.3626
vn 0.5484 -0.6154 0.5661
vn 0.6748 -0.4932 0.5490
vn -0.6748 -0.4011 0.6195
vn 0.9598 -0.1887 -0.2078
vn -0.9307 -0.2847 -0.2295
vn 0.0041 0.5026 0.8645
vn -0.0417 -0.7113 0.7016
vn -0.9598 -0.1888 -0.2078
vn -0.6748 0.0396 0.7369
vn 0.9598 -0.2437 -0.1393
vn 0.6203 -0.1155 0.7758
vn -0.0417 -0.4597 0.8871
vn -0.0416 -0.1631 0.9857
vn 0.0041 0.9148 0.4039
vn -0.6748 0.4652 0.5729
vn -0.0416 0.1495 0.9879
vn -0.9309 -0.2010 -0.3051
vn -0.9309 0.0736 -0.3578
vn -0.9855 0.1439 -0.0899
vn -0.9855 0.0119 -0.1693
vn 0.6830 0.7278 -0.0617
vn -0.0159 -0.8136 -0.5812
vn 0.9855 -0.1653 -0.0382
vn 0.6830 -0.0617 -0.7278
vn -0.0159 0.5942 0.8042
vn -0.9308 -0.3636 0.0390
vn 0.9312 0.3571 0.0735
vn 0.9598 -0.0738 -0.2708
vn 0.9317 -0.3501 0.0970
vn -0.9598 -0.2347 0.1540
vn -0.9581 0.2826 -0.0463
vn -0.4774 0.0776 -0.8753
vn -0.9581 0.2545 -0.1314
vn 0.6830 0.6251 0.3779
vn -0.6203 0.7843 -0.0075
vn -0.9598 -0.0571 0.2749
vn 0.6831 0.7112 0.1662
vn 0.6871 -0.5698 -0.4509
vn 0.9598 0.0306 0.2790
vn -0.9598 0.1154 0.2560
vn -0.4774 -0.6625 -0.5773
vn 0.0158 0.1487 -0.9887
vn -0.6992 -0.6999 -0.1457
vn 0.6203 0.5494 -0.5598
vn 0.6830 0.5525 -0.4777
vn -0.9581 -0.1314 -0.2545
vn -0.9598 0.2438 0.1393
vn -0.4774 -0.8753 -0.0776
vn 0.6830 0.3779 -0.6251
vn 0.5484 0.1651 -0.8198
vn 0.6871 -0.6049 0.4025
vn 0.9598 0.2189 0.1757
vn -0.4774 -0.8564 0.1967
vn 0.6871 -0.4509 0.5698
vn 0.0787 -0.9579 -0.2761
vn 0.9598 0.2625 0.0995
vn -0.7125 -0.5113 0.4805
vn -0.9598 0.2804 0.0134
vn -0.9309 0.3577 0.0735
vn -0.9581 -0.2831 -0.0433
vn 0.9598 0.2804 0.0135
vn 0.6203 -0.3626 -0.6955
vn 0.6831 -0.2835 -0.6731
vn 0.0787 -0.9372 0.3397
vn 0.6195 -0.4364 -0.6525
vn 0.0544 -0.9634 0.2626
vn -0.9581 -0.2545 0.1314
vn -0.4774 -0.0776 0.8753
vn 0.6203 -0.7022 -0.3495
vn -0.9598 0.1757 -0.2190
vn 0.6830 -0.6251 -0.3779
vn 0.0787 -0.5586 0.8257
vn -0.9598 0.0994 -0.2625
vn -0.9581 -0.1286 0.2559
vn -0.4774 0.4517 0.7537
vn -0.0417 -0.9857 -0.1630
vn -0.6748 -0.5729 0.4652
vn 0.6195 -0.7554 0.2134
vn -0.4774 0.6625 0.5772
vn 0.0041 -0.1015 0.9948
vn 0.0158 -0.1488 0.9887
vn -0.6195 -0.7127 0.3291
vn -0.9581 0.0463 0.2826
vn -0.4774 0.8084 0.3443
vn -0.0417 -0.8933 0.4475
vn 0.6830 -0.5525 0.4777
vn 0.6203 -0.3496 0.7021
vn -0.6993 0.7106 -0.0777
vn 0.6195 -0.4857 0.6167
vn 0.7098 0.6807 -0.1811
vn -0.9581 0.2036 0.2014
vn -0.4774 0.8564 -0.1967
vn 0.6830 -0.1662 0.7112
vn 0.0786 0.9579 0.2760
vn 0.9311 -0.3574 -0.0735
vn 0.0786 0.9963 -0.0334
vn 0.0545 0.9974 0.0479
vn 0.9314 -0.2447 -0.2694
vn 0.9855 0.0663 0.1562
vn -0.6400 -0.6688 -0.3784
vn -0.9312 -0.3640 -0.0173
vn -0.9312 -0.2452 -0.2697
vn -0.9308 -0.0389 -0.3635
vn -0.9308 0.2294 -0.2845
vn -0.9314 0.3044 -0.1997
vn -0.6402 0.7402 -0.2053
vn -0.9598 0.2790 -0.0306
vn -0.9312 0.2451 0.2697
vn -0.9313 0.0398 0.3619
vn -0.6400 0.2054 0.7404
vn -0.9315 -0.1791 0.3167
vn -0.9315 -0.3506 0.0973
vn 0.9315 -0.3042 0.1995
vn 0.6420 0.0816 0.7623
vn 0.9598 0.2347 -0.1539
vn 0.9311 0.2291 -0.2840
vn 0.9315 0.0174 -0.3633
vn 0.6412 -0.6678 -0.3780
vn 0.6203 0.5598 0.5494
vn -0.4774 0.3442 -0.8084
vn -0.5484 0.6556 0.5191
vn 0.5181 0.8394 -0.1646
vn 0.9582 0.2719 -0.0885
vn 0.9598 -0.2708 0.0739
vn 0.4773 0.2134 -0.8524
vn -0.6103 0.5344 0.5847
vn 0.5484 0.7286 0.4103
vn -0.6195 0.6852 0.3831
vn -0.9313 -0.2279 0.2841
vn 0.7035 -0.2061 -0.6802
vn 0.6195 0.7366 0.2714
vn 0.1119 0.6213 -0.7755
vn -0.6195 0.7700 0.1526
vn 0.9315 -0.2276 0.2836
vn 0.6412 -0.3781 0.6678
vn 0.0158 0.7016 -0.7124
vn 0.6871 -0.4026 -0.6048
vn 0.5484 0.8307 -0.0963
vn -0.5181 0.2342 -0.8226
vn 0.0158 0.4470 -0.8944
vn 0.0041 0.4040 -0.9148
vn 0.9581 0.0870 -0.2729
vn 0.6870 -0.6812 -0.2528
vn 0.5484 0.7602 -0.3483
vn -0.6195 0.7127 -0.3291
vn 0.9583 -0.0002 -0.2859
vn -0.6103 0.7213 -0.3275
vn 0.6871 -0.7260 -0.0299
vn -0.5484 0.5191 -0.6556
vn 0.9316 0.1994 0.3040
vn 0.6195 0.6525 -0.4364
vn -0.9598 0.1540 0.2347
vn -0.1119 -0.6690 -0.7348
vn 0.5181 -0.4159 -0.7474
vn -0.6195 0.3831 -0.6851
vn -0.6203 -0.0075 -0.7843
vn -0.6195 0.1526 -0.7700
vn -0.9581 -0.2036 -0.2014
vn 0.6748 0.0762 -0.7340
vn -0.9598 0.2625 0.0994
vn 0.9583 -0.2314 -0.1679
vn -0.6408 0.5976 0.4819
vn -0.5484 -0.2253 -0.8053
vn 0.6195 0.0305 -0.7844
vn 0.6748 -0.1543 -0.7217
vn 0.9581 -0.2729 -0.0870
vn 0.5181 -0.8491 -0.1028
vn -0.5181 -0.8548 0.0315
vn 0.9316 0.3613 -0.0396
vn -0.6871 -0.3563 0.6332
vn 0.7035 -0.2330 0.6714
vn -0.1119 -0.9056 0.4092
vn -0.5181 -0.8032 0.2941
vn 0.6415 0.7393 -0.2048
vn 0.6748 -0.5490 -0.4932
vn 0.9581 -0.2719 0.0900
vn -0.1119 -0.7348 0.6690
vn -0.6195 -0.6852 -0.3831
vn -0.6203 -0.7843 0.0075
vn -0.6992 0.2935 0.6519
vn 0.5181 -0.5823 0.6265
vn 0.6748 -0.7340 -0.0763
vn 0.9583 -0.1679 0.2314
vn 0.6871 0.4026 0.6049
vn -0.5181 -0.4770 0.7100
vn -0.0194 -0.2740 0.9615
vn -0.6195 -0.7795 0.0928
vn -0.9312 0.0174 -0.3640
vn 0.6830 -0.7278 0.0617
vn -0.6103 -0.7872 0.0886
vn -0.1119 0.1093 0.9877
vn -0.9315 -0.1483 -0.3322
vn 0.9583 0.0002 0.2859
vn 0.7035 0.7105 0.0141
vn -0.5180 0.2940 0.8032
vn 0.6413 -0.2049 -0.7394
vn 0.9598 -0.1153 -0.2559
vn -0.6195 -0.3831 0.6852
vn 0.9311 -0.2006 -0.3046
vn -0.6103 -0.3910 0.6889
vn 0.6830 -0.3779 0.6251
vn -0.1119 0.8633 0.4921
vn -0.6195 -0.1527 0.7700
vn 0.5180 0.6265 0.5823
vn -0.9315 -0.3398 -0.1300
vn -0.6203 0.2495 0.7436
vn 0.5180 0.7758 0.3602
vn -0.6195 0.0928 0.7795
vn -0.6992 0.5293 -0.4806
vn 0.9583 0.2720 0.0881
vn 0.9598 -0.2625 -0.0994
vn 0.6748 0.1543 0.7217
vn 0.6871 0.4509 -0.5698
vn 0.6195 0.2134 0.7554
vn 0.6871 0.2528 -0.6812
vn 0.6748 0.3697 0.6387
vn -0.6195 0.3291 0.7127
vn 0.9581 0.2864 -0.0017
vn -0.3487 -0.8639 0.3635
vn -0.3487 -0.4853 0.8018
vn -0.3487 -0.2137 0.9125
vn 0.9855 -0.1281 0.1113
vn -0.3487 0.6126 0.7093
vn 0.9855 0.0148 0.1690
vn 0.3487 0.8679 0.3537
vn 0.9855 0.1113 0.1281
vn 0.6414 0.6676 0.3779
vn -0.5181 0.8032 -0.2941
vn -0.0195 0.9390 -0.3434
vn 0.7722 0.5219 -0.3623
vn 0.6748 0.6746 0.2993
vn 0.6871 -0.1959 -0.6997
vn 0.0374 0.8049 0.5922
vn -0.6204 0.7482 0.2353
vn -0.6748 0.7370 -0.0396
vn -0.6871 -0.3028 -0.6604
vn 0.7035 -0.4061 -0.5832
vn 0.0039 0.6668 -0.7452
vn -0.6204 0.7436 -0.2495
vn 0.7723 0.2093 -0.5999
vn 0.9309 -0.1293 0.3415
vn -0.4774 -0.4517 -0.7537
vn -0.0195 -0.0364 -0.9991
vn 0.7722 0.0137 -0.6352
vn 0.6748 0.6387 -0.3697
vn 0.0372 0.8120 -0.5825
vn -0.6871 -0.7123 -0.1432
vn 0.6748 0.4932 -0.5490
vn -0.7723 -0.2763 -0.5721
vn 0.9581 -0.0900 -0.2719
vn 0.1981 -0.5915 -0.7816
vn 0.4774 -0.8766 0.0605
vn 0.6748 0.2993 -0.6745
vn 0.9581 -0.1697 -0.2308
vn 0.0374 0.5922 -0.8049
vn 0.5181 -0.6265 -0.5823
vn -0.6103 0.1590 -0.7761
vn -0.5181 -0.8227 -0.2342
vn 0.0040 -0.9148 -0.4040
vn -0.4774 -0.7537 0.4517
vn 0.6748 -0.3697 -0.6387
vn 0.0373 -0.3030 -0.9523
vn 0.6871 -0.2528 0.6812
vn -0.5484 -0.4631 -0.6963
vn 0.6871 -0.0299 0.7260
vn -0.6871 -0.1432 0.7123
vn 0.0373 -0.5825 -0.8120
vn 0.7035 0.2061 0.6802
vn 0.5181 -0.7474 0.4159
vn 0.6748 -0.6745 -0.2994
vn 0.0373 -0.8049 -0.5922
vn -0.6103 -0.7760 -0.1590
vn 0.6195 -0.7844 -0.0305
vn 0.9310 0.1293 -0.3414
vn 0.6203 -0.7735 0.1299
vn 0.6871 0.5698 0.4509
vn 0.6748 -0.6387 0.3697
vn 0.0787 0.0334 0.9963
vn 0.6871 0.6812 0.2527
vn -0.1119 0.4092 0.9056
vn 0.0375 -0.8119 0.5825
vn 0.5181 0.1646 0.8393
vn 0.6203 -0.5494 0.5598
vn -0.6871 0.7217 -0.0839
vn 0.6748 -0.2994 0.6745
vn 0.6871 0.6997 -0.1959
vn -0.6203 -0.2353 0.7482
vn 0.5484 -0.1651 0.8198
vn 0.6748 -0.0763 0.7340
vn 0.4774 0.8150 -0.3285
vn 0.9581 0.2327 0.1670
vn 0.0373 -0.3145 0.9485
vn -0.6103 0.0886 0.7872
vn -0.4774 0.5772 -0.6625
vn -0.6203 0.4671 0.6301
vn -0.7125 0.3377 -0.6150
vn 0.0372 0.3030 0.9523
vn -0.9313 -0.3568 -0.0741
vn -0.6402 0.3783 -0.6687
vn -0.9312 -0.0174 0.3641
vn 0.6439 0.6390 -0.4209
vn 0.6414 0.3780 -0.6676
vn 0.6434 -0.7647 -0.0365
vn -0.3488 0.2137 -0.9125
vn -0.9312 -0.2698 0.2452
vn -0.3488 -0.0787 -0.9339
vn 0.3487 -0.2240 -0.9101
vn -0.9950 0.0495 -0.0867
vn 0.3487 -0.4942 -0.7963
vn -0.3488 -0.3635 -0.8639
vn 0.3488 -0.7161 -0.6046
vn -0.3488 -0.8018 -0.4853
vn 0.3487 -0.8679 -0.3537
vn -0.9950 -0.0672 -0.0739
vn -0.3487 -0.9125 -0.2137
vn 0.3487 -0.9347 -0.0682
vn 0.3487 -0.7963 0.4943
vn 0.3487 -0.6046 0.7161
vn 0.9855 -0.1690 0.0148
vn 0.3487 -0.3537 0.8679
vn -0.9950 -0.0739 0.0672
vn 0.9855 -0.1562 0.0663
vn 0.3487 -0.0682 0.9347
vn 0.3487 0.2240 0.9101
vn -0.3487 0.0787 0.9339
vn -0.3487 0.3634 0.8639
vn 0.9598 0.1393 -0.2437
vn 0.3487 0.4943 0.7963
vn 0.3487 0.7161 0.6046
vn 0.3487 0.9347 0.0681
vn -0.3488 0.9125 0.2137
vn -0.9598 -0.1154 -0.2560
vn -0.3487 0.9339 -0.0786
vn 0.3487 0.9101 -0.2240
vn -0.3488 0.8639 -0.3635
vn -0.3488 0.7093 -0.6126
vn 0.3488 0.6046 -0.7161
vn 0.3487 0.3537 -0.8679
vn -0.9598 -0.2791 0.0306
vn 0.9950 0.0998 0.0048
vn -0.6402 -0.2053 -0.7403
vn -0.6401 -0.3783 0.6687
vn 0.6415 -0.7005 0.3126
vn 0.9315 -0.0174 0.3634
vn 0.6417 0.3126 0.7004
vn 0.9311 0.2840 0.2291
vn 0.6435 0.0365 -0.7646
vn 0.6434 -0.5149 -0.5665
vn 0.2223 0.9623 -0.1569
vn 0.9949 0.0917 -0.0413
vn -0.7125 0.1312 -0.6893
vn 0.4176 0.5547 0.7196
vn -0.0045 0.9985 -0.0552
vn 0.0103 0.9888 -0.1492
vn -0.6404 -0.7013 0.3132
vn 0.6490 0.5006 0.5728
vn -0.7723 0.4587 -0.4395
vn 0.9949 0.0744 -0.0676
vn -0.6871 -0.0839 -0.7217
vn -0.0043 0.9325 -0.3611
vn -0.6423 -0.5670 0.5157
vn -0.9950 0.0739 -0.0672
vn 0.5181 0.5823 -0.6265
vn 0.1048 0.7586 -0.6431
vn 0.6435 -0.5664 0.5149
vn -0.6494 0.7051 0.2848
vn -0.7722 0.3005 -0.5598
vn -0.9950 0.0203 -0.0978
vn 0.1048 0.5227 -0.8461
vn 0.9950 0.0354 -0.0934
vn -0.6425 -0.0363 0.7654
vn -0.9950 -0.0109 -0.0993
vn -0.7125 -0.4805 -0.5113
vn -0.6495 0.7585 0.0530
vn -0.5484 0.8053 -0.2252
vn 0.7098 -0.5466 -0.4443
vn -0.0102 0.3157 -0.9488
vn -0.5181 -0.0315 -0.8548
vn 0.9950 0.0048 -0.0998
vn -0.6871 -0.6332 -0.3563
vn -0.0042 0.2560 -0.9667
vn 0.6830 0.6731 -0.2836
vn -0.6203 0.6301 -0.4671
vn -0.1118 -0.4092 -0.9056
vn -0.6404 0.3132 0.7013
vn -0.0043 -0.0553 -0.9985
vn 0.7722 -0.1833 -0.6083
vn -0.2223 -0.3058 -0.9258
vn -0.7125 -0.6961 0.0882
vn -0.9598 0.2190 0.1757
vn 0.9949 -0.0676 -0.0744
vn -0.6496 0.4887 -0.5824
vn -0.6424 0.5156 0.5670
vn -0.2223 -0.5769 -0.7860
vn -0.7722 -0.4396 -0.4587
vn -0.6992 -0.6519 0.2935
vn 0.1048 -0.6431 -0.7586
vn -0.6406 0.7172 0.2744
vn -0.6495 0.2848 -0.7050
vn 0.6829 0.1663 -0.7113
vn 0.7098 -0.5914 0.3825
vn -0.7722 -0.5598 -0.3004
vn 0.2223 -0.8708 -0.4386
vn -0.0044 -0.8402 -0.5422
vn 0.9598 0.2748 0.0572
vn -0.9949 -0.1004 -0.0048
vn -0.0100 -0.9486 -0.3163
vn 0.7098 -0.4443 0.5466
vn -0.6203 -0.2496 -0.7436
vn 0.6439 0.7494 0.1542
vn -0.9950 -0.0910 0.0410
vn 0.9949 -0.1000 0.0109
vn -0.6497 -0.1839 -0.7376
vn -0.6425 0.7655 0.0363
vn -0.6203 -0.4671 -0.6301
vn -0.5484 -0.6556 -0.5191
vn 0.2223 -0.9623 0.1570
vn 0.9318 0.3499 -0.0969
vn 0.9949 -0.0917 0.0413
vn -0.7125 -0.1312 0.6893
vn -0.0043 -0.9985 0.0552
vn -0.6406 0.7012 -0.3131
vn -0.7125 0.0882 0.6961
vn -0.6496 -0.5824 -0.4887
vn -0.6424 0.5670 -0.5156
vn 0.6871 0.1959 0.6997
vn -0.5181 -0.6730 0.5279
vn 0.5484 -0.8198 -0.1651
vn -0.0194 -0.5577 0.8298
vn -0.5484 -0.8355 -0.0347
vn 0.6436 0.5664 -0.5148
vn -0.9315 0.1300 -0.3397
vn 0.1542 -0.6324 0.7591
vn -0.6496 -0.7049 -0.2848
vn 0.1048 -0.7586 0.6431
vn -0.9950 -0.0495 0.0867
vn -0.9950 -0.0203 0.0978
vn 0.6492 -0.7416 -0.1692
vn -0.7125 0.4805 0.5113
vn -0.6423 0.0364 -0.7656
vn 0.9949 -0.0205 0.0984
vn -0.0043 -0.5422 0.8402
vn 0.9581 -0.0870 0.2729
vn -0.5181 -0.2342 0.8227
vn -0.6203 -0.7436 0.2495
vn -0.7125 0.6150 0.3378
vn -0.2223 0.0047 0.9750
vn 0.5181 -0.1028 0.8491
vn 0.9949 0.0109 0.1000
vn -0.0043 -0.2560 0.9667
vn 0.6830 -0.6731 0.2836
vn -0.7125 0.6893 0.1312
vn -0.4176 -0.6239 0.6606
vn -0.6496 -0.6447 0.4029
vn 0.6870 0.7260 0.0299
vn -0.2223 0.3058 0.9258
vn -0.7723 0.4395 0.4587
vn 0.5181 0.4159 0.7474
vn -0.0043 0.3611 0.9325
vn -0.6423 -0.5156 -0.5671
vn -0.9949 0.0784 0.0629
vn -0.7125 0.6347 -0.2990
vn -0.5181 0.7100 0.4770
vn 0.9949 0.0676 0.0744
vn 0.9598 -0.2189 -0.1757
vn -0.6495 -0.2848 0.7050
vn 0.1048 0.8461 0.5227
vn -0.5181 0.8227 0.2342
vn 0.9950 0.0934 0.0354
vn 0.1542 0.9174 0.3669
vn -0.6496 -0.0530 0.7584
vn 0.4176 0.0258 0.9083
vn 0.7035 0.4291 -0.5666
vn 0.6492 0.0682 0.7575
vn 0.2223 0.9637 0.1481
vn -0.6497 0.1839 0.7376
vn 0.6419 -0.7624 0.0816
vn 0.7723 0.6352 0.0137
vn -0.6407 -0.7634 0.0818
vn -0.5180 0.8548 -0.0314
vn 0.3488 0.0682 -0.9347
vn -0.3487 -0.6126 -0.7093
vn -0.3488 -0.9339 0.0787
vn 0.3487 -0.9101 0.2240
vn -0.3487 -0.7093 0.6126
vn -0.3487 0.8018 0.4853
vn 0.3487 0.7963 -0.4943
vn 0.9598 -0.2791 0.0306
vn -0.3487 0.4853 -0.8018
vn -0.9949 0.1004 0.0048
vn -0.9855 0.0410 0.1647
vn -0.9598 0.2347 -0.1540
vn 0.6416 -0.2742 0.7164
vn 0.6439 0.4209 0.6390
vn 0.6416 0.2743 -0.7163
vn 0.9317 -0.3161 -0.1790
vn 0.6871 0.0299 -0.7260
vn -0.2264 0.9121 -0.3418
vn -0.9598 -0.1392 0.2438
vn 0.6195 0.6167 0.4857
vn -0.6496 0.5824 0.4887
vn -0.7125 -0.0882 -0.6961
vn -0.5484 0.7839 0.2911
vn 0.9583 0.2312 -0.1682
vn -0.2223 0.5693 -0.7915
vn -0.6404 -0.2744 0.7173
vn 0.9582 0.1679 -0.2314
vn 0.5949 0.2123 -0.7753
vn 0.6433 -0.0363 0.7647
vn 0.6204 0.7735 -0.1299
vn 0.6195 0.7554 -0.2134
vn -0.1008 0.0984 -0.9900
vn -0.6496 0.7377 -0.1840
vn 0.2223 -0.1570 -0.9623
vn -0.1008 -0.2125 -0.9720
vn -0.6496 0.6447 -0.4029
vn 0.6871 -0.6997 0.1959
vn 0.2223 -0.4467 -0.8667
vn 0.7722 -0.3623 -0.5219
vn 0.1009 -0.3617 -0.9268
vn -0.6871 -0.7217 0.0839
vn 0.4176 0.2561 -0.8718
vn -0.5949 -0.7326 -0.3309
vn -0.4175 -0.1678 -0.8930
vn -0.6992 -0.5293 0.4806
vn -0.6498 0.0531 -0.7583
vn 0.5181 -0.7758 -0.3602
vn -0.7125 -0.3377 0.6150
vn 0.5949 -0.8029 0.0376
vn 0.1032 -0.9629 -0.2494
vn -0.7722 -0.6295 0.0860
vn 0.6437 0.7644 0.0365
vn -0.4774 -0.5772 0.6625
vn -0.9949 -0.0978 0.0260
vn 0.9583 -0.2859 0.0002
vn 0.5181 -0.8393 0.1646
vn 0.9583 -0.2719 0.0885
vn -0.6496 -0.4029 -0.6448
vn -0.7722 -0.5721 0.2763
vn -0.2223 -0.9258 0.3058
vn -0.6203 -0.7482 -0.2352
vn 0.9598 0.2348 -0.1539
vn 0.1009 -0.9268 0.3617
vn -0.6871 0.0839 0.7217
vn 0.9583 -0.2312 0.1682
vn -0.7722 -0.3004 0.5598
vn 0.9949 -0.0499 0.0873
vn -0.7125 0.2990 0.6347
vn 0.7722 -0.3844 0.5058
vn -0.9598 -0.0306 -0.2790
vn -0.6871 0.4921 0.5346
vn 0.5181 -0.3602 0.7758
vn 0.0101 -0.4609 0.8874
vn -0.9949 -0.0048 0.1004
vn -0.7722 0.0860 0.6295
vn -0.6496 -0.7377 0.1839
vn 0.9581 0.0016 0.2864
vn 0.1048 0.0744 0.9917
vn 0.9949 0.0413 0.0917
vn -0.6871 0.7123 0.1433
vn 0.9317 -0.0970 -0.3500
vn 0.6493 -0.5727 0.5004
vn -0.7125 0.6961 -0.0882
vn 0.9583 0.1682 0.2312
vn -0.6496 -0.4887 0.5824
vn -0.5949 0.5944 0.5410
vn -0.6203 0.0075 0.7843
vn 0.1047 0.6431 0.7586
vn 0.7723 0.5058 0.3844
vn -0.6403 -0.7174 -0.2745
vn -0.6871 0.6605 -0.3028
vn 0.6871 0.6049 -0.4026
vn 0.5949 0.7753 0.2124
vn -0.7125 0.5112 -0.4805
vn -0.6420 -0.7658 -0.0362
vn 0.4774 0.4664 -0.7447
vn 0.1008 0.9624 0.2521
vn 0.9583 0.2859 -0.0002
vn 0.9857 0.0846 -0.1456
vn -0.9857 -0.0432 -0.1627
vn -0.9857 -0.1063 0.1305
vn -0.9857 -0.0092 0.1681
vn -0.9857 0.1570 0.0607
vn -0.9857 0.1681 0.0092
vn -0.9857 0.1627 -0.0432
vn 0.9855 -0.0382 0.1653
vn -0.9313 -0.2841 -0.2279
vn -0.9314 0.2278 -0.2840
vn -0.9307 0.3529 -0.0963
vn -0.9313 0.3639 0.0174
vn -0.6402 0.6687 0.3782
vn -0.9313 0.1998 0.3045
vn 0.6436 -0.6392 0.4210
vn 0.9598 -0.2347 0.1539
vn 0.6418 0.7003 -0.3125
vn 0.9598 -0.1539 -0.2347
vn 0.6434 -0.7498 -0.1543
vn 0.0786 0.9373 -0.3397
vn 0.1048 0.9917 -0.0743
vn -0.4177 0.6606 0.6238
vn 0.1542 0.9578 -0.2425
vn -0.0246 0.9455 -0.3248
vn -0.1007 0.9720 -0.2124
vn 0.1032 0.9256 -0.3642
vn -0.1048 0.8497 -0.5167
vn 0.5949 0.6275 -0.5023
vn 0.1119 0.8305 -0.5456
vn 0.4774 -0.0605 -0.8766
vn 0.6491 0.6530 0.3902
vn -0.6426 -0.6399 0.4216
vn -0.5949 0.5410 -0.5945
vn -0.0245 0.7989 -0.6010
vn -0.1119 0.4921 -0.8633
vn 0.1981 0.5607 -0.8040
vn -0.6993 -0.2935 -0.6518
vn 0.5949 0.4415 -0.6717
vn 0.6418 -0.4814 0.5969
vn 0.9950 0.0625 -0.0779
vn -0.1008 0.6614 -0.7432
vn 0.1009 0.7697 -0.6304
vn -0.9949 0.0356 -0.0940
vn -0.0174 0.9411 0.3376
vn -0.0245 0.2929 -0.9558
vn -0.5949 0.0883 -0.7989
vn -0.9313 -0.0741 0.3566
vn 0.4175 0.9083 -0.0258
vn 0.9949 0.0205 -0.0985
vn -0.1008 0.3995 -0.9112
vn -0.6871 -0.4921 -0.5346
vn 0.9315 -0.0740 0.3560
vn -0.0043 0.5422 -0.8403
vn -0.4176 0.8930 -0.1678
vn -0.9949 0.0048 -0.1004
vn 0.4774 -0.5642 -0.6736
vn 0.4774 -0.7448 -0.4663
vn 0.1047 0.2357 -0.9662
vn -0.5949 -0.1629 -0.7872
vn -0.9950 -0.0410 -0.0910
vn -0.7125 -0.6150 -0.3377
vn 0.5948 -0.0375 -0.8030
vn 0.0787 -0.0334 -0.9963
vn -0.0100 0.0076 -0.9999
vn -0.6407 0.0819 0.7634
vn 0.4774 -0.8524 -0.2133
vn -0.6195 0.5761 -0.5333
vn 0.6414 0.2049 0.7394
vn -0.7125 -0.6893 -0.1312
vn -0.4774 -0.8085 -0.3443
vn 0.5484 0.6154 -0.5661
vn 0.1032 -0.0605 -0.9928
vn -0.0101 -0.3017 -0.9533
vn -0.6203 0.2352 -0.7483
vn -0.9950 -0.0867 -0.0495
vn 0.9598 0.1887 0.2077
vn 0.9582 -0.1682 -0.2312
vn 0.5484 0.4103 -0.7286
vn -0.0172 0.6119 -0.7908
vn -0.1032 -0.5047 -0.8571
vn 0.6203 0.1154 -0.7758
vn 0.4774 -0.8150 0.3284
vn -0.0245 -0.8185 -0.5739
vn 0.5949 -0.6717 -0.4416
vn 0.6436 0.5148 0.5663
vn -0.6871 -0.6605 0.3028
vn -0.0042 -0.6316 -0.7753
vn -0.1008 -0.7432 -0.6615
vn 0.6418 0.7162 0.2742
vn -0.9949 -0.0982 -0.0211
vn 0.6493 0.1692 -0.7415
vn -0.5484 0.0347 -0.8355
vn 0.4774 -0.6736 0.5642
vn 0.1032 -0.8387 -0.5347
vn -0.5949 -0.7990 -0.0883
vn 0.1543 -0.9174 -0.3669
vn 0.9950 -0.0934 -0.0354
vn 0.6203 -0.1299 -0.7735
vn -0.1008 -0.9112 -0.3995
vn -0.0158 -0.9534 -0.3014
vn -0.1032 -0.9901 -0.0954
vn 0.9315 0.3632 0.0174
vn 0.5484 -0.3483 -0.7602
vn -0.0043 -0.9667 -0.2560
vn 0.4774 -0.4663 0.7448
vn -0.2223 -0.9750 0.0047
vn 0.6493 -0.2990 -0.6993
vn -0.0245 -0.9996 0.0168
vn 0.6203 -0.5598 -0.5494
vn 0.4774 -0.2134 0.8524
vn -0.0245 -0.9454 0.3249
vn 0.9950 -0.0964 0.0263
vn -0.1008 -0.9720 0.2124
vn -0.4774 -0.3443 0.8085
vn 0.1032 -0.9928 0.0604
vn -0.9949 -0.0841 0.0551
vn 0.6492 -0.5005 -0.5727
vn 0.2223 -0.8667 0.4467
vn -0.1048 -0.8497 0.5167
vn 0.1119 -0.8305 0.5456
vn 0.6492 -0.6530 -0.3901
vn -0.6426 0.6398 -0.4216
vn -0.5949 -0.5410 0.5945
vn 0.2223 -0.6862 0.6926
vn -0.6411 0.1538 -0.7519
vn 0.1009 -0.7697 0.6304
vn -0.4774 0.1967 0.8564
vn 0.9581 -0.1670 0.2327
vn -0.9949 -0.0356 0.0940
vn 0.4774 0.3284 0.8150
vn -0.2223 -0.5692 0.7916
vn -0.1032 -0.6591 0.7449
vn 0.1048 -0.5227 0.8461
vn -0.1048 -0.3837 0.9175
vn 0.9315 0.0740 -0.3560
vn 0.9950 -0.0354 0.0934
vn 0.1119 -0.3512 0.9296
vn 0.4774 0.5642 0.6736
vn -0.0102 -0.3161 0.9487
vn -0.9313 0.0741 -0.3566
vn -0.5949 -0.0883 0.7990
vn -0.6203 -0.6301 0.4671
vn 0.1032 -0.2494 0.9629
vn 0.5949 0.0376 0.8029
vn 0.9316 -0.0396 -0.3614
vn -0.6871 0.6332 0.3563
vn -0.1008 -0.0984 0.9900
vn 0.4774 0.7448 0.4663
vn -0.0171 -0.9598 0.2801
vn -0.0245 0.3249 0.9454
vn -0.6424 -0.4217 -0.6399
vn 0.5949 0.2838 0.7520
vn 0.1981 0.3209 0.9262
vn 0.1009 0.0576 0.9932
vn -0.1981 0.4621 0.8644
vn 0.9583 0.0885 0.2719
vn -0.1032 0.2152 0.9711
vn 0.1118 0.5456 0.8305
vn -0.1048 0.5167 0.8497
vn 0.5949 0.5024 0.6275
vn 0.6415 -0.3126 -0.7005
vn 0.1048 0.3772 0.9202
vn 0.4774 0.8766 -0.0605
vn -0.0245 0.6011 0.7988
vn 0.6491 -0.3901 0.6531
vn -0.5484 -0.2912 0.7839
vn -0.1032 0.7449 0.6591
vn -0.5949 0.7326 0.3308
vn 0.9949 0.0875 0.0509
vn 0.1981 0.8041 0.5606
vn 0.1008 0.6304 0.7697
vn 0.9583 0.2314 0.1679
vn -0.0171 -0.3375 0.9412
vn -0.1118 0.9732 0.2012
vn -0.2265 0.9388 0.2596
vn 0.9598 -0.2748 -0.0572
vn -0.4773 0.7537 -0.4517
vn -0.0043 0.8403 0.5422
vn 0.6203 0.1299 0.7735
vn -0.1008 0.9112 0.3995
vn 0.6203 0.3626 0.6955
vn -0.6871 0.3564 -0.6332
vn -0.1118 0.9877 -0.1094
vn -0.1048 0.9912 0.0815
vn -0.0101 0.9999 0.0076
vn -0.5948 0.7872 -0.1629
vn -0.9857 0.0607 -0.1570
vn 0.9949 -0.0109 -0.1000
vn -0.9857 -0.0913 -0.1414
vn -0.9857 -0.1305 -0.1063
vn -0.9857 -0.1570 -0.0607
vn -0.9857 -0.1681 -0.0092
vn -0.9857 -0.1627 0.0432
vn -0.9857 -0.1414 0.0913
vn -0.9857 -0.0607 0.1570
vn -0.9857 0.0913 0.1414
vn -0.9950 0.0410 0.0910
vn -0.9857 0.1305 0.1063
vn -0.9949 0.0940 0.0356
vn 0.9857 0.1540 -0.0680
vn 0.9857 0.1254 -0.1123
vn 0.9857 -0.0681 -0.1540
vn 0.9857 -0.1123 -0.1254
vn 0.9857 -0.1646 -0.0354
vn 0.9857 -0.0846 0.1456
vn 0.9857 -0.0354 0.1646
vn 0.9857 0.0681 0.1540
vn 0.9857 0.1456 0.0846
vn 0.9857 0.1645 0.0354
vn 0.9857 0.1675 -0.0172
vn -0.3450 -0.8549 0.3874
vn -0.9308 0.2845 0.2294
vn -0.5949 0.6983 -0.3982
vn 0.6441 -0.7367 0.2059
vn 0.6195 0.4364 0.6525
vn 0.0246 0.9847 -0.1727
vn -0.6496 0.4029 0.6448
vn -0.9949 0.0919 -0.0406
vn -0.0221 0.9358 -0.3518
vn 0.9950 0.0835 -0.0548
vn -0.9949 0.0629 -0.0784
vn -0.6427 -0.4818 0.5957
vn -0.1008 0.8588 -0.5024
vn -0.6410 -0.1538 0.7520
vn 0.6203 0.7758 0.1155
vn -0.1980 0.4277 -0.8820
vn -0.1544 0.5058 -0.8487
vn -0.5949 0.3309 -0.7325
vn 0.9581 0.1671 -0.2326
vn 0.9583 0.0882 -0.2720
vn 0.0244 0.4390 -0.8982
vn -0.2264 0.2595 -0.9388
vn -0.4176 0.7975 -0.4355
vn -0.1048 0.0814 -0.9912
vn 0.0245 0.1400 -0.9898
vn -0.0221 -0.0455 -0.9987
vn -0.9949 -0.0260 -0.0978
vn -0.6203 0.4549 -0.6389
vn -0.6410 0.4231 0.6404
vn 0.0246 -0.1727 -0.9847
vn -0.9949 -0.0551 -0.0841
vn -0.0224 -0.3516 -0.9359
vn 0.0246 -0.4686 -0.8831
vn 0.9950 -0.0548 -0.0835
vn 0.1048 -0.3772 -0.9202
vn -0.9949 -0.0785 -0.0639
vn -0.5949 -0.5945 -0.5411
vn -0.6412 0.7518 0.1537
vn -0.1048 -0.7540 -0.6485
vn -0.2264 -0.9388 -0.2596
vn 0.9950 -0.0998 -0.0048
vn 0.1119 -0.9926 -0.0468
vn -0.9950 -0.0993 0.0109
vn -0.6428 0.7618 -0.0805
vn 0.0245 -0.9847 0.1727
vn 0.9309 0.3524 -0.0961
vn -0.2264 -0.9121 0.3418
vn -0.0245 -0.7988 0.6011
vn 0.9949 -0.0744 0.0676
vn 0.4176 -0.7500 -0.5130
vn 0.1048 -0.9202 0.3772
vn -0.1981 -0.6793 0.7066
vn -0.1008 -0.8588 0.5024
vn -0.9949 -0.0629 0.0784
vn -0.1545 -0.7434 0.6508
vn 0.6440 0.4812 -0.5947
vn 0.0245 -0.6951 0.7185
vn -0.0171 -0.9411 -0.3376
vn -0.4176 -0.8930 0.1678
vn 0.9317 0.1789 -0.3160
vn -0.6426 -0.0806 -0.7619
vn -0.9950 0.0109 0.0993
vn 0.5949 -0.2124 0.7753
vn -0.6496 -0.7584 -0.0530
vn -0.0223 -0.2655 0.9639
vn -0.1008 -0.3995 0.9112
vn 0.5484 -0.7602 0.3483
vn 0.0245 -0.1400 0.9898
vn -0.5949 0.1629 0.7871
vn -0.5949 0.3982 0.6982
vn 0.1119 0.2623 0.9585
vn -0.1545 0.3892 0.9081
vn -0.9949 0.0551 0.0841
vn -0.6431 -0.3108 -0.6999
vn 0.6437 -0.4209 -0.6392
vn -0.6406 -0.5977 -0.4820
vn -0.1008 0.5023 0.8588
vn 0.6438 -0.5949 -0.4813
vn -0.4773 0.8753 0.0776
vn -0.4176 -0.1164 0.9012
vn 0.5949 0.6717 0.4415
vn 0.6442 -0.7138 -0.2749
vn 0.0245 0.7185 0.6951
vn -0.4176 0.1678 0.8930
vn -0.5948 0.7990 0.0884
vn 0.6195 -0.0305 0.7844
vn 0.4493 0.6159 -0.6472
vn -0.0171 -0.0302 0.9994
vn 0.9581 0.2729 0.0870
vn 0.0246 0.9898 0.1401
vn -0.6400 -0.7404 0.2054
vn -0.1008 0.9900 0.0983
vn 0.5181 0.8491 0.1028
vn 0.1047 0.9662 0.2357
vn -0.4177 0.4355 0.7974
vn -0.6422 -0.7657 -0.0363
vn -0.9949 0.0841 -0.0551
vn -0.6203 0.6389 0.4549
vn 0.6830 0.4777 0.5525
vn 0.0102 0.8943 -0.4473
vn 0.0168 0.8755 0.4830
vn 0.0547 -0.2623 -0.9634
vn -0.9583 -0.1299 -0.2547
vn 0.1980 -0.8041 -0.5605
vn 0.0100 -0.7013 -0.7128
vn 0.0103 -0.8876 -0.4605
vn -0.9582 -0.2824 -0.0446
vn -0.6432 0.3755 -0.6673
vn 0.0172 -0.6833 -0.7300
vn -0.9582 -0.2021 0.2023
vn 0.0544 -0.3538 0.9337
vn -0.9582 0.0449 0.2824
vn 0.0172 -0.9054 0.4243
vn 0.0101 0.4471 0.8944
vn -0.9582 0.2023 0.2021
vn 0.9314 -0.3635 -0.0174
vn 0.0101 0.8872 0.4612
vn -0.9598 -0.2749 -0.0571
vn -0.6843 0.1726 0.7084
vn -0.0590 -0.8202 -0.5691
vn -0.0590 -0.9559 -0.2878
vn -0.0590 -0.2878 0.9559
vn 0.3616 0.0214 0.9321
vn -0.0590 0.3290 0.9425
vn -0.0590 0.9559 0.2878
vn 0.3615 0.8799 -0.3084
vn -0.9857 0.1414 -0.0913
vn 0.3450 -0.2492 -0.9049
vn 0.0590 -0.8992 -0.4336
vn 0.9950 -0.0779 -0.0625
vn -0.9857 0.0432 0.1627
vn -0.9598 -0.2804 -0.0134
vn 0.9949 0.1007 -0.0103
vn -0.9598 -0.2190 -0.1756
vn -0.9315 0.0972 0.3504
vn 0.6442 -0.3753 0.6664
vn 0.9315 0.2692 -0.2446
vn 0.6437 0.1543 -0.7495
vn 0.5949 0.7521 -0.2838
vn 0.1033 0.9928 -0.0604
vn -0.3451 0.1890 -0.9194
vn 0.9950 0.0964 -0.0263
vn 0.1048 0.9202 -0.3772
vn -0.4176 0.8211 0.3891
vn -0.3451 -0.1043 -0.9328
vn 0.1981 0.7816 -0.5915
vn 0.0589 -0.1778 -0.9823
vn -0.0222 0.7813 -0.6238
vn 0.4175 0.8718 0.2561
vn 0.1542 0.6324 -0.7591
vn 0.3450 -0.5167 -0.7836
vn -0.3450 -0.3874 -0.8549
vn -0.6843 0.6746 0.2768
vn -0.1047 0.6485 -0.7540
vn 0.0101 0.4608 -0.8874
vn 0.5180 0.3602 -0.7758
vn 0.1032 0.5347 -0.8387
vn 0.0546 0.3539 -0.9337
vn 0.9857 0.0354 -0.1646
vn -0.0544 0.2034 -0.9776
vn -0.0245 -0.0169 -0.9996
vn 0.1032 0.2494 -0.9629
vn 0.6435 -0.0364 0.7646
vn 0.4176 0.8558 -0.3052
vn 0.0544 0.0481 -0.9974
vn -0.6843 0.7085 -0.1726
vn 0.0590 -0.9892 -0.1345
vn -0.5484 0.6963 -0.4631
vn -0.1047 -0.2288 -0.9678
vn -0.3450 -0.9194 -0.1890
vn 0.9949 -0.0409 -0.0926
vn -0.6843 0.6205 -0.3830
vn 0.5948 -0.2839 -0.7521
vn 0.0590 -0.9823 0.1778
vn 0.7035 -0.7106 -0.0142
vn -0.5180 -0.2941 -0.8032
vn -0.0195 -0.6168 -0.7869
vn -0.3450 -0.9328 0.1043
vn -0.0043 -0.3610 -0.9325
vn 0.0786 -0.6127 -0.7864
vn -0.4176 0.3892 -0.8211
vn 0.0590 -0.8793 0.4727
vn -0.1545 -0.6508 -0.7433
vn 0.1032 -0.6325 -0.7676
vn 0.6421 0.5967 0.4813
vn -0.0223 -0.8347 -0.5503
vn 0.0590 -0.6902 0.7212
vn 0.5484 -0.0963 -0.8307
vn -0.0590 -0.5690 0.8202
vn -0.0223 -0.9638 -0.2655
vn 0.0544 -0.9337 -0.3538
vn 0.0590 -0.4336 0.8992
vn -0.1119 -0.9731 -0.2012
vn 0.7722 -0.6352 -0.0137
vn 0.2223 -0.9637 -0.1481
vn -0.6432 0.6998 -0.3108
vn 0.0245 -0.9898 -0.1400
vn 0.0590 -0.1345 0.9892
vn -0.1544 -0.9839 0.0896
vn -0.1981 -0.9649 0.1723
vn -0.1981 -0.8644 0.4621
vn -0.3450 -0.1890 0.9194
vn 0.5484 -0.5662 -0.6154
vn 0.7722 -0.6083 0.1833
vn 0.6440 0.7608 -0.0803
vn -0.6843 -0.3830 -0.6205
vn 0.9949 -0.0844 0.0545
vn 0.0590 0.1778 0.9823
vn -0.1545 -0.9081 0.3892
vn 0.3450 0.2492 0.9049
vn -0.4493 0.0220 0.8931
vn 0.7722 -0.5219 0.3623
vn -0.6843 -0.5560 -0.4717
vn -0.4176 -0.8211 -0.3892
vn -0.3450 0.3875 0.8549
vn -0.1981 -0.4277 0.8819
vn 0.1981 -0.5606 0.8040
vn -0.0043 -0.7753 0.6316
vn 0.0590 0.7212 0.6902
vn -0.0223 -0.5504 0.8346
vn -0.3450 0.6327 0.6933
vn 0.1032 -0.5347 0.8387
vn 0.1981 -0.2847 0.9379
vn 0.0590 0.8992 0.4336
vn -0.5484 -0.8053 0.2252
vn 0.1048 -0.2357 0.9662
vn 0.9949 0.0103 0.1007
vn 0.9598 0.0571 -0.2748
vn -0.6843 -0.7085 0.1726
vn 0.6420 -0.0816 -0.7624
vn 0.9857 0.0171 0.1675
vn 0.0588 0.9892 0.1345
vn -0.0222 0.0453 0.9987
vn -0.1032 -0.0954 0.9901
vn -0.0245 0.0168 0.9996
vn -0.5484 -0.6963 0.4631
vn 0.3450 0.9376 0.0427
vn -0.6203 -0.4549 0.6389
vn -0.0589 0.9980 -0.0217
vn 0.7723 0.1833 0.6083
vn -0.6430 -0.6675 -0.3756
vn 0.1980 0.5915 0.7816
vn -0.3450 0.9328 -0.1044
vn 0.1032 0.3643 0.9255
vn 0.0589 0.8793 -0.4726
vn -0.1546 0.6507 0.7435
vn -0.9949 0.0785 0.0639
vn -0.1048 0.7540 0.6485
vn -0.0589 0.7947 -0.6042
vn -0.0043 0.6316 0.7753
vn 0.1119 0.7755 0.6213
vn 0.0590 0.6902 -0.7212
vn -0.0224 0.8346 0.5504
vn -0.0195 0.8298 0.5578
vn 0.1032 0.8387 0.5347
vn -0.3450 0.6933 -0.6327
vn -0.1545 0.9634 0.2189
vn 0.0590 0.4336 -0.8992
vn 0.1981 0.9800 -0.0191
vn 0.9598 -0.2804 -0.0135
vn -0.3450 0.4638 -0.8160
vn 0.0590 0.1345 -0.9892
vn -0.0221 0.9987 -0.0455
vn 0.6831 0.2836 0.6730
vn -0.0193 0.9991 -0.0366
vn -0.9313 -0.1998 -0.3046
vn -0.9313 0.2696 -0.2451
vn -0.9314 0.2840 0.2278
vn -0.9598 0.0307 0.2790
vn -0.9308 -0.2295 0.2846
vn -0.9598 -0.2077 0.1888
vn -0.9307 -0.3335 0.1504
vn -0.9312 -0.3642 -0.0174
vn 0.9314 -0.2694 0.2448
vn 0.9309 0.0961 0.3524
vn 0.9316 0.3559 0.0740
vn 0.6444 0.3753 -0.6663
vn 0.6418 -0.5968 -0.4815
vn -0.6871 0.1433 -0.7123
vn -0.1981 0.8644 -0.4621
vn 0.1981 0.9262 -0.3209
vn -0.9582 0.2824 -0.0449
vn 0.6421 -0.6398 0.4224
vn 0.6748 0.5491 0.4931
vn 0.7035 0.0141 -0.7106
vn -0.1544 0.9081 -0.3893
vn -0.6430 -0.6999 0.3109
vn -0.1032 0.9711 -0.2153
vn -0.0172 0.5631 0.8262
vn -0.6432 -0.3755 0.6674
vn -0.6842 0.5561 0.4718
vn 0.1542 0.8361 -0.5265
vn 0.9949 0.0634 -0.0779
vn 0.5181 0.7474 -0.4159
vn 0.0195 0.8737 -0.4860
vn -0.0172 0.7907 0.6119
vn -0.1545 0.7434 -0.6508
vn -0.2223 0.7860 -0.5769
vn -0.0194 0.7869 -0.6168
vn 0.1032 0.7677 -0.6324
vn 0.2223 0.6862 -0.6926
vn -0.4177 0.9011 0.1164
vn 0.9949 0.0499 -0.0873
vn -0.4774 -0.1967 -0.8564
vn 0.0245 0.6951 -0.7185
vn -0.9949 0.0365 -0.0944
vn 0.4773 -0.3285 -0.8150
vn -0.0245 0.5740 -0.8185
vn 0.6493 0.7415 0.1691
vn -0.1118 0.2011 -0.9732
vn -0.4494 -0.5427 -0.7096
vn 0.2222 0.4386 -0.8708
vn 0.9949 0.0213 -0.0990
vn 0.9317 -0.1789 0.3161
vn -0.6429 0.0805 0.7617
vn -0.6425 -0.1544 0.7505
vn 0.6421 -0.1536 0.7510
vn 0.1118 0.3511 -0.9296
vn -0.6844 0.7270 0.0548
vn -0.7723 0.1128 -0.6252
vn -0.9949 0.0055 -0.1011
vn 0.4493 -0.6471 -0.6159
vn -0.1032 0.3967 -0.9121
vn -0.0172 0.9994 0.0303
vn -0.4493 -0.7355 -0.5071
vn 0.2223 0.1481 -0.9637
vn 0.1119 0.0467 -0.9926
vn 0.0100 0.1643 -0.9864
vn 0.4493 -0.8058 -0.3857
vn 0.9581 -0.0016 -0.2864
vn -0.2264 -0.0432 -0.9731
vn 0.6444 0.2059 0.7364
vn 0.6423 0.4224 0.6396
vn 0.4175 0.7197 -0.5548
vn 0.1048 -0.0744 -0.9917
vn 0.1118 -0.2623 -0.9585
vn 0.0103 -0.1491 -0.9888
vn -0.9949 -0.0406 -0.0919
vn 0.4493 -0.8856 -0.1178
vn -0.0246 -0.3248 -0.9455
vn 0.6492 0.5727 -0.5005
vn 0.1542 -0.5265 -0.8361
vn 0.5949 -0.5024 -0.6275
vn -0.9949 -0.0784 -0.0629
vn 0.4176 0.5130 -0.7500
vn 0.0172 0.7300 -0.6833
vn -0.0222 -0.6237 -0.7813
vn -0.0102 -0.5819 -0.8132
vn -0.6422 0.5158 0.5670
vn -0.1048 -0.5167 -0.8497
vn -0.1981 -0.7066 -0.6794
vn 0.1543 -0.7590 -0.6325
vn 0.0195 -0.7322 -0.6808
vn -0.0195 -0.8298 -0.5578
vn 0.2223 -0.6926 -0.6862
vn -0.4176 0.1164 -0.9012
vn 0.9949 -0.0937 -0.0363
vn -0.6843 0.2768 -0.6746
vn 0.6445 0.6663 0.3751
vn -0.9949 -0.0940 -0.0356
vn -0.0103 -0.8047 -0.5936
vn -0.6432 0.6673 0.3754
vn -0.1545 -0.8486 -0.5059
vn -0.2223 -0.7916 -0.5692
vn -0.4493 -0.7096 0.5428
vn 0.2264 -0.8866 -0.4034
vn -0.6195 -0.0928 -0.7795
vn -0.6843 0.0548 -0.7272
vn 0.6424 0.7508 0.1536
vn 0.4175 -0.0258 -0.9083
vn 0.0246 -0.8981 -0.4391
vn 0.1009 -0.8374 -0.5372
vn -0.9949 -0.1011 -0.0055
vn 0.4493 -0.6159 0.6472
vn -0.0168 0.0301 -0.9994
vn -0.6426 0.7505 0.1543
vn -0.1048 -0.9175 -0.3837
vn 0.1542 -0.9859 -0.0654
vn 0.1048 -0.9662 -0.2357
vn -0.5949 -0.7871 0.1629
vn -0.1048 -0.9912 -0.0814
vn -0.6409 0.7633 -0.0818
vn 0.4175 -0.3052 -0.8559
vn 0.0174 -0.1237 -0.9922
vn -0.0223 -0.9987 0.0453
vn -0.4176 -0.4355 -0.7974
vn -0.0171 -0.2801 -0.9598
vn -0.0194 -0.9991 0.0365
vn -0.0194 -0.9390 0.3435
vn 0.2264 -0.9544 0.1947
vn 0.6445 0.7364 -0.2058
vn -0.9308 0.3333 -0.1502
vn 0.1009 -0.9932 0.0576
vn -0.6992 -0.1457 0.6999
vn 0.6424 0.6396 -0.4223
vn 0.0102 -0.9888 0.1488
vn -0.9949 -0.0919 0.0406
vn -0.0222 -0.9358 0.3517
vn -0.9949 -0.0748 0.0670
vn -0.1048 -0.9678 0.2289
vn -0.4176 -0.6606 -0.6238
vn -0.0171 -0.5630 -0.8263
vn -0.6408 0.4819 -0.5976
vn 0.0544 -0.8351 0.5474
vn 0.5949 -0.6275 0.5024
vn 0.1032 -0.9256 0.3643
vn 0.0787 -0.7864 0.6127
vn 0.0245 -0.8831 0.4686
vn -0.0223 -0.7813 0.6237
vn 0.4774 0.0605 0.8766
vn -0.2264 -0.7618 0.6069
vn -0.0102 -0.8134 0.5817
vn -0.0245 -0.5739 0.8185
vn 0.2264 -0.6576 0.7185
vn -0.6405 0.2744 -0.7173
vn 0.9950 -0.0625 0.0779
vn -0.6871 0.3028 0.6605
vn 0.4176 -0.8718 -0.2561
vn 0.0102 -0.7125 0.7016
vn -0.9598 0.1393 -0.2438
vn 0.6830 -0.7112 -0.1662
vn -0.1544 -0.5059 0.8487
vn -0.5949 -0.3309 0.7326
vn -0.1048 -0.6485 0.7540
vn -0.4176 -0.9011 -0.1164
vn -0.0245 -0.2929 0.9558
vn 0.9949 -0.0213 0.0990
vn -0.6843 -0.7271 -0.0548
vn 0.7722 -0.2093 0.5999
vn 0.0245 -0.4390 0.8981
vn -0.9949 -0.0055 0.1011
vn 0.4493 0.6472 0.6159
vn 0.9583 -0.0882 0.2720
vn -0.2264 -0.2596 0.9388
vn 0.4176 -0.8558 0.3052
vn 0.1542 -0.0655 0.9859
vn -0.9306 -0.0964 -0.3530
vn -0.9949 0.0265 0.0970
vn 0.0101 -0.1640 0.9864
vn 0.1119 -0.0467 0.9926
vn -0.1545 0.0896 0.9839
vn 0.6492 -0.6994 0.2990
vn 0.1542 0.2424 0.9578
vn 0.1032 0.0604 0.9928
vn -0.6195 -0.5761 0.5332
vn 0.6442 -0.2058 -0.7366
vn 0.9950 0.0263 0.0964
vn 0.6195 -0.6525 0.4364
vn 0.0245 0.1727 0.9847
vn -0.0222 0.3517 0.9358
vn -0.0172 -0.8263 0.5629
vn -0.6411 -0.4229 -0.6404
vn 0.4774 0.8524 0.2133
vn -0.1048 0.2289 0.9678
vn -0.4176 -0.3892 0.8211
vn 0.7723 0.3623 0.5219
vn 0.9950 0.0548 0.0835
vn 0.1541 0.5266 0.8360
vn -0.9582 0.1300 0.2547
vn 0.9949 0.0779 0.0635
vn 0.2223 0.4467 0.8667
vn 0.0245 0.4686 0.8831
vn -0.0224 0.6236 0.7814
vn -0.2223 0.5769 0.7860
vn -0.0194 0.6168 0.7868
vn -0.0169 -0.6118 0.7908
vn 0.1541 0.7592 0.6323
vn 0.2223 0.6926 0.6862
vn -0.6409 -0.7521 -0.1538
vn 0.9949 0.0873 0.0499
vn 0.4176 -0.2561 0.8718
vn 0.0103 0.7019 0.7122
vn -0.5484 -0.0347 0.8355
vn -0.9950 0.0867 0.0495
vn 0.4494 0.7857 -0.4252
vn -0.0103 0.8047 0.5936
vn -0.9315 -0.3167 -0.1791
vn 0.0195 0.9068 0.4212
vn 0.6415 -0.7164 -0.2743
vn 0.9598 -0.2748 -0.0571
vn 0.9949 0.0990 0.0213
vn 0.0542 0.9337 0.3538
vn -0.6843 -0.0548 0.7271
vn 0.2222 0.8708 0.4386
vn 0.1980 0.9380 0.2846
vn -0.1981 0.9710 0.1342
vn -0.1032 0.9121 0.3967
vn -0.0245 0.9558 0.2929
vn 0.6430 -0.7650 -0.0364
vn 0.6413 -0.7395 0.2049
vn -0.6992 0.3549 -0.6206
vn 0.5948 0.8030 -0.0375
vn 0.1032 0.9629 0.2493
vn 0.0104 0.9865 0.1632
vn 0.4493 0.3858 -0.8058
vn -0.9949 0.0970 -0.0265
vn -0.2223 0.9750 -0.0048
vn -0.0171 0.2801 0.9598
vn 0.9855 -0.1454 -0.0874
vn -0.9857 0.1063 -0.1306
vn 0.9857 -0.0172 -0.1675
vn -0.3450 -0.4639 0.8160
vn -0.9950 0.0993 -0.0109
vn -0.9313 -0.3621 0.0398
vn 0.9315 -0.3615 0.0396
vn 0.7723 0.6083 -0.1832
vn -0.6195 0.5333 0.5761
vn 0.3616 -0.0214 -0.9321
vn 0.9949 0.0844 -0.0545
vn 0.1009 0.9932 -0.0576
vn -0.9949 0.0748 -0.0670
vn 0.9857 -0.1455 -0.0846
vn 0.3450 0.0427 -0.9376
vn -0.1032 0.8571 -0.5048
vn -0.0590 -0.3291 -0.9425
vn 0.6438 -0.4812 0.5949
vn 0.2223 0.8667 -0.4466
vn 0.1196 0.9492 -0.2910
vn -0.1981 0.6794 -0.7065
vn -0.6422 -0.5670 0.5159
vn 0.0590 -0.4726 -0.8793
vn 0.7722 0.3845 -0.5059
vn -0.1197 0.7136 -0.6902
vn -0.0589 -0.6042 -0.7947
vn -0.0223 0.5504 -0.8346
vn 0.0590 -0.7212 -0.6902
vn -0.5181 0.4769 -0.7100
vn 0.1195 0.5969 -0.7934
vn -0.6195 0.7795 -0.0928
vn -0.0157 0.3015 -0.9533
vn 0.9949 -0.0103 -0.1007
vn 0.1009 0.2521 -0.9624
vn -0.1196 0.1714 -0.9779
vn -0.1545 -0.0896 -0.9839
vn -0.6430 0.2064 0.7375
vn -0.7722 -0.0860 -0.6295
vn -0.0171 0.9598 -0.2801
vn -0.1119 -0.1093 -0.9877
vn -0.4176 0.6238 -0.6606
vn -0.1032 -0.2152 -0.9711
vn 0.3616 -0.9321 0.0214
vn 0.9950 -0.0263 -0.0964
vn 0.1544 -0.2422 -0.9579
vn 0.1009 -0.0577 -0.9932
vn -0.1544 -0.3893 -0.9081
vn -0.5949 -0.3982 -0.6983
vn 0.0195 -0.4860 -0.8737
vn 0.3616 -0.8799 0.3084
vn 0.1032 -0.3642 -0.9256
vn 0.3450 -0.9049 0.2492
vn -0.5181 -0.5279 -0.6730
vn -0.1008 -0.5023 -0.8588
vn 0.7722 -0.5058 -0.3844
vn 0.6435 0.5149 0.5664
vn -0.1197 -0.6903 -0.7136
vn -0.0589 -0.7947 0.6042
vn 0.1194 -0.5702 -0.8128
vn 0.3450 -0.7836 0.5166
vn -0.1981 -0.8820 -0.4277
vn 0.9949 -0.0984 -0.0205
vn -0.7722 -0.6253 -0.1127
vn -0.1196 -0.8770 -0.4653
vn -0.0544 -0.9776 -0.2033
vn -0.0245 -0.9558 -0.2929
vn 0.9949 -0.1007 0.0103
vn 0.9857 -0.1675 0.0171
vn 0.0787 -0.9963 0.0334
vn 0.1195 -0.9390 -0.3224
vn -0.1196 -0.9779 -0.1716
vn 0.3450 -0.3303 0.8786
vn -0.5949 -0.6983 0.3982
vn 0.9949 -0.0926 0.0409
vn 0.9857 -0.1540 0.0681
vn -0.1196 -0.9830 0.1390
vn -0.4493 -0.2551 0.8562
vn 0.9310 0.3328 -0.1499
vn 0.6830 -0.4777 -0.5525
vn 0.3450 -0.0427 0.9376
vn 0.9949 -0.0754 0.0675
vn -0.9582 -0.2547 0.1299
vn 0.0590 0.4726 0.8793
vn -0.6422 0.5670 -0.5158
vn -0.8082 -0.4387 0.3930
vn 0.3616 0.5652 0.7415
vn 0.5949 -0.4416 0.6717
vn -0.9949 -0.0365 0.0944
vn 0.3450 0.5166 0.7836
vn -0.1008 -0.6615 0.7431
vn 0.2223 -0.4386 0.8708
vn -0.6425 0.1543 -0.7506
vn 0.1195 -0.5968 0.7934
vn -0.4493 0.5428 0.7096
vn 0.6422 0.1537 -0.7509
vn -0.0590 0.8202 0.5691
vn -0.0543 -0.2033 0.9776
vn -0.7722 -0.1127 0.6252
vn -0.1119 -0.2012 0.9731
vn 0.6492 -0.7576 0.0683
vn -0.1196 -0.4654 0.8770
vn -0.2264 0.0432 0.9731
vn 0.9950 -0.0048 0.0998
vn -0.3450 0.8160 0.4639
vn 0.2264 -0.1097 0.9678
vn 0.1009 -0.2521 0.9624
vn -0.4176 -0.7974 0.4355
vn 0.7035 0.6714 0.2330
vn -0.6408 -0.0818 -0.7633
vn 0.3450 0.8785 0.3304
vn -0.7723 0.2763 0.5721
vn -0.4492 0.8563 0.2550
vn 0.2223 0.1570 0.9623
vn -0.6843 -0.6205 0.3830
vn 0.0589 0.9823 -0.1778
vn -0.1196 0.1390 0.9830
vn 0.9581 0.0901 0.2719
vn 0.4493 0.8787 -0.1616
vn -0.1032 0.5048 0.8571
vn 0.6421 -0.4224 -0.6398
vn 0.4176 -0.5130 0.7500
vn 0.1008 0.3617 0.9268
vn -0.9950 0.0672 0.0739
vn -0.4493 0.8426 -0.2970
vn 0.1032 0.6325 0.7677
vn -0.1195 0.6904 0.7135
vn -0.7722 0.5598 0.3005
vn -0.0545 0.8669 0.4955
vn -0.2222 0.7916 0.5692
vn 0.7723 0.5998 0.2093
vn -0.2223 0.9287 0.2968
vn -0.0590 0.5691 -0.8202
vn 0.1195 0.7934 0.5969
vn -0.7722 0.6253 0.1127
vn -0.0223 0.9638 0.2656
vn -0.9950 0.0978 0.0203
vn 0.4176 0.3052 0.8559
vn -0.1032 0.9901 0.0953
vn 0.3615 0.2677 -0.8931
vn 0.9598 -0.2790 0.0306
vn -0.0042 0.9667 0.2560
vn -0.0541 0.9926 -0.1089
vn -0.8081 0.5859 -0.0601
vn -0.5484 0.4631 0.6963
vn -0.9857 0.0092 -0.1681
vn 0.8082 -0.5492 -0.2125
vn 0.9857 -0.1254 0.1123
vn 0.9315 -0.2836 -0.2276
vn -0.7722 0.5721 -0.2763
vn 0.9949 0.0971 -0.0257
vn 0.9309 -0.3330 0.1500
vn -0.6843 0.3830 0.6205
vn -0.9950 0.0910 -0.0410
vn -0.2223 0.9258 -0.3058
vn 0.9581 0.2719 -0.0900
vn 0.8082 0.4948 -0.3194
vn 0.0171 0.6832 0.7300
vn -0.4493 -0.0220 -0.8931
vn -0.9582 0.2547 -0.1299
vn 0.9581 0.2307 -0.1697
vn -0.5180 0.6731 -0.5278
vn -0.2265 0.5370 -0.8126
vn 0.1195 0.8128 -0.5701
vn 0.0101 0.7125 -0.7016
vn 0.6195 0.7844 0.0305
vn -0.3450 -0.6327 -0.6933
vn -0.1196 0.4654 -0.8770
vn -0.0224 0.2656 -0.9638
vn -0.9307 -0.1295 0.3420
vn -0.3616 -0.8403 -0.4039
vn -0.2222 0.2968 -0.9287
vn -0.3450 -0.8159 -0.4639
vn 0.8082 0.0324 -0.5880
vn -0.3615 -0.9240 -0.1245
vn 0.8082 -0.1509 -0.5692
vn 0.6439 0.0804 0.7609
vn -0.9308 0.1503 0.3333
vn 0.9949 -0.0545 -0.0844
vn -0.1197 -0.1390 -0.9830
vn -0.4493 -0.8562 -0.2551
vn -0.9949 -0.0549 -0.0850
vn 0.3450 -0.9376 -0.0427
vn -0.0245 -0.6011 -0.7988
vn 0.9949 -0.0675 -0.0754
vn 0.0543 -0.5474 -0.8351
vn -0.6844 0.4717 -0.5560
vn -0.9949 -0.0869 -0.0504
vn 0.0246 -0.7185 -0.6950
vn -0.9307 0.3177 0.1814
vn 0.9949 -0.0873 -0.0499
vn 0.9309 0.3171 0.1812
vn -0.4493 -0.8426 0.2969
vn 0.0543 -0.7787 -0.6251
vn -0.5181 -0.7100 -0.4769
vn -0.1032 -0.7449 -0.6591
vn 0.3615 -0.5306 0.7667
vn -0.6871 -0.5346 0.4921
vn 0.5949 -0.7753 -0.2124
vn 0.9583 -0.2720 -0.0882
vn -0.3615 -0.4039 0.8403
vn -0.6432 0.7374 -0.2063
vn -0.6843 -0.1726 -0.7085
vn 0.9581 -0.2864 0.0016
vn 0.5949 -0.7520 0.2839
vn 0.4176 -0.5547 -0.7196
vn -0.0194 -0.7869 0.6168
vn -0.1032 -0.8571 0.5048
vn 0.9316 0.3040 -0.1994
vn 0.1195 -0.9492 0.2911
vn 0.3616 0.3084 0.8799
vn 0.6195 -0.6167 -0.4857
vn -0.5484 -0.7839 -0.2911
vn -0.9949 -0.0639 0.0785
vn -0.1119 -0.4921 0.8633
vn 0.6203 -0.7758 -0.1155
vn 0.9316 0.2275 -0.2835
vn 0.9949 -0.0509 0.0875
vn 0.1195 -0.8128 0.5702
vn -0.6843 -0.6746 -0.2768
vn 0.6434 0.0364 -0.7647
vn 0.0194 -0.4212 0.9067
vn -0.3616 0.8403 0.4039
vn 0.7722 -0.0137 0.6352
vn -0.9598 -0.1154 -0.2559
vn -0.1196 -0.1716 0.9779
vn -0.4493 0.7355 0.5072
vn -0.6432 -0.2063 -0.7374
vn 0.4493 0.8058 0.3858
vn -0.5181 0.0315 0.8548
vn -0.6420 -0.5159 -0.5672
vn 0.3616 0.9321 -0.0214
vn 0.9949 0.0409 0.0926
vn 0.1195 -0.0165 0.9927
vn 0.0787 0.3397 0.9373
vn 0.9315 -0.1994 -0.3041
vn 0.9857 0.1123 0.1254
vn -0.6844 -0.4717 0.5560
vn -0.5181 0.5279 0.6730
vn -0.1119 0.6690 0.7348
vn -0.0104 0.5820 0.8131
vn 0.3450 0.9049 -0.2491
vn 0.3616 0.7415 -0.5652
vn -0.6844 -0.2768 0.6746
vn 0.0195 0.7321 0.6809
vn 0.0542 0.7788 0.6249
vn 0.7035 0.5832 -0.4062
vn -0.3615 0.6438 -0.6744
vn 0.0246 0.8981 0.4391
vn -0.6871 0.5346 -0.4921
vn -0.9583 0.2548 0.1297
vn 0.4773 0.6737 -0.5642
vn -0.9949 0.0999 -0.0103
vn -0.0102 0.9488 0.3158
vn -0.3615 0.4039 -0.8404
vn 0.9949 0.1000 -0.0109
vn -0.1196 0.9779 0.1716
vn 0.1541 0.9859 0.0653
vn 0.7035 0.2330 -0.6714
vn -0.6430 -0.7375 0.2064
vn -0.3615 0.1244 -0.9240
vn -0.9598 -0.1888 -0.2077
vn -0.9308 0.0390 0.3634
vn -0.9306 -0.3531 0.0964
vn 0.9598 -0.0134 0.2804
vn -0.4493 0.2550 -0.8562
vn 0.2265 0.9544 -0.1947
vn 0.8082 0.5693 -0.1509
vn 0.9949 0.0926 -0.0409
vn -0.0590 -0.0217 -0.9980
vn 0.1195 0.9927 0.0165
vn 0.0543 0.9634 -0.2627
vn 0.6441 -0.6991 0.3104
vn 0.5484 0.5662 0.6154
vn 0.0195 0.9812 -0.1922
vn 0.0173 0.4242 0.9054
vn -0.9949 0.0850 -0.0549
vn -0.6410 -0.6405 0.4230
vn -0.0543 0.9104 -0.4102
vn -0.3614 -0.1672 -0.9173
vn 0.4493 0.1179 -0.8856
vn -0.8082 0.5386 -0.2382
vn -0.1048 0.9678 -0.2289
vn -0.1196 0.9830 -0.1390
vn -0.1119 0.9056 -0.4091
vn -0.0100 0.9533 -0.3018
vn -0.6407 -0.4819 0.5976
vn 0.4177 0.7500 0.5130
vn 0.9949 0.0754 -0.0675
vn 0.6433 -0.5665 0.5151
vn 0.3616 -0.3084 -0.8799
vn 0.2264 0.8475 -0.4801
vn 0.0245 0.8831 -0.4686
vn 0.1010 0.9268 -0.3617
vn 0.0786 0.7864 -0.6127
vn -0.9949 0.0639 -0.0785
vn 0.4494 -0.1616 -0.8786
vn -0.0543 0.7391 -0.6715
vn 0.0543 0.8351 -0.5475
vn -0.0102 0.8136 -0.5813
vn -0.9313 -0.3046 0.1998
vn -0.3615 -0.4425 -0.8207
vn -0.2264 0.7618 -0.6070
vn -0.8081 0.4387 -0.3930
vn -0.1196 0.8920 -0.4359
vn -0.1119 0.7348 -0.6690
vn -0.4493 -0.2969 -0.8426
vn 0.2264 0.6577 -0.7185
vn 0.8082 0.3719 -0.4567
vn 0.9949 0.0509 -0.0875
vn -0.6431 -0.2750 0.7147
vn 0.9310 -0.2291 0.2841
vn 0.3616 -0.5652 -0.7415
vn 0.5484 0.8197 0.1651
vn -0.0044 0.7753 -0.6316
vn 0.0195 0.6809 -0.7321
vn -0.9582 0.2021 -0.2023
vn -0.5484 0.8355 0.0346
vn -0.9949 0.0504 -0.0869
vn 0.0544 0.6250 -0.7787
vn -0.9949 0.0211 -0.0982
vn -0.0545 0.4954 -0.8669
vn -0.3614 -0.6744 -0.6438
vn 0.4493 -0.4251 -0.7857
vn -0.8081 0.2957 -0.5094
vn -0.1032 0.6592 -0.7449
vn -0.0195 0.5577 -0.8298
vn -0.0101 0.5937 -0.8046
vn -0.0194 0.2739 -0.9616
vn 0.2264 0.4035 -0.8865
vn 0.8082 0.2125 -0.5492
vn 0.9949 0.0363 -0.0937
vn 0.6442 -0.2748 0.7138
vn -0.6422 -0.0361 0.7657
vn 0.1543 0.3670 -0.9174
vn 0.9598 -0.0994 0.2625
vn 0.3617 -0.7666 -0.5306
vn 0.0171 0.9818 0.1889
vn 0.1009 0.5372 -0.8374
vn -0.9582 0.1297 -0.2548
vn 0.0194 0.4212 -0.9068
vn 0.1980 0.2847 -0.9379
vn -0.1981 0.1343 -0.9709
vn -0.9949 -0.0102 -0.0999
vn -0.1546 0.2190 -0.9634
vn 0.3450 -0.7335 -0.5856
vn -0.8082 0.1239 -0.5758
vn -0.1048 0.3836 -0.9175
vn 0.6494 0.7574 -0.0682
vn -0.1032 0.0955 -0.9901
vn 0.6437 -0.1542 0.7496
vn 0.9949 0.0055 -0.1003
vn 0.1195 0.3225 -0.9390
vn 0.0171 0.9922 -0.1237
vn 0.1543 0.0656 -0.9858
vn 0.3616 -0.8931 -0.2677
vn 0.5181 0.1028 -0.8491
vn 0.2264 0.1097 -0.9678
vn 0.0194 0.1205 -0.9925
vn -0.9582 0.0445 -0.2825
vn 0.1981 -0.0191 -0.9800
vn -0.9949 -0.0265 -0.0970
vn -0.0541 -0.1089 -0.9926
vn 0.7035 -0.6714 -0.2331
vn -0.8082 -0.0601 -0.5858
vn -0.2222 -0.0047 -0.9750
vn 0.6492 0.6994 -0.2990
vn -0.1981 -0.1723 -0.9649
vn 0.3450 -0.8785 -0.3303
vn -0.1981 -0.4620 -0.8644
vn 0.2264 -0.1947 -0.9544
vn 0.9949 -0.0257 -0.0971
vn 0.9310 0.0388 0.3629
vn 0.9949 -0.0413 -0.0917
vn -0.0590 -0.9980 0.0217
vn 0.0172 0.9054 -0.4242
vn 0.6444 0.3102 0.6989
vn 0.9310 0.1500 0.3328
vn 0.5181 -0.1646 -0.8393
vn 0.0195 -0.1922 -0.9812
vn 0.1195 0.0165 -0.9927
vn -0.9582 -0.0449 -0.2824
vn 0.1981 -0.3210 -0.9261
vn 0.9583 -0.0886 -0.2719
vn -0.9949 -0.0670 -0.0748
vn -0.6430 0.3109 0.6999
vn -0.0545 -0.4102 -0.9104
vn -0.2264 -0.3418 -0.9121
vn -0.8082 -0.2382 -0.5386
vn -0.0195 -0.3436 -0.9389
vn -0.0171 0.8263 -0.5630
vn -0.3615 -0.9172 0.1672
vn -0.4493 -0.8931 0.0220
vn 0.2264 -0.4801 -0.8475
vn 0.8082 -0.3194 -0.4948
vn 0.6195 0.4857 -0.6167
vn -0.0590 -0.9425 0.3291
vn 0.1194 -0.2913 -0.9492
vn 0.9949 -0.0779 -0.0634
vn 0.9315 0.2446 0.2693
vn 0.0102 -0.4472 -0.8944
vn 0.1118 -0.5456 -0.8305
vn -0.0543 -0.6714 -0.7391
vn 0.6493 0.3900 -0.6529
vn 0.7035 -0.6802 0.2061
vn -0.6428 0.5956 0.4817
vn -0.6426 0.4216 0.6398
vn 0.4493 -0.8786 0.1616
vn -0.2264 -0.6069 -0.7619
vn -0.8082 -0.3930 -0.4386
vn -0.5484 0.2911 -0.7839
vn -0.1196 -0.4360 -0.8920
vn -0.3615 -0.8207 0.4425
vn -0.1119 -0.8633 -0.4921
vn 0.2264 -0.7185 -0.6577
vn 0.8082 -0.4567 -0.3718
vn 0.6440 0.5948 0.4812
vn 0.9949 -0.0875 -0.0509
vn 0.0169 0.4830 -0.8754
vn 0.3616 -0.7415 0.5652
vn 0.6195 0.2714 -0.7366
vn 0.0786 -0.8258 -0.5585
vn 0.1008 -0.6305 -0.7696
vn -0.9582 -0.2023 -0.2021
vn -0.0543 -0.8669 -0.4955
vn 0.9581 -0.2327 -0.1670
vn -0.9949 -0.0944 -0.0365
vn -0.6432 0.7146 0.2750
vn 0.4493 -0.7857 0.4252
vn -0.8082 -0.5093 -0.2957
vn -0.2264 -0.8126 -0.5370
vn -0.0174 0.3377 -0.9411
vn -0.3615 -0.6438 0.6744
vn -0.1981 -0.9709 -0.1343
vn 0.1981 -0.9379 -0.2847
vn 0.1048 -0.8461 -0.5227
vn -0.2223 -0.9287 -0.2968
vn 0.9949 -0.0990 -0.0213
vn 0.6445 0.7135 0.2748
vn 0.9310 0.3413 0.1293
vn 0.0175 0.1891 -0.9818
vn -0.9582 -0.2548 -0.1297
vn 0.6435 0.7646 0.0364
vn 0.9949 -0.1003 -0.0055
vn -0.3450 -0.6933 0.6327
vn 0.7722 -0.5999 -0.2093
vn 0.0195 -0.9067 -0.4213
vn 0.1195 -0.7934 -0.5968
vn -0.9950 -0.0978 -0.0203
vn 0.6491 -0.0683 -0.7576
vn -0.9949 -0.0999 0.0103
vn -0.9308 0.3419 0.1294
vn -0.6422 0.7656 0.0362
vn -0.1545 -0.9634 -0.2189
vn -0.8082 -0.5758 -0.1239
vn -0.1032 -0.9121 -0.3967
vn -0.0195 -0.9615 -0.2740
vn 0.3450 -0.5856 0.7335
vn -0.4493 -0.5072 0.7355
vn 0.2264 -0.9678 -0.1097
vn 0.8082 -0.5880 -0.0324
vn 0.9598 0.2804 0.0134
vn 0.3616 -0.2677 0.8931
vn 0.6195 -0.2134 -0.7554
vn 0.0194 -0.9925 -0.1204
vn 0.1009 -0.9624 -0.2521
vn 0.0102 -0.9864 -0.1639
vn -0.1008 -0.9900 -0.0983
vn 0.4493 -0.3857 0.8058
vn 0.0544 -0.9974 -0.0479
vn -0.9314 0.3618 -0.0397
vn -0.9949 -0.0970 0.0265
vn -0.0544 -0.9926 0.1088
vn -0.8082 -0.5859 0.0601
vn -0.2264 -0.9731 0.0432
vn -0.6195 -0.3291 -0.7127
vn -0.1119 -0.9877 0.1093
vn -0.0102 -0.9999 -0.0075
vn -0.3615 -0.1245 0.9240
vn -0.6203 -0.6389 -0.4549
vn 0.0194 -0.9812 0.1922
vn 0.8082 -0.5693 0.1509
vn 0.9949 -0.0971 0.0257
vn 0.6421 0.7622 -0.0816
vn -0.0590 0.0217 0.9980
vn 0.1195 -0.9927 -0.0165
vn 0.1542 -0.9578 0.2424
vn 0.0171 -0.4243 -0.9054
vn -0.9582 -0.2824 0.0449
vn 0.6444 0.6989 -0.3102
vn 0.9598 0.2708 -0.0739
vn 0.1048 -0.9917 0.0744
vn 0.1981 -0.9261 0.3210
vn -0.0543 -0.9104 0.4102
vn 0.7035 -0.0142 0.7106
vn -0.9949 -0.0850 0.0549
vn -0.6411 0.6404 -0.4229
vn -0.9315 0.3504 -0.0972
vn -0.3615 0.1672 0.9172
vn 0.4493 -0.1178 0.8856
vn -0.8082 -0.5386 0.2382
vn -0.1032 -0.9711 0.2152
vn -0.6195 -0.5332 -0.5761
vn -0.0101 -0.9533 0.3019
vn 0.1542 -0.8361 0.5265
vn 0.2264 -0.8475 0.4801
vn 0.8082 -0.4948 0.3194
vn 0.9950 -0.0835 0.0548
vn -0.3450 0.1043 0.9328
vn 0.1981 -0.7816 0.5914
vn 0.0194 -0.8738 0.4860
vn -0.0043 -0.9325 0.3611
vn 0.0102 -0.8944 0.4471
vn -0.1196 -0.8920 0.4360
vn -0.0171 -0.7908 -0.6119
vn -0.6428 0.4817 -0.5956
vn -0.9598 0.2077 -0.1888
vn -0.0544 -0.7391 0.6714
vn -0.3616 0.4424 0.8207
vn 0.4493 0.1616 0.8786
vn -0.2223 -0.7860 0.5769
vn 0.9581 -0.2308 0.1697
vn -0.7722 -0.4587 0.4396
vn -0.4493 0.2969 0.8426
vn 0.4493 0.4252 0.7857
vn 0.8082 -0.3718 0.4567
vn 0.6421 0.4813 -0.5967
vn 0.6435 0.5664 -0.5149
vn 0.9949 -0.0634 0.0779
vn -0.9307 0.1814 -0.3177
vn 0.6443 0.2749 -0.7136
vn 0.9949 -0.0363 0.0937
vn -0.0590 0.6042 0.7947
vn 0.6195 -0.7366 -0.2714
vn 0.1032 -0.7677 0.6324
vn 0.0194 -0.6808 0.7322
vn 0.0171 -0.8754 -0.4831
vn -0.9949 -0.0505 0.0869
vn -0.0543 -0.4954 0.8670
vn 0.0544 -0.6251 0.7787
vn -0.0101 -0.5938 0.8045
vn 0.7035 0.4062 0.5832
vn -0.9949 -0.0211 0.0982
vn -0.6431 0.2751 -0.7146
vn -0.3616 0.6744 0.6438
vn -0.8082 -0.2957 0.5093
vn -0.2264 -0.5370 0.8126
vn -0.6195 -0.7700 -0.1526
vn -0.1196 -0.7136 0.6903
vn 0.4176 -0.9083 0.0258
vn 0.1542 -0.3669 0.9174
vn 0.2264 -0.4034 0.8866
vn -0.1032 -0.3967 0.9121
vn 0.8082 -0.2125 0.5492
vn -0.6421 0.0363 -0.7658
vn 0.1009 -0.5372 0.8374
vn 0.0171 -0.9818 -0.1889
vn -0.9582 -0.1297 0.2548
vn 0.9598 0.0994 -0.2625
vn 0.3616 0.7667 0.5305
vn 0.0787 -0.2761 0.9579
vn 0.7035 0.5665 0.4291
vn -0.1545 -0.2189 0.9635
vn -0.8082 -0.1239 0.5758
vn -0.2223 -0.2968 0.9287
vn -0.1981 -0.1343 0.9709
vn -0.0171 -0.9994 -0.0302
vn 0.3450 0.7335 0.5856
vn 0.8082 -0.0324 0.5880
vn 0.9949 -0.0055 0.1003
vn 0.9598 0.0134 -0.2804
vn -0.9314 -0.0398 -0.3619
vn 0.0171 -0.9922 0.1237
vn 0.9309 -0.0961 -0.3525
vn 0.9949 0.0257 0.0971
vn 0.0544 -0.0480 0.9974
vn 0.3616 0.8931 0.2677
vn 0.2223 -0.1481 0.9637
vn 0.1195 -0.3224 0.9390
vn -0.9582 -0.0446 0.2824
vn 0.0194 -0.1204 0.9925
vn 0.1981 0.0191 0.9800
vn -0.9949 0.0260 0.0978
vn -0.9949 0.0103 0.0999
vn -0.0102 -0.0075 0.9999
vn -0.0543 0.1088 0.9926
vn -0.3615 0.9240 0.1244
vn -0.8082 0.0601 0.5859
vn -0.1048 -0.0814 0.9912
vn -0.0194 0.0365 0.9991
vn -0.1981 0.1723 0.9649
vn 0.4493 0.8856 0.1178
vn -0.0195 0.3435 0.9390
vn 0.8082 0.1509 0.5692
vn 0.6439 -0.0803 -0.7609
vn -0.3451 0.9193 0.1891
vn 0.4175 -0.7197 0.5548
vn 0.2264 0.1947 0.9544
vn 0.0101 0.1488 0.9888
vn -0.0043 0.0552 0.9985
vn 0.0194 0.1922 0.9812
vn -0.5484 -0.5191 0.6556
vn -0.9949 0.0406 0.0919
vn 0.0544 0.2625 0.9634
vn -0.9949 0.0549 0.0850
vn -0.6405 -0.3131 -0.7013
vn -0.0543 0.4102 0.9104
vn -0.2264 0.3418 0.9121
vn -0.8082 0.2382 0.5386
vn -0.1008 0.2124 0.9720
vn -0.0101 0.3018 0.9533
vn -0.3614 0.9173 -0.1672
vn 0.8082 0.3194 0.4948
vn 0.9949 0.0545 0.0844
vn 0.6442 -0.3103 -0.6991
vn 0.9949 0.0675 0.0754
vn 0.0544 0.5475 0.8351
vn -0.1196 0.4361 0.8919
vn 0.6433 -0.5150 -0.5665
vn -0.0590 0.9425 -0.3291
vn -0.4493 0.8931 -0.0219
vn 0.5484 -0.4103 0.7286
vn 0.2264 0.4801 0.8475
vn 0.0171 -0.7300 0.6833
vn 0.1194 0.2911 0.9492
vn 0.0194 0.4860 0.8738
vn -0.9949 0.0670 0.0748
vn -0.9949 0.0869 0.0505
vn -0.6427 -0.5957 -0.4818
vn -0.0545 0.6713 0.7392
vn -0.8081 0.3930 0.4387
vn -0.2264 0.6069 0.7618
vn 0.9581 0.1697 0.2307
vn -0.3614 0.8207 -0.4425
vn -0.1981 0.7066 0.6794
vn 0.2264 0.7185 0.6576
vn 0.8082 0.4567 0.3719
vn 0.9950 0.0779 0.0625
vn 0.9308 -0.3173 -0.1813
vn -0.1007 0.7431 0.6615
vn -0.3451 0.8549 -0.3874
vn 0.6195 -0.2714 0.7366
vn 0.1194 0.5701 0.8128
vn 0.0171 -0.4831 0.8754
vn 0.0786 0.8257 0.5586
vn -0.1981 0.8819 0.4278
vn -0.9949 0.0944 0.0365
vn -0.6429 -0.7148 -0.2751
vn -0.9306 -0.3179 -0.1816
vn -0.1545 0.8486 0.5059
vn -0.8081 0.5094 0.2958
vn -0.2264 0.8126 0.5370
vn 0.6492 -0.1692 0.7416
vn -0.0245 0.8185 0.5739
vn 0.3450 0.7836 -0.5167
vn 0.8082 0.5492 0.2125
vn 0.9949 0.0937 0.0363
vn 0.6442 -0.6665 -0.3753
vn 0.9949 0.0985 0.0205
vn 0.0171 -0.1889 0.9818
vn 0.9315 -0.3561 -0.0740
vn 0.3617 0.5305 -0.7666
vn -0.4493 0.7096 -0.5428
vn 0.2264 0.8865 0.4035
vn 0.5484 0.0963 0.8307
vn 0.1009 0.8374 0.5372
vn -0.5484 0.2252 0.8053
vn -0.9949 0.0982 0.0211
vn -0.9949 0.1011 0.0055
vn -0.6424 -0.7507 -0.1544
vn -0.0545 0.9776 0.2034
vn -0.8082 0.5758 0.1239
vn -0.1047 0.9175 0.3838
vn -0.1196 0.8770 0.4654
vn 0.6830 0.0617 0.7278
vn -0.0194 0.9616 0.2739
vn 0.3450 0.5856 -0.7335
vn 0.0195 0.9925 0.1204
vn 0.2264 0.9678 0.1097
vn 0.8082 0.5880 0.0324
vn 0.6421 -0.7510 -0.1538
vn 0.9949 0.1003 0.0055
vn -0.0590 0.2877 -0.9559
vn 0.1193 0.9391 0.3223
vn 0.6437 -0.7610 0.0804
vn 0.9308 -0.3526 0.0962
vn 0.9598 -0.2804 -0.0134
vn -0.4493 0.5072 -0.7355
vn 0.5484 0.3483 0.7602
vn 0.0172 0.1237 0.9922
vn -0.9582 0.2825 0.0446
vn -0.9949 0.0978 -0.0260
vn -0.6426 -0.7620 0.0806
vn -0.1544 0.9839 -0.0896
vn -0.2265 0.9731 -0.0432
vn 0.6493 0.2990 0.6993
vn -0.0244 0.9996 -0.0168
vn -0.1981 0.9649 -0.1723
vn 0.3450 0.3303 -0.8786
vn -0.7723 0.6295 -0.0860
s 0
usemtl rim_red
f 1//1 2//1 3//1
f 1//2 3//2 4//2
f 4//2 3//2 5//2
f 4//3 5//3 6//3
f 6//3 5//3 7//3
f 1//4 4//4 8//4
f 6//5 7//5 9//5
f 9//5 7//5 10//5
f 4//6 6//6 11//6
f 8//7 4//7 11//7
f 6//8 9//8 12//8
f 11//9 6//9 12//9
f 9//10 10//10 13//10
f 13//10 10//10 14//10
f 12//11 9//11 15//11
f 9//12 13//12 15//12
f 13//13 14//13 16//13
f 16//13 14//13 17//13
f 15//14 13//14 18//14
f 13//15 16//15 18//15
f 16//16 17//16 19//16
f 19//16 17//16 20//16
f 18//17 16//17 21//17
f 16//18 19//18 21//18
f 19//19 20//19 22//19
f 22//19 20//19 23//19
f 21//20 19//20 24//20
f 19//21 22//21 24//21
f 22//22 23//22 25//22
f 25//22 23//22 26//22
f 24//23 22//23 27//23
f 22//24 25//24 27//24
f 25//25 26//25 28//25
f 28//25 26//25 29//25
f 27//26 25//26 30//26
f 25//27 28//27 30//27
f 28//28 29//28 31//28
f 31//28 29//28 32//28
f 30//29 28//29 33//29
f 28//30 31//30 33//30
f 31//31 32//31 34//31
f 34//31 32//31 35//31
f 33//32 31//32 36//32
f 31//33 34//33 36//33
f 34//34 35//34 37//34
f 37//34 35//34 38//34
f 36//35 34//35 39//35
f 34//36 37//36 39//36
f 37//37 38//37 40//37
f 40//37 38//37 41//37
f 39//38 37//38 42//38
f 37//39 40//39 42//39
f 40//40 41//40 43//40
f 43//40 41//40 44//40
f 42//41 40//41 45//41
f 40//42 43//42 45//42
f 43//43 44//43 46//43
f 46//43 44//43 47//43
f 45//44 43//44 48//44
f 43//45 46//45 48//45
f 42//46 45//46 49//46
f 46//47 50//47 51//47
f 51//47 47//47 52//47
f 48//48 46//48 53//48
f 46//49 51//49 53//49
f 45//50 48//50 54//50
f 49//46 45//46 54//46
f 51//51 52//51 55//51
f 55//51 52//51 56//51
f 53//52 51//52 57//52
f 51//53 55//53 57//53
f 48//54 53//54 58//54
f 54//50 48//50 58//50
f 55//55 56//55 59//55
f 59//55 56//55 60//55
f 57//56 55//56 61//56
f 55//57 59//57 61//57
f 53//58 57//58 62//58
f 58//54 53//54 62//54
f 59//59 60//59 63//59
f 63//59 60//59 64//59
f 61//60 59//60 65//60
f 59//61 63//61 65//61
f 57//62 61//62 66//62
f 62//58 57//58 66//58
f 63//63 64//63 67//63
f 67//63 64//63 68//63
f 65//64 63//64 69//64
f 63//65 67//65 69//65
f 61//66 65//66 70//66
f 66//62 61//62 70//62
f 67//67 68//67 71//67
f 71//67 68//67 72//67
f 69//68 67//68 73//68
f 67//69 71//69 73//69
f 65//70 69//70 74//70
f 70//66 65//66 74//66
f 71//71 72//71 75//71
f 75//71 72//71 76//71
f 73//72 71//72 77//72
f 71//73 75//73 77//73
f 69//74 73//74 78//74
f 74//70 69//70 78//70
f 75//75 76//75 79//75
f 79//75 76//75 80//75
f 77//76 75//76 81//76
f 75//77 79//77 81//77
f 73//78 77//78 82//78
f 78//74 73//74 82//74
f 79//79 80//79 83//79
f 83//79 80//79 84//79
f 81//80 79//80 85//80
f 79//81 83//81 85//81
f 77//82 81//82 86//82
f 82//78 77//78 86//78
f 83//83 84//83 87//83
f 87//83 84//83 88//83
f 85//84 83//84 89//84
f 83//85 87//85 89//85
f 81//86 85//86 90//86
f 86//82 81//82 90//82
f 87//87 88//87 91//87
f 91//87 88//87 92//87
f 89//88 87//88 93//88
f 87//89 91//89 93//89
f 85//90 89//90 94//90
f 90//86 85//86 94//86
f 91//91 92//91 95//91
f 95//91 92//91 96//91
f 93//92 91//92 97//92
f 91//93 95//93 97//93
f 89//94 93//94 98//94
f 94//90 89//90 98//90
f 95//95 96//95 99//95
f 99//95 96//95 100//95
f 97//96 95//96 101//96
f 99//97 101//97 95//97
f 93//98 97//98 102//98
f 98//94 93//94 102//94
f 99//99 100//99 103//99
f 103//99 100//99 104//99
f 105//100 101//100 99//100
f 99//101 103//101 105//101
f 97//102 101//102 106//102
f 102//98 97//98 106//98
f 103//103 104//103 107//103
f 107//103 104//103 108//103
f 105//104 103//104 109//104
f 103//105 107//105 109//105
f 101//106 105//106 110//106
f 106//102 101//102 110//102
f 107//107 108//107 111//107
f 111//107 108//107 112//107
f 111//1 112//1 1//1
f 107//108 111//108 113//108
f 109//109 107//109 113//109
f 111//110 1//110 114//110
f 113//111 111//111 114//111
f 114//112 1//112 8//112
f 105//113 109//113 115//113
f 110//106 105//106 115//106
f 109//114 113//114 116//114
f 115//113 109//113 116//113
f 113//115 114//115 117//115
f 116//114 113//114 117//114
f 114//116 8//116 118//116
f 117//115 114//115 118//115
f 115//117 119//117 110//117
f 115//118 116//118 120//118
f 120//119 119//119 115//119
f 121//120 110//120 119//120
f 121//121 119//121 120//121
f 106//122 110//122 121//122
f 120//123 116//123 122//123
f 120//121 122//121 121//121
f 116//124 117//124 122//124
f 123//125 106//125 121//125
f 121//121 122//121 123//121
f 102//126 106//126 123//126
f 122//127 117//127 124//127
f 122//121 124//121 123//121
f 117//128 118//128 124//128
f 125//129 102//129 123//129
f 123//121 124//121 125//121
f 98//130 102//130 125//130
f 124//128 118//128 126//128
f 124//121 126//121 125//121
f 127//131 98//131 125//131
f 125//121 126//121 127//121
f 94//131 98//131 127//131
f 118//132 128//132 126//132
f 118//116 8//116 128//116
f 8//133 11//133 128//133
f 126//121 129//121 127//121
f 126//132 128//132 129//132
f 130//134 94//134 127//134
f 127//121 129//121 130//121
f 90//134 94//134 130//134
f 128//133 11//133 131//133
f 128//135 131//135 129//135
f 11//136 12//136 131//136
f 132//137 90//137 130//137
f 86//137 90//137 132//137
f 129//121 133//121 130//121
f 130//121 133//121 132//121
f 129//138 131//138 133//138
f 134//139 86//139 132//139
f 133//121 134//121 132//121
f 82//139 86//139 134//139
f 131//136 12//136 135//136
f 131//140 135//140 133//140
f 12//141 15//141 135//141
f 136//121 134//121 133//121
f 133//140 135//140 136//140
f 137//142 82//142 134//142
f 134//121 136//121 137//121
f 78//142 82//142 137//142
f 135//141 15//141 138//141
f 135//143 138//143 136//143
f 15//144 18//144 138//144
f 137//121 136//121 139//121
f 136//145 138//145 139//145
f 140//146 78//146 137//146
f 139//121 140//121 137//121
f 74//146 78//146 140//146
f 138//144 18//144 141//144
f 138//147 141//147 139//147
f 18//148 21//148 141//148
f 142//121 140//121 139//121
f 139//149 141//149 142//149
f 143//150 74//150 140//150
f 142//121 143//121 140//121
f 70//150 74//150 143//150
f 141//148 21//148 144//148
f 141//151 144//151 142//151
f 21//152 24//152 144//152
f 145//121 143//121 142//121
f 142//151 144//151 145//151
f 146//153 70//153 143//153
f 145//121 146//121 143//121
f 66//153 70//153 146//153
f 144//152 24//152 147//152
f 144//154 147//154 145//154
f 24//155 27//155 147//155
f 148//121 146//121 145//121
f 145//156 147//156 148//156
f 149//157 66//157 146//157
f 148//121 149//121 146//121
f 62//157 66//157 149//157
f 147//155 27//155 150//155
f 147//158 150//158 148//158
f 27//159 30//159 150//159
f 151//121 149//121 148//121
f 148//160 150//160 151//160
f 152//161 62//161 149//161
f 151//121 152//121 149//121
f 58//161 62//161 152//161
f 150//159 30//159 153//159
f 150//162 153//162 151//162
f 30//163 33//163 153//163
f 154//121 152//121 151//121
f 151//162 153//162 154//162
f 155//164 58//164 152//164
f 154//121 155//121 152//121
f 54//164 58//164 155//164
f 153//163 33//163 156//163
f 153//165 156//165 154//165
f 33//166 36//166 156//166
f 154//165 156//165 157//165
f 157//121 155//121 154//121
f 156//166 36//166 158//166
f 156//167 158//167 157//167
f 36//168 39//168 158//168
f 157//121 159//121 155//121
f 157//167 158//167 159//167
f 160//169 54//169 155//169
f 155//121 159//121 160//121
f 49//169 54//169 160//169
f 158//168 39//168 161//168
f 158//170 161//170 159//170
f 39//171 42//171 161//171
f 161//171 42//171 49//171
f 159//121 162//121 160//121
f 159//170 161//170 162//170
f 162//172 49//172 160//172
f 161//172 49//172 162//172
f 163//173 164//173 165//173
f 165//174 166//174 163//174
f 163//175 166//175 167//175
f 165//176 164//176 168//176
f 169//177 168//177 164//177
f 170//178 166//178 165//178
f 165//178 168//178 170//178
f 166//179 171//179 167//179
f 167//179 171//179 172//179
f 173//180 168//180 169//180
f 174//181 173//181 169//181
f 171//182 175//182 172//182
f 172//183 175//183 176//183
f 177//178 171//178 166//178
f 177//178 166//178 170//178
f 178//178 175//178 171//178
f 178//178 171//178 177//178
f 175//184 179//184 176//184
f 176//185 179//185 180//185
f 181//178 175//178 178//178
f 181//178 179//178 175//178
f 179//186 182//186 180//186
f 180//187 182//187 183//187
f 184//178 179//178 181//178
f 184//178 182//178 179//178
f 182//188 185//188 183//188
f 183//189 185//189 186//189
f 187//178 182//178 184//178
f 187//178 185//178 182//178
f 185//190 188//190 186//190
f 186//191 188//191 189//191
f 190//178 185//178 187//178
f 190//178 188//178 185//178
f 188//192 191//192 189//192
f 189//193 191//193 192//193
f 193//178 188//178 190//178
f 193//178 191//178 188//178
f 191//194 194//194 192//194
f 192//195 194//195 195//195
f 196//178 191//178 193//178
f 196//178 194//178 191//178
f 194//196 197//196 195//196
f 195//197 197//197 198//197
f 199//178 194//178 196//178
f 199//178 197//178 194//178
f 197//198 200//198 198//198
f 198//199 200//199 201//199
f 202//178 197//178 199//178
f 202//178 200//178 197//178
f 200//200 203//200 201//200
f 201//201 203//201 204//201
f 205//178 200//178 202//178
f 205//178 203//178 200//178
f 203//202 206//202 204//202
f 204//203 206//203 207//203
f 208//178 203//178 205//178
f 208//178 206//178 203//178
f 206//204 209//204 207//204
f 207//205 209//205 210//205
f 211//178 206//178 208//178
f 211//178 209//178 206//178
f 209//206 212//206 210//206
f 210//207 212//207 213//207
f 214//178 209//178 211//178
f 214//178 212//178 209//178
f 212//208 215//208 213//208
f 213//209 215//209 216//209
f 217//178 212//178 214//178
f 217//178 215//178 212//178
f 215//210 218//210 216//210
f 216//211 218//211 219//211
f 220//178 215//178 217//178
f 220//178 218//178 215//178
f 218//212 221//212 219//212
f 219//213 221//213 222//213
f 223//178 218//178 220//178
f 223//178 221//178 218//178
f 221//214 224//214 222//214
f 222//214 224//214 225//214
f 226//178 221//178 223//178
f 226//178 224//178 221//178
f 224//215 227//215 225//215
f 225//216 227//216 228//216
f 229//178 224//178 226//178
f 229//178 227//178 224//178
f 227//217 230//217 228//217
f 228//218 230//218 231//218
f 232//178 227//178 229//178
f 232//178 230//178 227//178
f 230//219 233//219 231//219
f 231//220 233//220 234//220
f 235//178 230//178 232//178
f 235//178 233//178 230//178
f 233//221 236//221 234//221
f 234//222 236//222 237//222
f 238//178 233//178 235//178
f 238//178 236//178 233//178
f 236//223 239//223 237//223
f 237//224 239//224 240//224
f 241//178 236//178 238//178
f 241//178 239//178 236//178
f 239//225 242//225 240//225
f 240//226 242//226 243//226
f 244//178 239//178 241//178
f 244//178 242//178 239//178
f 242//227 245//227 243//227
f 243//228 245//228 246//228
f 247//178 242//178 244//178
f 247//178 245//178 242//178
f 245//229 248//229 246//229
f 246//230 248//230 249//230
f 250//178 245//178 247//178
f 250//178 248//178 245//178
f 248//231 251//231 249//231
f 249//232 251//232 252//232
f 253//178 248//178 250//178
f 253//178 251//178 248//178
f 251//233 254//233 252//233
f 252//234 254//234 174//234
f 254//235 173//235 174//235
f 255//178 251//178 253//178
f 255//178 254//178 251//178
f 256//178 173//178 254//178
f 256//178 254//178 255//178
f 257//178 173//178 256//178
f 257//178 168//178 173//178
f 255//236 258//236 256//236
f 259//178 168//178 257//178
f 170//178 168//178 259//178
f 256//237 260//237 257//237
f 258//238 260//238 256//238
f 257//239 261//239 259//239
f 260//240 261//240 257//240
f 170//241 259//241 262//241
f 262//242 259//242 261//242
f 262//243 263//243 170//243
f 170//244 263//244 177//244
f 262//34 261//34 264//34
f 264//37 263//37 262//37
f 263//245 265//245 177//245
f 177//213 265//213 178//213
f 266//37 263//37 264//37
f 266//40 265//40 263//40
f 265//246 267//246 178//246
f 178//247 267//247 181//247
f 268//40 265//40 266//40
f 268//43 267//43 265//43
f 267//248 269//248 181//248
f 181//249 269//249 184//249
f 270//43 267//43 268//43
f 270//47 269//47 267//47
f 269//250 271//250 184//250
f 184//251 271//251 187//251
f 272//47 269//47 270//47
f 272//51 271//51 269//51
f 271//252 273//252 187//252
f 187//253 273//253 190//253
f 274//51 271//51 272//51
f 274//254 273//254 271//254
f 273//255 275//255 190//255
f 190//256 275//256 193//256
f 276//254 273//254 274//254
f 276//59 275//59 273//59
f 275//257 277//257 193//257
f 193//258 277//258 196//258
f 278//59 275//59 276//59
f 278//63 277//63 275//63
f 277//259 279//259 196//259
f 196//260 279//260 199//260
f 280//63 277//63 278//63
f 280//67 279//67 277//67
f 279//228 281//228 199//228
f 199//261 281//261 202//261
f 282//67 279//67 280//67
f 282//71 281//71 279//71
f 281//262 283//262 202//262
f 202//263 283//263 205//263
f 284//71 281//71 282//71
f 284//75 283//75 281//75
f 283//264 285//264 205//264
f 205//265 285//265 208//265
f 286//75 283//75 284//75
f 286//79 285//79 283//79
f 285//266 287//266 208//266
f 208//267 287//267 211//267
f 288//79 285//79 286//79
f 288//83 287//83 285//83
f 287//268 289//268 211//268
f 211//269 289//269 214//269
f 290//83 287//83 288//83
f 290//87 289//87 287//87
f 289//270 291//270 214//270
f 214//271 291//271 217//271
f 292//87 289//87 290//87
f 292//272 291//272 289//272
f 291//273 293//273 217//273
f 217//274 293//274 220//274
f 294//272 291//272 292//272
f 294//275 293//275 291//275
f 293//276 295//276 220//276
f 220//277 295//277 223//277
f 296//275 293//275 294//275
f 296//99 295//99 293//99
f 295//278 297//278 223//278
f 223//179 297//179 226//179
f 298//99 295//99 296//99
f 298//103 297//103 295//103
f 297//279 299//279 226//279
f 226//279 299//279 229//279
f 300//103 297//103 298//103
f 300//107 299//107 297//107
f 299//280 301//280 229//280
f 229//280 301//280 232//280
f 302//107 299//107 300//107
f 302//1 301//1 299//1
f 301//281 303//281 232//281
f 232//282 303//282 235//282
f 304//1 301//1 302//1
f 304//2 303//2 301//2
f 303//283 305//283 235//283
f 235//283 305//283 238//283
f 306//2 303//2 304//2
f 306//3 305//3 303//3
f 305//284 307//284 238//284
f 238//285 307//285 241//285
f 308//3 305//3 306//3
f 308//5 307//5 305//5
f 307//286 309//286 241//286
f 241//287 309//287 244//287
f 310//5 307//5 308//5
f 310//10 309//10 307//10
f 309//288 311//288 244//288
f 244//289 311//289 247//289
f 312//10 309//10 310//10
f 312//13 311//13 309//13
f 311//290 313//290 247//290
f 247//291 313//291 250//291
f 314//13 311//13 312//13
f 314//16 313//16 311//16
f 313//292 315//292 250//292
f 250//293 315//293 253//293
f 316//16 313//16 314//16
f 316//19 315//19 313//19
f 315//294 317//294 253//294
f 253//295 317//295 255//295
f 317//296 258//296 255//296
f 318//19 315//19 316//19
f 318//22 317//22 315//22
f 319//25 258//25 317//25
f 319//22 317//22 318//22
f 320//25 258//25 319//25
f 320//297 260//297 258//297
f 318//298 321//298 319//298
f 322//297 260//297 320//297
f 322//299 261//299 260//299
f 319//300 323//300 320//300
f 321//301 323//301 319//301
f 324//299 261//299 322//299
f 264//34 261//34 324//34
f 320//302 325//302 322//302
f 323//303 325//303 320//303
f 322//304 326//304 324//304
f 325//305 326//305 322//305
f 264//306 324//306 327//306
f 327//307 324//307 326//307
f 327//308 328//308 264//308
f 264//309 328//309 266//309
f 327//310 326//310 329//310
f 329//311 328//311 327//311
f 328//312 330//312 266//312
f 266//313 330//313 268//313
f 331//314 328//314 329//314
f 331//315 330//315 328//315
f 330//316 332//316 268//316
f 268//317 332//317 270//317
f 333//318 330//318 331//318
f 333//319 332//319 330//319
f 332//320 334//320 270//320
f 270//321 334//321 272//321
f 335//319 332//319 333//319
f 335//322 334//322 332//322
f 334//323 336//323 272//323
f 272//324 336//324 274//324
f 337//325 334//325 335//325
f 337//326 336//326 334//326
f 336//327 338//327 274//327
f 274//328 338//328 276//328
f 339//329 336//329 337//329
f 339//330 338//330 336//330
f 338//331 340//331 276//331
f 276//332 340//332 278//332
f 341//333 338//333 339//333
f 341//334 340//334 338//334
f 340//335 342//335 278//335
f 278//336 342//336 280//336
f 343//334 340//334 341//334
f 343//337 342//337 340//337
f 342//338 344//338 280//338
f 280//339 344//339 282//339
f 345//340 342//340 343//340
f 345//341 344//341 342//341
f 344//342 346//342 282//342
f 282//343 346//343 284//343
f 347//344 344//344 345//344
f 347//345 346//345 344//345
f 346//346 348//346 284//346
f 284//347 348//347 286//347
f 349//348 346//348 347//348
f 349//349 348//349 346//349
f 348//350 350//350 286//350
f 286//351 350//351 288//351
f 351//349 348//349 349//349
f 351//352 350//352 348//352
f 350//353 352//353 288//353
f 288//354 352//354 290//354
f 353//352 350//352 351//352
f 353//355 352//355 350//355
f 352//356 354//356 290//356
f 290//356 354//356 292//356
f 355//355 352//355 353//355
f 355//357 354//357 352//357
f 354//358 356//358 292//358
f 292//358 356//358 294//358
f 357//357 354//357 355//357
f 357//359 356//359 354//359
f 356//360 358//360 294//360
f 294//360 358//360 296//360
f 359//359 356//359 357//359
f 359//361 358//361 356//361
f 355//362 360//362 357//362
f 358//363 361//363 296//363
f 296//364 361//364 298//364
f 360//365 362//365 357//365
f 357//365 362//365 359//365
f 363//362 360//362 355//362
f 353//366 363//366 355//366
f 364//178 362//178 360//178
f 362//367 364//367 359//367
f 363//178 364//178 360//178
f 365//361 358//361 359//361
f 359//367 364//367 365//367
f 365//368 361//368 358//368
f 366//178 364//178 363//178
f 364//369 366//369 365//369
f 367//366 363//366 353//366
f 363//178 367//178 366//178
f 351//370 367//370 353//370
f 365//369 366//369 368//369
f 368//368 361//368 365//368
f 366//178 367//178 369//178
f 366//371 369//371 368//371
f 370//370 367//370 351//370
f 367//178 370//178 369//178
f 349//372 370//372 351//372
f 368//373 371//373 361//373
f 361//374 371//374 298//374
f 298//375 371//375 300//375
f 368//371 369//371 372//371
f 372//373 371//373 368//373
f 371//376 373//376 300//376
f 372//377 373//377 371//377
f 300//378 373//378 302//378
f 369//379 374//379 372//379
f 369//178 370//178 374//178
f 375//380 373//380 372//380
f 372//379 374//379 375//379
f 373//381 376//381 302//381
f 375//382 376//382 373//382
f 302//383 376//383 304//383
f 377//384 370//384 349//384
f 370//178 377//178 374//178
f 347//385 377//385 349//385
f 374//386 378//386 375//386
f 374//178 377//178 378//178
f 379//382 376//382 375//382
f 375//386 378//386 379//386
f 376//387 380//387 304//387
f 379//388 380//388 376//388
f 304//389 380//389 306//389
f 378//390 381//390 379//390
f 377//178 381//178 378//178
f 382//388 380//388 379//388
f 379//390 381//390 382//390
f 380//391 383//391 306//391
f 382//392 383//392 380//392
f 306//393 383//393 308//393
f 384//394 377//394 347//394
f 384//178 381//178 377//178
f 345//395 384//395 347//395
f 381//396 385//396 382//396
f 384//178 385//178 381//178
f 386//397 384//397 345//397
f 386//178 385//178 384//178
f 343//398 386//398 345//398
f 382//396 385//396 387//396
f 387//392 383//392 382//392
f 385//178 386//178 388//178
f 385//399 388//399 387//399
f 389//400 386//400 343//400
f 388//178 386//178 389//178
f 341//401 389//401 343//401
f 383//402 390//402 308//402
f 387//403 390//403 383//403
f 308//404 390//404 310//404
f 387//399 388//399 391//399
f 391//403 390//403 387//403
f 390//405 392//405 310//405
f 391//406 392//406 390//406
f 310//407 392//407 312//407
f 388//408 393//408 391//408
f 389//178 393//178 388//178
f 394//406 392//406 391//406
f 391//408 393//408 394//408
f 392//409 395//409 312//409
f 394//410 395//410 392//410
f 312//409 395//409 314//409
f 396//411 389//411 341//411
f 396//178 393//178 389//178
f 339//412 396//412 341//412
f 393//413 397//413 394//413
f 396//178 397//178 393//178
f 398//414 396//414 339//414
f 398//178 397//178 396//178
f 337//415 398//415 339//415
f 394//413 397//413 399//413
f 399//410 395//410 394//410
f 398//178 400//178 397//178
f 397//416 400//416 399//416
f 401//417 398//417 337//417
f 401//178 400//178 398//178
f 335//418 401//418 337//418
f 395//419 402//419 314//419
f 399//420 402//420 395//420
f 314//421 402//421 316//421
f 399//416 400//416 403//416
f 403//420 402//420 399//420
f 402//422 404//422 316//422
f 403//423 404//423 402//423
f 316//424 404//424 318//424
f 404//425 321//425 318//425
f 400//426 405//426 403//426
f 401//178 405//178 400//178
f 406//427 404//427 403//427
f 406//428 321//428 404//428
f 403//426 405//426 406//426
f 407//429 401//429 335//429
f 407//178 405//178 401//178
f 333//430 407//430 335//430
f 405//431 408//431 406//431
f 407//178 408//178 405//178
f 409//428 321//428 406//428
f 406//432 408//432 409//432
f 409//433 323//433 321//433
f 410//430 407//430 333//430
f 410//178 408//178 407//178
f 331//434 410//434 333//434
f 408//435 411//435 409//435
f 410//178 411//178 408//178
f 412//436 323//436 409//436
f 409//437 411//437 412//437
f 412//438 325//438 323//438
f 413//439 410//439 331//439
f 413//178 411//178 410//178
f 329//440 413//440 331//440
f 411//441 414//441 412//441
f 413//178 414//178 411//178
f 415//442 325//442 412//442
f 412//443 414//443 415//443
f 415//444 326//444 325//444
f 416//178 414//178 413//178
f 416//445 413//445 329//445
f 414//446 417//446 415//446
f 416//178 417//178 414//178
f 418//444 326//444 415//444
f 415//446 417//446 418//446
f 329//310 326//310 418//310
f 416//447 418//447 417//447
f 329//447 418//447 416//447
usemtl tyre
f 419//448 420//448 421//448
f 422//449 423//449 424//449
f 425//450 426//450 427//450
f 428//451 429//451 430//451
f 431//452 432//452 433//452
f 434//453 435//453 436//453
f 437//454 438//454 439//454
f 440//455 441//455 442//455
f 443//456 444//456 445//456
f 446//457 447//457 448//457
f 449//458 450//458 451//458
f 452//459 453//459 454//459
f 455//460 456//460 457//460
f 458//461 459//461 460//461
f 461//462 462//462 463//462
f 464//463 465//463 466//463
f 467//464 468//464 469//464
f 470//465 471//465 472//465
f 473//466 474//466 475//466
f 476//467 477//467 478//467
f 479//468 480//468 481//468
f 482//469 483//469 484//469
f 485//470 486//470 487//470
f 488//471 489//471 490//471
f 491//472 492//472 493//472
f 494//473 495//473 496//473
f 497//474 498//474 499//474
f 500//475 501//475 502//475
f 503//476 504//476 505//476
f 506//477 507//477 508//477
f 509//478 510//478 511//478
f 512//479 513//479 514//479
f 515//480 516//480 517//480
f 518//481 519//481 520//481
f 521//482 522//482 523//482
f 524//483 525//483 526//483
f 527//484 528//484 529//484
f 530//485 531//485 532//485
f 533//486 534//486 535//486
f 536//487 537//487 538//487
f 539//488 540//488 541//488
f 542//489 543//489 544//489
f 545//490 546//490 547//490
f 548//491 549//491 550//491
f 551//492 552//492 553//492
f 554//493 555//493 556//493
f 557//494 558//494 559//494
f 560//495 561//495 562//495
f 563//496 564//496 565//496
f 566//497 567//497 568//497
f 569//498 570//498 571//498
f 572//499 573//499 574//499
f 575//500 576//500 577//500
f 578//501 579//501 580//501
f 581//502 582//502 583//502
f 584//503 585//503 586//503
f 587//504 588//504 589//504
f 590//505 591//505 592//505
f 593//506 594//506 595//506
f 596//507 597//507 598//507
f 599//508 600//508 601//508
f 602//509 603//509 604//509
f 605//510 606//510 607//510
f 608//511 609//511 610//511
f 611//512 612//512 613//512
f 614//513 615//513 616//513
f 617//514 618//514 619//514
f 620//515 621//515 622//515
f 623//516 624//516 625//516
f 626//517 627//517 628//517
f 629//518 630//518 631//518
f 632//519 633//519 634//519
f 635//520 636//520 637//520
f 638//521 639//521 640//521
f 641//522 642//522 643//522
f 644//523 645//523 646//523
f 647//524 648//524 649//524
f 650//525 651//525 652//525
f 653//526 654//526 655//526
f 656//527 657//527 658//527
f 659//528 660//528 661//528
f 662//529 663//529 664//529
f 665//530 666//530 667//530
f 668//531 669//531 670//531
f 452//532 671//532 672//532
f 673//533 674//533 675//533
f 676//534 677//534 678//534
f 679//535 680//535 681//535
f 682//536 683//536 684//536
f 685//537 686//537 687//537
f 688//538 689//538 690//538
f 691//539 692//539 693//539
f 694//540 695//540 696//540
f 697//541 698//541 699//541
f 700//542 701//542 702//542
f 703//543 704//543 705//543
f 706//544 707//544 708//544
f 709//545 710//545 711//545
f 712//546 713//546 714//546
f 715//547 716//547 717//547
f 718//548 719//548 720//548
f 721//549 722//549 723//549
f 724//550 725//550 726//550
f 727//551 728//551 729//551
f 730//552 731//552 732//552
f 733//553 734//553 735//553
f 736//554 737//554 738//554
f 739//555 740//555 741//555
f 742//556 743//556 744//556
f 745//557 746//557 747//557
f 748//558 749//558 750//558
f 751//559 752//559 753//559
f 754//560 755//560 756//560
f 757//561 758//561 759//561
f 760//562 761//562 762//562
f 763//563 764//563 765//563
f 766//564 767//564 768//564
f 769//565 770//565 771//565
f 772//566 773//566 774//566
f 775//567 776//567 777//567
f 778//568 779//568 780//568
f 781//569 782//569 783//569
f 784//570 785//570 786//570
f 787//571 788//571 789//571
f 790//572 791//572 792//572
f 793//573 794//573 795//573
f 796//574 797//574 798//574
f 799//575 800//575 801//575
f 802//576 803//576 804//576
f 805//577 806//577 807//577
f 808//578 809//578 810//578
f 811//579 812//579 813//579
f 814//580 815//580 579//580
f 816//581 817//581 585//581
f 818//582 819//582 594//582
f 820//583 596//583 821//583
f 822//584 599//584 823//584
f 824//585 602//585 825//585
f 826//586 606//586 827//586
f 828//587 829//587 830//587
f 626//588 831//588 832//588
f 632//589 833//589 834//589
f 419//590 421//590 835//590
f 836//591 837//591 424//591
f 838//592 839//592 423//592
f 840//593 841//593 426//593
f 842//594 430//594 843//594
f 844//595 845//595 427//595
f 846//596 847//596 848//596
f 849//597 850//597 851//597
f 852//598 853//598 438//598
f 854//599 441//599 855//599
f 856//600 857//600 444//600
f 858//601 859//601 860//601
f 861//602 447//602 862//602
f 863//603 864//603 456//603
f 865//604 671//604 866//604
f 867//605 868//605 869//605
f 870//606 462//606 871//606
f 872//607 873//607 459//607
f 874//608 875//608 472//608
f 876//609 877//609 471//609
f 878//610 879//610 480//610
f 880//611 881//611 882//611
f 883//612 884//612 616//612
f 885//613 886//613 483//613
f 887//614 888//614 484//614
f 889//615 890//615 891//615
f 892//616 487//616 893//616
f 894//617 895//617 493//617
f 896//618 897//618 492//618
f 898//619 899//619 587//619
f 900//620 499//620 901//620
f 902//621 507//621 903//621
f 904//622 905//622 501//622
f 906//623 907//623 514//623
f 908//624 909//624 513//624
f 910//625 911//625 519//625
f 912//626 913//626 520//626
f 521//627 523//627 914//627
f 915//628 916//628 917//628
f 622//629 918//629 919//629
f 920//630 921//630 525//630
f 922//631 923//631 582//631
f 924//632 925//632 531//632
f 926//633 534//633 927//633
f 928//634 929//634 544//634
f 930//635 931//635 543//635
f 548//636 779//636 932//636
f 933//637 934//637 552//637
f 935//638 936//638 556//638
f 937//639 938//639 555//639
f 939//640 940//640 564//640
f 566//641 800//641 941//641
f 942//642 576//642 943//642
f 944//643 945//643 573//643
f 946//644 947//644 948//644
f 949//645 950//645 951//645
f 952//646 664//646 953//646
f 954//647 955//647 956//647
f 957//648 696//648 958//648
f 959//649 477//649 960//649
f 961//650 708//650 962//650
f 963//651 729//651 964//651
f 965//652 966//652 967//652
f 968//653 747//653 969//653
f 527//654 970//654 528//654
f 971//655 765//655 972//655
f 973//656 974//656 975//656
f 976//657 792//657 977//657
f 978//658 979//658 796//658
f 980//659 798//659 981//659
f 982//660 810//660 983//660
f 984//661 669//661 985//661
f 986//662 719//662 987//662
f 625//663 988//663 989//663
f 629//664 990//664 991//664
f 992//665 605//665 642//665
f 645//666 947//666 993//666
f 994//667 429//667 995//667
f 996//668 997//668 998//668
f 999//669 1000//669 1001//669
f 431//670 428//670 432//670
f 1002//671 435//671 1003//671
f 1004//672 436//672 656//672
f 451//673 450//673 1005//673
f 1006//674 1007//674 1008//674
f 680//675 453//675 1009//675
f 1010//676 466//676 685//676
f 1011//677 465//677 1012//677
f 1013//678 611//678 689//678
f 1014//679 1015//679 1016//679
f 469//680 468//680 1017//680
f 1018//681 1019//681 1020//681
f 473//682 467//682 474//682
f 1021//683 881//683 1022//683
f 476//684 704//684 703//684
f 705//685 1023//685 481//685
f 1024//686 959//686 706//686
f 488//687 486//687 485//687
f 1025//688 1026//688 1027//688
f 1028//689 1029//689 592//689
f 494//690 497//690 495//690
f 1030//691 498//691 1031//691
f 1032//692 504//692 1033//692
f 1034//693 505//693 727//693
f 1035//694 617//694 731//694
f 1036//695 589//695 740//695
f 1037//696 1038//696 1039//696
f 1040//697 511//697 736//697
f 1041//698 510//698 1042//698
f 1043//699 1044//699 1045//699
f 830//700 618//700 1046//700
f 515//701 509//701 516//701
f 1047//702 811//702 745//702
f 1048//703 812//703 1049//703
f 1050//704 1051//704 586//704
f 1052//705 1053//705 756//705
f 916//706 1054//706 526//706
f 1055//707 970//707 1056//707
f 1057//708 538//708 763//708
f 533//709 537//709 536//709
f 539//710 545//710 540//710
f 1058//711 1059//711 583//711
f 1060//712 547//712 769//712
f 1061//713 546//713 1062//713
f 776//714 549//714 1063//714
f 832//715 1064//715 1065//715
f 1066//716 1067//716 786//716
f 1068//717 559//717 790//717
f 1069//718 558//718 1070//718
f 560//719 557//719 561//719
f 1071//720 567//720 1072//720
f 1073//721 571//721 808//721
f 1074//722 570//722 1075//722
f 578//723 580//723 1076//723
f 1077//724 1078//724 1079//724
f 1080//725 1081//725 1082//725
f 1083//726 1084//726 1085//726
f 1086//727 1087//727 1088//727
f 1089//728 1090//728 1091//728
f 1092//729 1093//729 1094//729
f 1095//730 1096//730 1097//730
f 1098//731 1099//731 1100//731
f 741//732 1101//732 816//732
f 591//733 891//733 1102//733
f 702//734 1103//734 818//734
f 825//735 604//735 654//735
f 1104//736 1105//736 602//736
f 850//737 1106//737 610//737
f 670//738 1107//738 860//738
f 621//739 623//739 1108//739
f 628//740 624//740 1109//740
f 1110//741 1111//741 631//741
f 839//742 1112//742 1113//742
f 1114//743 639//743 638//743
f 1115//744 648//744 647//744
f 433//745 844//745 1116//745
f 650//746 652//746 1117//746
f 646//747 1081//747 636//747
f 843//748 1084//748 651//748
f 853//749 661//749 1118//749
f 437//750 439//750 1119//750
f 1120//751 660//751 659//751
f 949//752 658//752 950//752
f 1121//753 657//753 1122//753
f 440//754 435//754 434//754
f 445//755 444//755 1123//755
f 1124//756 451//756 662//756
f 1125//757 666//757 665//757
f 448//758 861//758 1126//758
f 1127//759 663//759 1128//759
f 823//760 601//760 677//760
f 446//761 450//761 449//761
f 1129//762 674//762 673//762
f 672//763 865//763 1130//763
f 455//764 457//764 1131//764
f 681//765 1087//765 683//765
f 1132//766 453//766 1133//766
f 682//767 684//767 1134//767
f 870//768 871//768 460//768
f 954//769 687//769 955//769
f 1135//770 692//770 691//770
f 985//771 688//771 1136//771
f 821//772 598//772 701//772
f 461//773 464//773 462//773
f 873//774 693//774 1137//774
f 1138//775 686//775 1139//775
f 475//776 874//776 1140//776
f 1141//777 468//777 1142//777
f 1143//778 698//778 697//778
f 1144//779 695//779 1145//779
f 957//780 958//780 1146//780
f 1147//781 469//781 694//781
f 1148//782 707//782 1149//782
f 882//783 612//783 880//783
f 879//784 1150//784 1151//784
f 961//785 962//785 1152//785
f 712//786 714//786 1153//786
f 887//787 489//787 888//787
f 886//788 1154//788 1155//788
f 1156//789 614//789 720//789
f 893//790 1090//790 713//790
f 496//791 894//791 1157//791
f 724//792 726//792 1158//792
f 901//793 1093//793 725//793
f 963//794 964//794 1159//794
f 905//795 1160//795 1161//795
f 902//796 903//796 502//796
f 1162//797 728//797 1163//797
f 1164//798 587//798 1036//798
f 506//799 503//799 507//799
f 517//800 906//800 1165//800
f 965//801 738//801 966//801
f 1166//802 737//802 1167//802
f 911//803 1168//803 1169//803
f 968//804 969//804 1170//804
f 1171//805 1172//805 585//805
f 1173//806 749//806 748//806
f 1174//807 746//807 1175//807
f 527//808 529//808 915//808
f 760//809 762//809 1176//809
f 752//810 970//810 1177//810
f 753//811 1096//811 761//811
f 530//812 532//812 1178//812
f 535//813 926//813 1179//813
f 988//814 1180//814 1181//814
f 1182//815 1183//815 582//815
f 1184//816 764//816 1185//816
f 1186//817 537//817 1187//817
f 541//818 928//818 1188//818
f 1189//819 831//819 626//819
f 973//820 771//820 974//820
f 1190//821 770//821 1191//821
f 778//822 780//822 553//822
f 934//823 783//823 1192//823
f 777//824 1099//824 788//824
f 787//825 789//825 1193//825
f 562//826 935//826 1194//826
f 1195//827 794//827 793//827
f 976//828 977//828 1196//828
f 815//829 1197//829 579//829
f 1198//830 791//830 1199//830
f 940//831 1200//831 1201//831
f 799//832 801//832 565//832
f 1202//833 833//833 632//833
f 1203//834 803//834 802//834
f 980//835 981//835 1204//835
f 1205//836 797//836 1206//836
f 979//837 567//837 1207//837
f 945//838 1208//838 1209//838
f 1210//839 806//839 805//839
f 942//840 943//840 574//840
f 1211//841 809//841 1212//841
f 575//842 569//842 576//842
f 982//843 983//843 1213//843
f 1214//844 1078//844 1215//844
f 1216//845 590//845 898//845
f 593//846 1217//846 594//846
f 596//847 1218//847 869//847
f 599//848 1219//848 848//848
f 607//849 996//849 643//849
f 826//850 849//850 998//850
f 609//851 668//851 859//851
f 986//852 730//852 1027//852
f 828//853 1220//853 622//853
f 419//854 947//854 420//854
f 835//855 836//855 1112//855
f 422//856 424//856 1221//856
f 425//857 427//857 1222//857
f 426//858 841//858 1223//858
f 430//859 429//859 1224//859
f 1000//860 846//860 655//860
f 442//861 441//861 854//861
f 439//862 438//862 1225//862
f 610//863 858//863 851//863
f 1007//864 867//864 678//864
f 857//865 667//865 1126//865
f 443//866 445//866 1226//866
f 456//867 864//867 1227//867
f 452//868 454//868 671//868
f 458//869 460//869 1228//869
f 1013//870 689//870 1229//870
f 613//871 1018//871 690//871
f 466//872 465//872 1230//872
f 471//873 877//873 1231//873
f 470//874 472//874 1232//874
f 476//875 478//875 704//875
f 479//876 481//876 1233//876
f 487//877 486//877 1234//877
f 482//878 484//878 1235//878
f 616//879 1236//879 883//879
f 491//880 493//880 1237//880
f 721//881 723//881 897//881
f 499//882 498//882 1238//882
f 505//883 504//883 1239//883
f 732//552 731//552 619//552
f 500//884 502//884 1240//884
f 908//885 742//885 909//885
f 512//886 514//886 1241//886
f 511//887 510//887 1242//887
f 912//888 523//888 913//888
f 518//889 520//889 1243//889
f 521//890 812//890 522//890
f 918//891 1108//891 989//891
f 920//892 757//892 921//892
f 526//893 525//893 1244//893
f 1051//894 1052//894 1245//894
f 1053//631 923//631 922//631
f 531//895 925//895 1246//895
f 930//896 772//896 931//896
f 544//897 543//897 1247//897
f 547//898 546//898 1248//898
f 1064//899 1249//899 991//899
f 1250//900 784//900 814//900
f 548//901 550//901 779//901
f 551//902 553//902 1251//902
f 1059//903 1066//903 1252//903
f 559//904 558//904 1253//904
f 990//905 1111//905 634//905
f 555//906 938//906 1254//906
f 554//907 556//907 1255//907
f 563//908 565//908 1256//908
f 566//909 568//909 800//909
f 571//910 570//910 1257//910
f 572//911 574//911 1258//911
f 581//912 583//912 785//912
f 584//913 586//913 755//913
f 635//914 637//914 1259//914
f 952//915 953//915 1260//915
f 1261//916 446//916 1262//916
f 1149//917 477//917 1263//917
f 1264//918 716//918 715//918
f 1265//919 488//919 1266//919
f 1100//920 549//920 1267//920
f 1268//921 1269//921 1104//921
f 884//922 718//922 614//922
f 628//923 627//923 1181//923
f 992//924 642//924 1079//924
f 603//925 999//925 604//925
f 836//926 421//926 837//926
f 1270//927 1116//927 649//927
f 844//928 432//928 845//928
f 995//929 431//929 1271//929
f 656//930 436//930 1272//930
f 600//931 1006//931 601//931
f 1003//932 440//932 1273//932
f 1274//933 663//933 1275//933
f 1107//934 984//934 1136//934
f 868//935 597//935 596//935
f 1276//936 1130//936 675//936
f 865//937 866//937 457//937
f 463//938 870//938 1137//938
f 459//939 873//939 1277//939
f 1012//940 461//940 1278//940
f 874//941 474//941 875//941
f 1103//942 819//942 818//942
f 1279//943 1140//943 699//943
f 1142//944 473//944 1280//944
f 878//945 709//945 879//945
f 1281//946 707//946 1282//946
f 882//947 1021//947 1020//947
f 1283//948 1150//948 711//948
f 1284//949 1090//949 1285//949
f 886//950 717//950 1154//950
f 616//951 615//951 1022//951
f 490//952 489//952 887//952
f 890//953 1028//953 1102//953
f 595//954 891//954 591//954
f 894//955 495//955 895//955
f 720//956 1025//956 1156//956
f 899//504 588//504 587//504
f 492//957 897//957 1286//957
f 1031//958 494//958 1287//958
f 905//959 735//959 1160//959
f 1288//960 733//960 904//960
f 1289//961 506//961 508//961
f 906//962 516//962 907//962
f 1290//963 1165//963 744//963
f 830//587 829//587 1045//587
f 513//964 909//964 1291//964
f 1038//965 1101//965 741//965
f 1042//966 515//966 1292//966
f 911//967 750//967 1168//967
f 817//968 1050//968 585//968
f 916//969 529//969 1054//969
f 1293//970 917//970 759//970
f 524//971 526//971 1294//971
f 538//972 537//972 1295//972
f 1296//973 766//973 924//973
f 1297//974 1179//974 768//974
f 533//975 536//975 534//975
f 926//976 927//976 532//976
f 1298//977 1057//977 971//977
f 928//978 540//978 929//978
f 1299//979 1188//979 774//979
f 542//980 544//980 1300//980
f 1062//981 539//981 1301//981
f 552//982 934//982 1302//982
f 932//983 778//983 1192//983
f 1303//984 781//984 933//984
f 1304//985 1099//985 1098//985
f 935//986 561//986 936//986
f 1305//987 1194//987 795//987
f 1070//988 560//988 1306//988
f 940//989 804//989 1200//989
f 833//990 1214//990 834//990
f 945//991 807//991 1208//991
f 1307//992 575//992 577//992
f 1249//993 630//993 629//993
f 1308//994 773//994 772//994
f 1250//995 1309//995 1310//995
f 1269//996 1076//996 1311//996
f 786//997 785//997 1252//997
f 1183//998 754//998 922//998
f 1172//999 739//999 816//999
f 740//1000 589//1000 1039//1000
f 1216//1001 1164//1001 1312//1001
f 592//1002 1029//1002 898//1002
f 702//1003 701//1003 1016//1003
f 869//1004 676//1004 678//1004
f 1218//1005 820//1005 1313//1005
f 822//1006 1219//1006 599//1006
f 824//1007 1268//1007 602//1007
f 607//1008 606//1008 997//1008
f 1229//1009 669//1009 1314//1009
f 1044//1010 1043//1010 619//1010
f 1220//1011 828//1011 1046//1011
f 625//1012 624//1012 1180//1012
f 1110//1013 1315//1013 1202//1013
f 423//1014 839//1014 1113//1014
f 1316//1015 1112//1015 640//1015
f 635//1016 644//1016 646//1016
f 1317//1017 1318//1017 838//1017
f 1319//1018 1082//1018 948//1018
f 642//1019 641//1019 1077//1019
f 1320//1020 636//1020 1081//1020
f 420//1021 947//1021 645//1021
f 840//1022 647//1022 841//1022
f 1321//1023 842//1023 650//1023
f 848//1024 653//1024 655//1024
f 1085//1025 1084//1025 994//1025
f 1322//1026 659//1026 852//1026
f 853//1027 1118//1027 1225//1027
f 1323//1028 1004//1028 949//1028
f 827//1029 850//1029 826//1029
f 1106//1030 1324//1030 608//1030
f 854//1031 855//1031 439//1031
f 1325//1032 657//1032 1121//1032
f 856//1033 665//1033 857//1033
f 1326//1034 1124//1034 1327//1034
f 861//1035 862//1035 445//1035
f 446//1036 449//1036 447//1036
f 1261//1037 1127//1037 1128//1037
f 1328//1038 1087//1038 1086//1038
f 863//1039 673//1039 864//1039
f 1329//1040 679//1040 682//1040
f 1330//1041 1088//1041 1133//1041
f 454//1042 453//1042 680//1042
f 1331//1043 686//1043 1138//1043
f 954//1044 1010//1044 685//1044
f 613//1045 612//1045 1019//1045
f 1332//1046 691//1046 872//1046
f 597//1047 1014//1047 598//1047
f 694//1048 1017//1048 695//1048
f 1333//1049 1334//1049 876//1049
f 1335//1050 1147//1050 957//1050
f 706//1051 959//1051 960//1051
f 1336//1052 1024//1052 961//1052
f 705//1053 704//1053 1023//1053
f 481//1054 480//1054 1151//1054
f 819//1055 889//1055 594//1055
f 1337//1056 1148//1056 1263//1056
f 1338//1057 700//1057 1217//1057
f 712//1058 892//1058 893//1058
f 1339//1059 715//1059 885//1059
f 484//1060 483//1060 1155//1060
f 1265//1061 1089//1061 1091//1061
f 1340//1062 1341//1062 896//1062
f 1342//1063 900//1063 1343//1063
f 1026//1064 719//1064 986//1064
f 1344//1065 496//1065 1157//1065
f 1094//1066 1093//1066 1030//1066
f 727//1067 1239//1067 728//1067
f 1345//1068 1034//1068 1346//1068
f 1347//1069 1035//1069 987//1069
f 502//1070 501//1070 1161//1070
f 1033//1071 1163//1071 1032//1071
f 736//1072 1242//1072 737//1072
f 1348//1073 1040//1073 965//1073
f 745//1074 811//1074 813//1074
f 914//1075 912//1075 1168//1075
f 1349//1076 1350//1076 910//1076
f 520//1077 519//1077 1169//1077
f 1351//1078 1175//1078 1049//1078
f 1352//1079 746//1079 1174//1079
f 1353//1080 1047//1080 1354//1080
f 1177//1081 1055//1081 1096//1081
f 1355//1082 751//1082 760//1082
f 756//1083 755//1083 1245//1083
f 1056//1084 527//1084 1356//1084
f 528//1085 970//1085 752//1085
f 763//1086 1295//1086 764//1086
f 1182//1087 582//1087 581//1087
f 1357//1088 1185//1088 1187//1088
f 1191//1089 770//1089 1061//1089
f 1358//1090 1060//1090 1359//1090
f 1360//1091 1189//1091 1109//1091
f 627//1092 626//1092 1065//1092
f 1361//1093 775//1093 787//1093
f 831//1094 630//1094 832//1094
f 550//1095 549//1095 776//1095
f 1267//1096 548//1096 1362//1096
f 790//1097 1253//1097 791//1097
f 1363//1098 1068//1098 976//1098
f 1364//1099 1365//1099 937//1099
f 1067//580 815//580 814//580
f 1309//1100 579//1100 578//1100
f 796//1101 979//1101 1207//1101
f 1366//1102 1367//1102 939//1102
f 1368//1103 978//1103 980//1103
f 941//1104 799//1104 1200//1104
f 1369//1105 1206//1105 1072//1105
f 834//1106 633//1106 632//1106
f 565//1107 564//1107 1201//1107
f 1370//1108 797//1108 1205//1108
f 1371//1109 805//1109 944//1109
f 1372//1110 809//1110 1211//1110
f 574//1111 573//1111 1209//1111
f 1373//1112 1073//1112 982//1112
f 1075//1113 1212//1113 1074//1113
f 710//1114 1374//1114 711//1114
f 722//1115 1375//1115 723//1115
f 734//1116 1376//1116 735//1116
f 1377//1117 743//1117 742//1117
f 758//1118 1378//1118 759//1118
f 1379//1119 767//1119 766//1119
f 972//1120 765//1120 1380//1120
f 1381//1121 782//1121 781//1121
f 1236//1122 1382//1122 883//1122
f 1383//1123 644//1123 1384//1123
f 993//1124 946//1124 1081//1124
f 1385//1125 1115//1125 1386//1125
f 427//1126 426//1126 1223//1126
f 1387//1127 1084//1127 1083//1127
f 431//1128 429//1128 428//1128
f 843//1129 430//1129 1224//1129
f 436//1130 435//1130 1272//1130
f 1388//1131 442//1131 1118//1131
f 1122//1132 657//1132 1002//1132
f 440//1133 434//1133 441//1133
f 662//1134 451//1134 1005//1134
f 1389//1135 1125//1135 1390//1135
f 610//1136 609//1136 859//1136
f 1391//1137 1126//1137 667//1137
f 1009//1138 1132//1138 1087//1138
f 1392//1139 1129//1139 1393//1139
f 457//1140 456//1140 1227//1140
f 461//1141 465//1141 464//1141
f 689//771 688//771 985//771
f 1394//1142 463//1142 1137//1142
f 460//1143 459//1143 1277//1143
f 956//1144 1395//1144 1396//1144
f 1012//1145 1139//1145 1011//1145
f 697//1146 699//1146 877//1146
f 1397//1147 696//1147 695//1147
f 472//1148 471//1148 1231//1148
f 1142//1149 1145//1149 1141//1149
f 473//1150 468//1150 467//1150
f 1398//1151 1399//1151 878//1151
f 478//1152 477//1152 959//1152
f 1400//1153 892//1153 1401//1153
f 488//1154 485//1154 489//1154
f 1402//1155 1154//1155 717//1155
f 493//1156 492//1156 1286//1156
f 494//1157 498//1157 497//1157
f 1403//1158 1093//1158 1092//1158
f 724//1159 900//1159 901//1159
f 1404//1160 728//1160 1162//1160
f 1405//1161 508//1161 1160//1161
f 506//1162 504//1162 503//1162
f 1167//1163 737//1163 1041//1163
f 1406//1164 1407//1164 908//1164
f 514//1165 513//1165 1291//1165
f 515//1166 510//1166 509//1166
f 522//1167 812//1167 811//1167
f 1408//1168 757//1168 920//1168
f 622//1169 621//1169 1108//1169
f 525//1170 921//1170 1244//1170
f 1409//1171 1096//1171 1095//1171
f 532//1172 531//1172 1246//1172
f 925//1173 768//1173 1179//1173
f 1410//1174 764//1174 1184//1174
f 769//1175 1248//1175 770//1175
f 539//1176 546//1176 545//1176
f 1411//1177 1412//1177 930//1177
f 543//1178 931//1178 1247//1178
f 1413//1179 932//1179 1192//1179
f 553//1180 552//1180 1302//1180
f 1414//1181 1099//1181 1304//1181
f 777//1182 776//1182 1063//1182
f 937//1183 793//1183 938//1183
f 556//1184 555//1184 1254//1184
f 1415//1185 792//1185 791//1185
f 1070//1186 1199//1186 1069//1186
f 560//1187 558//1187 557//1187
f 568//1188 567//1188 979//1188
f 1416//1189 1208//1189 807//1189
f 808//1190 571//1190 1257//1190
f 577//1191 576//1191 942//1191
f 575//1192 570//1192 569//1192
f 1076//1193 580//1193 1417//1193
f 1172//1194 1171//1194 1418//1194
f 678//1195 677//1195 1008//1195
f 617//1196 1419//1196 618//1196
f 1220//1197 1420//1197 620//1197
f 1214//1198 1421//1198 1078//1198
f 639//1199 1422//1199 640//1199
f 1105//509 603//509 602//509
f 655//1200 654//1200 1001//1200
f 648//1201 1423//1201 649//1201
f 652//1202 651//1202 1424//1202
f 846//1203 1425//1203 847//1203
f 950//1204 658//1204 1426//1204
f 660//1205 1427//1205 661//1205
f 953//1206 664//1206 1428//1206
f 674//1207 1429//1207 675//1207
f 684//1208 683//1208 1430//1208
f 1014//1209 1431//1209 1015//1209
f 692//1210 1432//1210 693//1210
f 955//1211 687//1211 1433//1211
f 962//1212 708//1212 1434//1212
f 714//1213 713//1213 1435//1213
f 1436//1214 722//1214 721//1214
f 726//1215 725//1215 1437//1215
f 1037//1216 1438//1216 1038//1216
f 1439//1217 734//1217 733//1217
f 964//1218 729//1218 1440//1218
f 966//1219 738//1219 1441//1219
f 743//1220 1442//1220 744//1220
f 749//1221 1443//1221 750//1221
f 829//1222 828//1222 919//1222
f 969//1223 747//1223 1444//1223
f 762//1224 761//1224 1445//1224
f 974//1225 771//1225 1446//1225
f 773//1226 1447//1226 774//1226
f 923//1227 1058//1227 582//1227
f 782//1228 1448//1228 783//1228
f 789//1229 788//1229 1449//1229
f 794//1230 1450//1230 795//1230
f 803//1231 1451//1231 804//1231
f 981//1232 798//1232 1452//1232
f 983//1233 810//1233 1453//1233
f 1454//1234 1455//1234 1456//1234
f 1457//1235 1458//1235 1459//1235
f 1183//1236 1182//1236 1460//1236
f 1219//1237 822//1237 1461//1237
f 605//1238 992//1238 1462//1238
f 670//1239 669//1239 984//1239
f 611//1240 1013//1240 1463//1240
f 1236//1241 881//1241 880//1241
f 623//1242 1464//1242 624//1242
f 631//1243 630//1243 1465//1243
f 1466//1244 838//1244 423//1244
f 1467//1245 641//1245 643//1245
f 835//1246 421//1246 836//1246
f 1318//1247 1114//1247 638//1247
f 1221//1248 1468//1248 422//1248
f 424//1249 837//1249 1469//1249
f 1470//1250 824//1250 825//1250
f 1471//1251 419//1251 948//1251
f 1117//1252 1472//1252 1321//1252
f 1473//1253 996//1253 998//1253
f 1270//1254 433//1254 1116//1254
f 1222//1255 1474//1255 425//1255
f 1475//1256 654//1256 653//1256
f 999//1257 1476//1257 1000//1257
f 1477//1258 1322//1258 852//1258
f 1478//1259 438//1259 437//1259
f 827//1260 606//1260 1479//1260
f 1480//1261 855//1261 1119//1261
f 951//1262 1481//1262 1323//1262
f 600//1263 1482//1263 1006//1263
f 1483//1264 444//1264 443//1264
f 858//1265 1484//1265 851//1265
f 1485//1266 677//1266 676//1266
f 1007//1267 1486//1267 867//1267
f 448//1268 447//1268 861//1268
f 1487//1269 862//1269 1226//1269
f 952//1270 1124//1270 662//1270
f 1275//1271 663//1271 1127//1271
f 1261//1272 450//1272 1488//1272
f 1489//1273 679//1273 1329//1273
f 1107//1274 1490//1274 860//1274
f 1276//1275 672//1275 1130//1275
f 1131//1276 1491//1276 455//1276
f 1133//1277 452//1277 1330//1277
f 681//1278 680//1278 1009//1278
f 685//1279 1230//1279 686//1279
f 1492//1280 820//1280 821//1280
f 1228//1281 1493//1281 458//1281
f 1494//1282 1135//1282 1332//1282
f 1495//1283 466//1283 1010//1283
f 475//1284 474//1284 874//1284
f 1015//1285 1103//1285 702//1285
f 1496//1286 1018//1286 1020//1286
f 1497//1287 875//1287 1232//1287
f 1498//1288 701//1288 700//1288
f 1499//1289 469//1289 1147//1289
f 1146//1290 1500//1290 1335//1290
f 703//1291 705//1291 1150//1291
f 1501//1292 480//1292 479//1292
f 1502//1293 593//1293 595//1293
f 1503//1294 1023//1294 1233//1294
f 1263//1295 476//1295 1337//1295
f 1282//1296 707//1296 1148//1296
f 1152//1297 1504//1297 1336//1297
f 1505//1298 885//1298 483//1298
f 1235//1299 1506//1299 482//1299
f 615//1300 614//1300 1156//1300
f 890//1301 1507//1301 1028//1301
f 1265//1302 486//1302 1508//1302
f 1285//1303 1090//1303 1089//1303
f 893//1304 487//1304 1234//1304
f 718//1305 884//1305 1509//1305
f 899//1306 1510//1306 588//1306
f 1511//1307 1025//1307 1027//1307
f 1512//1308 895//1308 1237//1308
f 1513//1309 591//1309 590//1309
f 901//1310 499//1310 1238//1310
f 963//1311 1034//1311 727//1311
f 1514//1312 904//1312 501//1312
f 1035//1313 731//1313 987//1313
f 1515//1314 730//1314 732//1314
f 508//1315 507//1315 902//1315
f 1240//1316 1516//1316 500//1316
f 1517//1317 1164//1317 1036//1317
f 517//1318 516//1318 906//1318
f 1518//1319 907//1319 1241//1319
f 1519//1320 740//1320 739//1320
f 1520//1321 737//1321 1166//1321
f 1521//1322 1040//1322 1348//1322
f 910//1323 748//1323 911//1323
f 813//1324 1048//1324 746//1324
f 968//1325 1047//1325 745//1325
f 1046//1326 618//1326 1522//1326
f 1171//1327 585//1327 584//1327
f 914//1328 1523//1328 1351//1328
f 1524//1329 913//1329 1243//1329
f 1525//1330 519//1330 518//1330
f 1101//1331 1526//1331 817//1331
f 1050//1332 1527//1332 1051//1332
f 1528//1333 521//1333 1049//1333
f 915//1334 529//1334 916//1334
f 1529//1335 755//1335 754//1335
f 1530//1336 918//1336 989//1336
f 1294//1337 1531//1337 524//1337
f 1056//1338 1097//1338 1055//1338
f 1532//1339 751//1339 1355//1339
f 753//1340 752//1340 1177//1340
f 535//1341 534//1341 926//1341
f 1533//1342 538//1342 1057//1342
f 1534//1343 1296//1343 924//1343
f 1535//1344 988//1344 1181//1344
f 1178//1345 1536//1345 530//1345
f 1187//1346 533//1346 1357//1346
f 541//1347 540//1347 928//1347
f 1359//1348 973//1348 975//1348
f 1537//1349 929//1349 1300//1349
f 1538//1350 770//1350 1190//1350
f 1539//1351 547//1351 1060//1351
f 1193//1352 1540//1352 1361//1352
f 1541//1353 1303//1353 933//1353
f 1251//1354 1542//1354 551//1354
f 1543//1355 785//1355 784//1355
f 1066//1356 1544//1356 1067//1356
f 562//1357 561//1357 935//1357
f 1545//1358 1068//1358 1363//1358
f 1546//1359 1064//1359 991//1359
f 1111//1360 990//1360 629//1360
f 1547//1361 936//1361 1255//1361
f 1548//1362 564//1362 563//1362
f 1549//1363 978//1363 1368//1363
f 633//1364 1550//1364 634//1364
f 941//1365 1551//1365 1369//1365
f 1552//1366 801//1366 1256//1366
f 1367//1367 1203//1367 802//1367
f 1206//1368 797//1368 1071//1368
f 1553//1369 566//1369 1072//1369
f 1554//1370 944//1370 573//1370
f 1555//1371 943//1371 1258//1371
f 1079//1372 1078//1372 1556//1372
f 1557//1373 1210//1373 1371//1373
f 1558//1374 1269//1374 1268//1374
f 1559//1375 1073//1375 1373//1375
f 637//1376 636//1376 1560//1376
f 666//1377 1561//1377 667//1377
f 698//1378 1562//1378 699//1378
f 958//1379 696//1379 1563//1379
f 716//1380 1564//1380 717//1380
f 767//1381 1565//1381 768//1381
f 579//829 1197//829 580//829
f 977//1382 792//1382 1566//1382
f 1457//1383 1567//1383 1568//1383
f 806//1384 1569//1384 807//1384
f 1570//1385 1571//1385 1454//1385
f 971//1386 972//1386 1572//1386
f 589//1387 1037//1387 1039//1387
f 869//605 868//605 596//605
f 850//850 849//850 826//850
f 608//1388 1573//1388 609//1388
f 611//1389 1574//1389 612//1389
f 620//1390 1575//1390 621//1390
f 632//1391 1110//1391 1202//1391
f 1320//1392 1081//1392 1080//1392
f 1576//1393 1577//1393 645//1393
f 848//1394 847//1394 599//1394
f 1386//1395 647//1395 840//1395
f 1578//1396 845//1396 1222//1396
f 433//1397 432//1397 844//1397
f 650//1398 842//1398 843//1398
f 1271//1399 1085//1399 995//1399
f 1579//1400 436//1400 1004//1400
f 1580//1401 822//1401 823//1401
f 1273//1402 1122//1402 1003//1402
f 1389//1403 856//1403 1581//1403
f 1582//1404 1583//1404 668//1404
f 444//1405 857//1405 1123//1405
f 1393//1406 673//1406 863//1406
f 671//1407 454//1407 1584//1407
f 1585//1408 866//1408 1131//1408
f 1586//1409 872//1409 459//1409
f 690//538 689//538 613//538
f 462//1410 464//1410 1587//1410
f 1588//1411 871//1411 1228//1411
f 1397//1412 695//1412 1144//1412
f 1589//1413 876//1413 471//1413
f 1333//1414 1143//1414 1334//1414
f 1590//1415 1591//1415 470//1415
f 1279//1416 475//1416 1140//1416
f 594//1055 889//1055 891//1055
f 1022//683 881//683 616//683
f 1399//1417 1592//1417 709//1417
f 1504//1418 1593//1418 1024//1418
f 1401//1419 712//1419 1153//1419
f 490//1420 887//1420 1154//1420
f 1594//1421 888//1421 1235//1421
f 1595//1422 1339//1422 885//1422
f 496//1423 495//1423 894//1423
f 1340//1424 896//1424 1596//1424
f 1597//1425 491//1425 1598//1425
f 1158//1426 1342//1426 1343//1426
f 718//1427 1599//1427 719//1427
f 1344//1428 1157//1428 723//1428
f 1600//1429 1601//1429 1029//1429
f 1287//1430 1094//1430 1031//1430
f 1602//1431 1288//1431 904//1431
f 1289//1432 1163//1432 1033//1432
f 1603//1433 903//1433 1240//1433
f 1159//1434 1345//1434 1346//1434
f 1604//1435 505//1435 1034//1435
f 736//1436 511//1436 1242//1436
f 619//1437 1043//1437 732//1437
f 1605//1438 1606//1438 512//1438
f 1290//1439 517//1439 1165//1439
f 1292//1440 1167//1440 1042//1440
f 1170//1441 1353//1441 1354//1441
f 1045//699 1044//699 830//699
f 1607//1442 829//1442 919//1442
f 914//1443 523//1443 912//1443
f 1349//1444 1173//1444 1350//1444
f 756//1445 1053//1445 922//1445
f 1293//1446 915//1446 917//1446
f 1608//1447 1408//1447 920//1447
f 526//1448 1054//1448 1609//1448
f 1051//1449 1610//1449 1052//1449
f 1611//1450 1612//1450 1298//1450
f 1613//1451 927//1451 1178//1451
f 1187//1452 1185//1452 1186//1452
f 1614//1453 543//1453 542//1453
f 583//711 1059//711 1252//711
f 1615//1454 627//1454 1065//1454
f 1299//1455 541//1455 1188//1455
f 1189//1456 626//1456 1109//1456
f 1616//1457 539//1457 1062//1457
f 932//1458 779//1458 778//1458
f 1362//1459 1098//1459 1267//1459
f 1617//1460 780//1460 1251//1460
f 1540//1461 1618//1461 775//1461
f 790//1462 559//1462 1253//1462
f 1619//1463 555//1463 554//1463
f 1364//1464 1195//1464 1365//1464
f 1620//1465 1309//1465 578//1465
f 1305//1466 562//1466 1194//1466
f 1415//1467 791//1467 1198//1467
f 1366//1468 939//1468 1621//1468
f 941//1469 800//1469 799//1469
f 1622//1470 1076//1470 1623//1470
f 1372//1471 810//1471 809//1471
f 1624//1472 1625//1472 572//1472
f 1307//1473 1212//1473 1075//1473
f 1626//736 1105//736 1104//736
f 1627//1474 660//1474 1120//1474
f 1134//1475 684//1475 1628//1475
f 967//1476 966//1476 1629//1476
f 1176//1477 762//1477 1630//1477
f 1196//1478 977//1478 1631//1478
f 1204//1479 981//1479 1632//1479
f 1213//1480 983//1480 1633//1480
f 1634//1481 758//1481 757//1481
f 814//1482 784//1482 786//1482
f 816//1483 739//1483 741//1483
f 587//1484 1216//1484 898//1484
f 592//1485 591//1485 1102//1485
f 1217//1486 593//1486 1338//1486
f 701//1487 598//1487 1016//1487
f 604//925 999//925 1001//925
f 1077//1019 641//1019 1635//1019
f 605//1488 1636//1488 606//1488
f 997//1489 996//1489 607//1489
f 617//1490 1035//1490 1637//1490
f 1249//1491 1064//1491 832//1491
f 1214//1492 833//1492 1638//1492
f 839//1493 640//1493 1112//1493
f 1639//1494 423//1494 422//1494
f 1384//1495 635//1495 1259//1495
f 835//1496 1316//1496 1319//1496
f 993//1497 947//1497 946//1497
f 421//1498 420//1498 1640//1498
f 1641//1499 425//1499 1642//1499
f 1643//1500 428//1500 430//1500
f 1385//1501 840//1501 1644//1501
f 841//1502 1116//1502 1223//1502
f 1387//1503 651//1503 1084//1503
f 1645//1504 431//1504 995//1504
f 1646//1505 825//1505 654//1505
f 1472//1506 1647//1506 842//1506
f 1224//1507 429//1507 994//1507
f 656//1508 1272//1508 657//1508
f 659//1509 661//1509 853//1509
f 442//1510 854//1510 1118//1510
f 1477//1511 852//1511 1648//1511
f 827//1512 1324//1512 1106//1512
f 849//1513 1649//1513 998//1513
f 441//1514 434//1514 1650//1514
f 1651//1515 1652//1515 437//1515
f 847//1516 1653//1516 600//1516
f 1654//1517 435//1517 440//1517
f 1005//1518 450//1518 1128//1518
f 1326//1519 1655//1519 1124//1519
f 677//1520 601//1520 1008//1520
f 1390//1521 1125//1521 665//1521
f 1656//1522 858//1522 860//1522
f 447//1523 449//1523 1657//1523
f 1391//1524 448//1524 1126//1524
f 859//1525 668//1525 670//1525
f 1226//1526 1658//1526 443//1526
f 1327//1527 952//1527 1260//1527
f 1006//1528 1659//1528 1007//1528
f 1274//1529 664//1529 663//1529
f 1328//1530 683//1530 1087//1530
f 1660//1531 456//1531 455//1531
f 1489//1532 1661//1532 679//1532
f 868//1533 1662//1533 597//1533
f 672//1534 671//1534 865//1534
f 1392//1535 863//1535 1663//1535
f 864//1536 675//1536 1130//1536
f 1133//1537 453//1537 1664//1537
f 1313//1538 676//1538 1218//1538
f 1331//1539 687//1539 686//1539
f 1396//1540 1010//1540 954//1540
f 1314//1541 1013//1541 1229//1541
f 463//1542 462//1542 870//1542
f 1394//1543 1137//1543 693//1543
f 872//1544 691//1544 873//1544
f 1665//1545 458//1545 1666//1545
f 1012//1546 465//1546 1667//1546
f 694//1547 469//1547 1017//1547
f 1103//1548 1668//1548 819//1548
f 1020//1549 1019//1549 882//1549
f 1280//1550 1145//1550 1142//1550
f 876//1551 697//1551 877//1551
f 1669//1552 468//1552 473//1552
f 1670//1553 1671//1553 467//1553
f 480//1554 879//1554 1151//1554
f 1281//1555 708//1555 707//1555
f 960//1556 477//1556 1149//1556
f 1398//1557 878//1557 1672//1557
f 880//1558 612//1558 1673//1558
f 1283//1559 703//1559 1150//1559
f 1233//1560 1674//1560 479//1560
f 704//1561 478//1561 1675//1561
f 883//1562 1676//1562 884//1562
f 1677//1563 1678//1563 889//1563
f 1679//1564 476//1564 1263//1564
f 961//1565 1024//1565 706//1565
f 1284//1566 713//1566 1090//1566
f 1680//1567 482//1567 1681//1567
f 1400//1568 1682//1568 892//1568
f 490//1569 1402//1569 1266//1569
f 615//1570 1683//1570 1022//1570
f 483//1571 886//1571 1155//1571
f 489//1572 485//1572 1684//1572
f 1091//1573 486//1573 1265//1573
f 1685//1574 1686//1574 497//1574
f 720//1575 719//1575 1026//1575
f 896//1576 721//1576 897//1576
f 1237//1577 1687//1577 491//1577
f 1403//1578 725//1578 1093//1578
f 1688//1579 499//1579 900//1579
f 1689//1580 494//1580 1031//1580
f 1238//1581 498//1581 1030//1581
f 501//1582 905//1582 1161//1582
f 1404//1583 729//1583 728//1583
f 1239//1584 504//1584 1032//1584
f 730//1585 1690//1585 1027//1585
f 507//1586 503//1586 1691//1586
f 1405//1587 1160//1587 735//1587
f 1692//1588 500//1588 1693//1588
f 588//1589 1694//1589 1037//1589
f 1695//1590 506//1590 1033//1590
f 1696//1591 908//1591 513//1591
f 1697//1592 509//1592 511//1592
f 909//1593 1165//1593 1291//1593
f 1698//1594 515//1594 1042//1594
f 1699//1595 1036//1595 740//1595
f 1521//1596 1700//1596 1040//1596
f 1701//1597 910//1597 519//1597
f 1702//1598 584//1598 1703//1598
f 1704//1599 1705//1599 518//1599
f 1523//1600 1168//1600 750//1600
f 1049//1601 1175//1601 1048//1601
f 817//1602 1706//1602 1050//1602
f 1352//1603 747//1603 746//1603
f 1707//1604 811//1604 1047//1604
f 1708//1605 1709//1605 522//1605
f 1710//1606 525//1606 524//1606
f 1711//1607 528//1607 752//1607
f 1108//1608 623//1608 625//1608
f 918//1609 1712//1609 919//1609
f 921//1610 917//1610 1244//1610
f 1409//1611 761//1611 1096//1611
f 1056//1612 970//1612 1713//1612
f 755//1613 586//1613 1245//1613
f 1532//1614 1714//1614 751//1614
f 763//1615 538//1615 1295//1615
f 1715//1616 530//1616 1716//1616
f 1534//1617 924//1617 1717//1617
f 1180//1618 624//1618 628//1618
f 1297//1619 535//1619 1179//1619
f 534//1620 536//1620 1718//1620
f 1410//1621 765//1621 764//1621
f 1719//1622 537//1622 533//1622
f 1248//1623 546//1623 1061//1623
f 1720//1624 581//1624 785//1624
f 1411//1625 930//1625 1721//1625
f 772//1626 774//1626 931//1626
f 1722//1627 1723//1627 542//1627
f 973//1628 769//1628 771//1628
f 1301//1629 1191//1629 1062//1629
f 1724//1630 1725//1630 545//1630
f 934//1631 1192//1631 1302//1631
f 1726//1632 550//1632 776//1632
f 1541//1633 933//1633 1727//1633
f 831//1634 1189//1634 1728//1634
f 1729//1635 552//1635 551//1635
f 1414//1636 788//1636 1099//1636
f 1063//1637 549//1637 1100//1637
f 1730//1638 548//1638 1267//1638
f 787//1639 775//1639 777//1639
f 1731//1640 1732//1640 557//1640
f 1545//1641 1733//1641 1068//1641
f 1734//1642 990//1642 1735//1642
f 793//1643 795//1643 938//1643
f 1736//1644 1737//1644 554//1644
f 1306//1645 1199//1645 1070//1645
f 1738//1646 558//1646 560//1646
f 796//1647 1207//1647 797//1647
f 1739//1648 1740//1648 979//1648
f 633//1649 834//1649 1741//1649
f 1551//1650 1200//1650 804//1650
f 1256//1651 1742//1651 563//1651
f 564//1652 940//1652 1201//1652
f 800//1653 568//1653 1743//1653
f 573//1654 945//1654 1209//1654
f 1416//1655 577//1655 1208//1655
f 808//1656 1257//1656 809//1656
f 1744//1657 569//1657 571//1657
f 1075//1658 570//1658 1745//1658
f 1559//1659 1746//1659 1073//1659
f 951//1660 950//1660 1747//1660
f 1748//1661 1107//1661 1136//1661
f 956//1662 955//1662 1749//1662
f 1146//1663 958//1663 1750//1663
f 1152//1664 962//1664 1751//1664
f 1153//1665 714//1665 1752//1665
f 1158//1666 726//1666 1753//1666
f 1159//1667 964//1667 1754//1667
f 1170//1668 969//1668 1755//1668
f 975//1669 974//1669 1756//1669
f 923//1670 1757//1670 1058//1670
f 1193//1671 789//1671 1758//1671
f 815//1672 1759//1672 1197//1672
f 1760//1673 639//1673 1114//1673
f 1761//1674 648//1674 1115//1674
f 1762//1675 692//1675 1135//1675
f 1763//1676 698//1676 1143//1676
f 1764//1677 716//1677 1264//1677
f 1765//1678 749//1678 1173//1678
f 1766//1679 758//1679 1767//1679
f 1768//1680 773//1680 1308//1680
f 1769//1681 794//1681 1195//1681
f 1770//1682 803//1682 1203//1682
f 1771//1683 806//1683 1210//1683
f 710//1684 1772//1684 1374//1684
f 1217//1685 700//1685 818//1685
f 1383//1686 1576//1686 644//1686
f 1773//1687 992//1687 1556//1687
f 1318//1688 638//1688 838//1688
f 1113//1689 836//1689 424//1689
f 1469//1690 837//1690 1221//1690
f 1774//1691 1775//1691 1105//1691
f 1776//1692 1080//1692 1082//1692
f 996//1693 1777//1693 643//1693
f 1000//1694 1778//1694 846//1694
f 1475//1695 653//1695 1461//1695
f 432//1696 428//1696 1779//1696
f 1580//1697 823//1697 1780//1697
f 438//1698 853//1698 1225//1698
f 949//1699 656//1699 658//1699
f 1121//1700 1781//1700 1325//1700
f 1481//1701 1579//1701 1004//1701
f 1003//1702 1122//1702 1002//1702
f 851//597 850//597 610//597
f 1262//1703 1127//1703 1261//1703
f 1123//1704 861//1704 445//1704
f 1655//1705 1782//1705 451//1705
f 1329//1706 682//1706 1134//1706
f 1783//1707 454//1707 680//1707
f 1227//1708 865//1708 457//1708
f 1784//1709 1086//1709 1088//1709
f 1486//1710 1785//1710 867//1710
f 685//1711 466//1711 1230//1711
f 1136//934 984//934 985//934
f 1492//1712 821//1712 1786//1712
f 1277//1713 870//1713 460//1713
f 597//1714 1787//1714 1014//1714
f 1788//1715 1138//1715 1139//1715
f 1231//1716 874//1716 472//1716
f 1018//1717 1789//1717 690//1717
f 1790//1718 471//1718 470//1718
f 1431//1719 1791//1719 1015//1719
f 1500//1720 1499//1720 1147//1720
f 1502//1721 595//1721 1792//1721
f 1793//1722 478//1722 959//1722
f 1682//1723 1794//1723 487//1723
f 1025//1724 1795//1724 1156//1724
f 897//1725 1157//1725 1286//1725
f 1028//1726 1600//1726 1029//1726
f 1513//1727 590//1727 1312//1727
f 1161//1728 902//1728 502//1728
f 987//1729 731//1729 986//1729
f 1604//1730 1796//1730 505//1730
f 1242//1731 510//1731 1041//1731
f 1797//1732 1043//1732 1045//1732
f 1407//1733 1798//1733 742//1733
f 1799//1734 513//1734 512//1734
f 965//1735 736//1735 738//1735
f 516//1736 509//1736 1800//1736
f 1038//1737 1801//1737 1101//1737
f 1166//1738 1802//1738 1520//1738
f 1522//1739 1420//1739 1046//1739
f 1169//1740 912//1740 520//1740
f 1528//1741 812//1741 521//1741
f 1355//1742 760//1742 1176//1742
f 622//1743 1220//1743 620//1743
f 1529//1744 754//1744 1460//1744
f 1052//1745 1803//1745 1053//1745
f 1608//1746 920//1746 1804//1746
f 1609//1747 1054//1747 1294//1747
f 1805//1748 1095//1748 1097//1748
f 529//1749 528//1749 1806//1749
f 924//1750 766//1750 925//1750
f 1246//1751 926//1751 532//1751
f 1612//1752 1533//1752 1057//1752
f 1358//1753 1539//1753 1060//1753
f 931//1754 1188//1754 1247//1754
f 1190//1755 1807//1755 1538//1755
f 1058//1756 1808//1756 1059//1756
f 1809//1757 1182//1757 1810//1757
f 831//1758 1811//1758 630//1758
f 1310//1759 784//1759 1250//1759
f 779//1760 550//1760 1812//1760
f 1465//1761 1315//1761 631//1761
f 1413//1762 1192//1762 783//1762
f 1363//1763 976//1763 1196//1763
f 1364//1764 937//1764 1813//1764
f 1814//1765 1815//1765 1202//1765
f 1254//1766 935//1766 556//1766
f 1368//1767 980//1767 1204//1767
f 1549//1768 1739//1768 978//1768
f 1367//1769 802//1769 939//1769
f 1452//1770 798//1770 1370//1770
f 1553//1771 567//1771 566//1771
f 1072//1772 1206//1772 1071//1772
f 1209//1773 942//1773 574//1773
f 1268//1774 824//1774 1558//1774
f 576//1775 569//1775 1816//1775
f 1557//1776 1371//1776 944//1776
f 1817//1777 573//1777 572//1777
f 1373//1778 982//1778 1213//1778
f 1623//1779 1076//1779 1269//1779
f 603//1780 1818//1780 999//1780
f 646//1781 645//1781 993//1781
f 948//1782 419//1782 1319//1782
f 427//1783 845//1783 1578//1783
f 1119//1784 439//1784 1480//1784
f 1278//1785 461//1785 463//1785
f 875//1786 474//1786 1819//1786
f 709//1787 711//1787 879//1787
f 481//1788 1023//1788 1503//1788
f 484//1789 888//1789 1594//1789
f 895//1790 495//1790 1820//1790
f 1418//1791 1171//1791 1821//1791
f 1241//1792 514//1792 1518//1792
f 913//1793 523//1793 1822//1793
f 1356//1794 527//1794 915//1794
f 929//1795 540//1795 1823//1795
f 1300//1796 544//1796 1537//1796
f 553//1797 780//1797 1617//1797
f 936//1798 561//1798 1824//1798
f 634//905 1111//905 632//905
f 1215//1799 1078//1799 1825//1799
f 565//1800 801//1800 1552//1800
f 1197//1801 1826//1801 580//1801
f 1258//1802 943//1802 1827//1802
f 1828//1803 1829//1803 666//1803
f 1830//1804 1831//1804 674//1804
f 1832//1805 1833//1805 722//1805
f 1834//1806 1835//1806 734//1806
f 1836//1807 1837//1807 743//1807
f 1838//1808 1839//1808 767//1808
f 1840//1809 1841//1809 782//1809
f 1259//1810 637//1810 1842//1810
f 652//1811 1424//1811 1843//1811
f 1844//1812 953//1812 1845//1812
f 1021//1813 1846//1813 1020//1813
f 1611//1814 972//1814 1847//1814
f 1848//1815 1454//1815 1456//1815
f 1458//1816 1457//1816 1849//1816
f 786//1817 1067//1817 814//1817
f 891//615 890//615 1102//615
f 820//1818 1218//1818 596//1818
f 608//1819 1324//1819 1850//1819
f 1044//1820 618//1820 830//1820
f 623//1821 621//1821 1851//1821
f 1317//1822 838//1822 1466//1822
f 1639//1823 422//1823 1852//1823
f 639//1824 1853//1824 1422//1824
f 643//522 642//522 607//522
f 641//1825 1854//1825 1635//1825
f 1641//1826 426//1826 425//1826
f 1321//1827 650//1827 1117//1827
f 648//1828 1855//1828 1423//1828
f 647//1829 649//1829 841//1829
f 1856//1830 637//1830 1857//1830
f 1858//1831 1083//1831 1085//1831
f 1322//1832 1120//1832 659//1832
f 442//1833 1388//1833 1273//1833
f 950//1834 1426//1834 1859//1834
f 660//1835 1860//1835 1427//1835
f 1119//1836 855//1836 1861//1836
f 1862//1837 434//1837 436//1837
f 445//1838 862//1838 1487//1838
f 1389//1839 1390//1839 856//1839
f 1483//1840 443//1840 1863//1840
f 1262//1841 446//1841 448//1841
f 1864//1842 666//1842 1125//1842
f 1865//1843 1275//1843 1866//1843
f 1009//1844 453//1844 1132//1844
f 1660//1845 455//1845 1867//1845
f 668//1846 1583//1846 669//1846
f 1393//1847 1129//1847 673//1847
f 1330//1848 452//1848 672//1848
f 1131//1849 866//1849 1868//1849
f 1869//1850 684//1850 1870//1850
f 682//1851 679//1851 681//1851
f 1871//1852 464//1852 466//1852
f 692//1853 1872//1853 1432//1853
f 1873//1854 688//1854 1874//1854
f 1228//1855 871//1855 1875//1855
f 1494//1856 872//1856 1586//1856
f 1876//1857 955//1857 1877//1857
f 1139//1858 686//1858 1011//1858
f 1395//1859 1010//1859 1396//1859
f 1017//1860 1141//1860 695//1860
f 698//1861 1878//1861 1562//1861
f 1232//1862 1590//1862 470//1862
f 877//1863 699//1863 1140//1863
f 1335//1864 957//1864 1146//1864
f 1879//1865 958//1865 1880//1865
f 1144//1866 1881//1866 1397//1866
f 1501//1867 479//1867 1882//1867
f 880//1868 1382//1868 1236//1868
f 881//947 1021//947 882//947
f 1883//1869 1282//1869 1148//1869
f 1884//1870 962//1870 1885//1870
f 885//1871 715//1871 886//1871
f 1886//1872 1887//1872 716//1872
f 1888//1873 1285//1873 1089//1873
f 1266//1874 488//1874 490//1874
f 1889//1875 714//1875 1890//1875
f 893//1876 1234//1876 1090//1876
f 1340//1877 1436//1877 1341//1877
f 1596//1878 896//1878 492//1878
f 1891//1879 1164//1879 1517//1879
f 1286//1880 894//1880 493//1880
f 1892//1881 726//1881 1893//1881
f 1092//1882 1894//1882 1403//1882
f 1029//619 899//619 898//619
f 724//1883 901//1883 725//1883
f 963//1884 727//1884 729//1884
f 734//1885 1895//1885 1376//1885
f 904//1886 733//1886 905//1886
f 1602//1887 1896//1887 1288//1887
f 1347//1888 719//1888 1599//1888
f 1240//1889 903//1889 1897//1889
f 732//1890 1898//1890 1515//1890
f 1899//1891 964//1891 1900//1891
f 1162//1892 1901//1892 1404//1892
f 966//1893 1441//1893 1902//1893
f 1442//1894 1290//1894 744//1894
f 1406//1895 1377//1895 1407//1895
f 1241//1896 907//1896 1903//1896
f 1348//1897 965//1897 967//1897
f 749//1898 1904//1898 1443//1898
f 968//1899 745//1899 747//1899
f 748//1900 750//1900 911//1900
f 1243//1901 1704//1901 518//1901
f 1905//1902 969//1902 1906//1902
f 1907//1903 1174//1903 1175//1903
f 758//1904 1908//1904 1378//1904
f 1710//1905 524//1905 1909//1905
f 757//1906 759//1906 921//1906
f 1910//1907 762//1907 1911//1907
f 760//1908 751//1908 753//1908
f 1715//1909 531//1909 530//1909
f 1912//1910 988//1910 1535//1910
f 989//1911 1108//1911 625//1911
f 1178//1912 927//1912 1913//1912
f 1109//1913 624//1913 1360//1913
f 1181//814 1180//814 628//814
f 1914//1914 767//1914 1379//1914
f 1915//1915 972//1915 1916//1915
f 1917//1916 1184//1916 1185//1916
f 1918//1917 1718//1917 536//1917
f 1295//1918 537//1918 1186//1918
f 971//1919 1057//1919 763//1919
f 974//1920 1446//1920 1919//1920
f 769//1921 547//1921 1248//1921
f 1920//1922 1921//1922 773//1922
f 1411//1923 1308//1923 1412//1923
f 1065//1092 626//1092 832//1092
f 1310//1924 1309//1924 1922//1924
f 781//1925 783//1925 934//1925
f 782//1926 1923//1926 1448//1926
f 991//899 1249//899 629//899
f 1729//1927 551//1927 1924//1927
f 1925//1928 789//1928 1926//1928
f 1304//1929 1927//1929 1414//1929
f 1928//1930 1544//1930 1066//1930
f 1731//1931 557//1931 559//1931
f 1929//1932 1930//1932 794//1932
f 1255//1933 1736//1933 554//1933
f 938//1934 1194//1934 1254//1934
f 1931//1935 977//1935 1932//1935
f 1933//1936 1198//1936 1199//1936
f 1253//1937 1069//1937 791//1937
f 1548//1938 563//1938 1934//1938
f 803//1939 1935//1939 1451//1939
f 1205//1940 1936//1940 1370//1940
f 1937//1941 981//1941 1938//1941
f 805//1942 807//1942 945//1942
f 1939//1943 1457//1943 1459//1943
f 806//1944 1940//1944 1569//1944
f 1941//1945 983//1945 1942//1945
f 1943//1946 1211//1946 1212//1946
f 1075//1947 575//1947 1307//1947
f 1257//1948 1074//1948 809//1948
f 785//1949 583//1949 1252//1949
f 741//1950 740//1950 1039//1950
f 818//1951 700//1951 702//1951
f 598//1047 1014//1047 1016//1047
f 678//1952 867//1952 869//1952
f 1219//1953 653//1953 848//1953
f 1001//1954 1000//1954 655//1954
f 825//1955 602//1955 604//1955
f 1311//1956 1076//1956 1417//1956
f 997//1957 606//1957 826//1957
f 1229//1958 689//1958 985//1958
f 614//1959 718//1959 720//1959
f 620//1960 1420//1960 1944//1960
f 631//1961 1315//1961 1110//1961
f 1316//1962 835//1962 1112//1962
f 635//1963 646//1963 636//1963
f 638//1964 640//1964 839//1964
f 837//1965 421//1965 1945//1965
f 1462//1966 1636//1966 605//1966
f 424//1967 423//1967 1113//1967
f 1082//1968 1081//1968 946//1968
f 1080//1969 1946//1969 1320//1969
f 1947//1970 824//1970 1470//1970
f 1577//1971 1640//1971 420//1971
f 1471//1972 947//1972 419//1972
f 1461//1973 822//1973 1948//1973
f 1222//1974 845//1974 1949//1974
f 433//1975 1270//1975 1271//1975
f 998//1976 1649//1976 1473//1976
f 1385//1977 1386//1977 840//1977
f 1223//1978 1116//1978 844//1978
f 1645//1979 429//1979 431//1979
f 1083//1980 1950//1980 1387//1980
f 1647//1981 430//1981 842//1981
f 1224//1982 994//1982 1084//1982
f 1478//1983 437//1983 1652//1983
f 1648//1984 852//1984 438//1984
f 1323//1985 949//1985 951//1985
f 1951//1986 849//1986 851//1986
f 1388//1987 1118//1987 661//1987
f 1225//1988 854//1988 439//1988
f 1425//1989 1653//1989 847//1989
f 1325//1990 658//1990 657//1990
f 1272//1991 435//1991 1002//1991
f 1654//1992 440//1992 1003//1992
f 662//1993 1005//1993 663//1993
f 1561//1994 1391//1994 667//1994
f 1581//1995 856//1995 444//1995
f 1484//1996 858//1996 1656//1996
f 610//1997 1106//1997 608//1997
f 1485//1998 676//1998 1313//1998
f 1780//1999 823//1999 677//1999
f 1582//2000 609//2000 1573//2000
f 857//2001 1126//2001 1123//2001
f 1226//2002 862//2002 1952//2002
f 1260//2003 1326//2003 1327//2003
f 1482//2004 1659//2004 1006//2004
f 1428//2005 664//2005 1274//2005
f 1782//2006 1657//2006 449//2006
f 1488//2007 450//2007 446//2007
f 860//601 859//601 670//601
f 1429//2008 1276//2008 675//2008
f 1663//2009 863//2009 456//2009
f 864//2010 1130//2010 1227//2010
f 457//2011 866//2011 1585//2011
f 1430//2012 683//2012 1328//2012
f 1133//2013 1088//2013 1132//2013
f 1661//2014 1783//2014 680//2014
f 1953//2015 1013//2015 1314//2015
f 1463//2016 1574//2016 611//2016
f 1332//2017 1135//2017 691//2017
f 1665//2018 459//2018 458//2018
f 873//2019 1137//2019 1277//2019
f 460//2020 871//2020 1588//2020
f 1785//2021 1662//2021 868//2021
f 1433//2022 687//2022 1331//2022
f 1230//2023 465//2023 1011//2023
f 1667//2024 461//2024 1012//2024
f 475//2025 1279//2025 1280//2025
f 1333//2026 876//2026 1589//2026
f 1015//2027 1791//2027 1103//2027
f 1334//2028 1143//2028 697//2028
f 1019//871 1018//871 613//871
f 1232//2029 472//2029 1497//2029
f 1954//2030 1144//2030 1145//2030
f 1142//2031 468//2031 1669//2031
f 1786//2032 701//2032 1498//2032
f 1670//2033 467//2033 469//2033
f 957//2034 694//2034 696//2034
f 703//2035 1283//2035 1337//2035
f 1151//2036 1150//2036 705//2036
f 960//2037 1149//2037 707//2037
f 1672//2038 878//2038 480//2038
f 1336//2039 961//2039 1152//2039
f 1022//2040 1683//2040 1955//2040
f 1233//2041 1023//2041 1956//2041
f 883//2042 1382//2042 1957//2042
f 819//2043 1677//2043 889//2043
f 1263//2044 477//2044 1679//2044
f 1338//2045 593//2045 1958//2045
f 1282//2046 1959//2046 1281//2046
f 1593//2047 959//2047 1024//2047
f 1564//2048 1402//2048 717//2048
f 1505//2049 483//2049 1680//2049
f 1401//2050 892//2050 712//2050
f 1235//2051 888//2051 1960//2051
f 1509//2052 884//2052 1676//2052
f 1339//2053 1264//2053 715//2053
f 1155//2054 887//2054 484//2054
f 1506//2055 1681//2055 482//2055
f 1678//2056 1507//2056 890//2056
f 1435//2057 713//2057 1284//2057
f 1508//2058 486//2058 488//2058
f 1792//2059 595//2059 591//2059
f 1794//2060 485//2060 487//2060
f 496//2061 1344//2061 1287//2061
f 1597//2062 492//2062 491//2062
f 1342//2063 1688//2063 900//2063
f 1685//2064 497//2064 499//2064
f 1312//2065 590//2065 1216//2065
f 1341//2066 1961//2066 721//2066
f 1237//2067 493//2067 1512//2067
f 1962//2068 1092//2068 1094//2068
f 1343//2069 724//2069 1158//2069
f 1689//2070 498//2070 494//2070
f 1238//2071 1030//2071 1093//2071
f 1239//2072 1032//2072 728//2072
f 1514//2073 501//2073 1692//2073
f 1027//688 1026//688 986//688
f 1963//2074 1035//2074 1347//2074
f 1036//2075 587//2075 589//2075
f 1516//2076 1693//2076 500//2076
f 508//2077 902//2077 1160//2077
f 1637//2078 1419//2078 617//2078
f 502//2079 903//2079 1603//2079
f 1601//2080 1510//2080 899//2080
f 1964//2081 1162//2081 1163//2081
f 1694//2082 1438//2082 1037//2082
f 1796//2083 503//2083 505//2083
f 1346//2084 963//2084 1159//2084
f 1695//2085 504//2085 506//2085
f 1418//2086 739//2086 1172//2086
f 1292//2087 515//2087 517//2087
f 1406//2088 908//2088 1696//2088
f 1799//2089 512//2089 1606//2089
f 909//2090 744//2090 1165//2090
f 1291//2091 906//2091 514//2091
f 1965//2092 1166//2092 1167//2092
f 1520//2093 738//2093 737//2093
f 1700//2094 1697//2094 511//2094
f 1042//2095 510//2095 1698//2095
f 813//2096 812//2096 1048//2096
f 1701//2097 519//2097 1525//2097
f 1702//2098 1171//2098 584//2098
f 585//968 1050//968 586//968
f 829//2099 1966//2099 1045//2099
f 919//1222 828//1222 622//1222
f 1523//2100 914//2100 1168//2100
f 1350//2101 1173//2101 748//2101
f 520//2102 913//2102 1524//2102
f 1101//2103 817//2103 816//2103
f 1049//2104 521//2104 1351//2104
f 1174//2105 1967//2105 1352//2105
f 1353//2106 1707//2106 1047//2106
f 1708//2107 522//2107 811//2107
f 1354//2108 968//2108 1170//2108
f 1177//2109 970//2109 1055//2109
f 1712//2110 918//2110 1530//2110
f 1245//894 1052//894 756//894
f 1294//2111 1054//2111 1968//2111
f 1608//2112 1767//2112 1408//2112
f 1244//2113 916//2113 526//2113
f 1527//2114 1610//2114 1051//2114
f 1445//2115 761//2115 1409//2115
f 1356//2116 1097//2116 1056//2116
f 1714//2117 1711//2117 752//2117
f 1296//2118 1969//2118 766//2118
f 535//2119 1297//2119 1357//2119
f 582//2120 1183//2120 922//2120
f 1053//2121 1970//2121 923//2121
f 532//2122 927//2122 1613//2122
f 925//2123 1179//2123 1246//2123
f 1184//2124 1971//2124 1410//2124
f 1719//2125 533//2125 1187//2125
f 541//2126 1299//2126 1301//2126
f 1614//2127 542//2127 1723//2127
f 1359//2128 1060//2128 973//2128
f 1972//2129 1189//2129 1360//2129
f 627//2130 1973//2130 1181//2130
f 1412//2131 772//2131 930//2131
f 1247//2132 928//2132 544//2132
f 1974//2133 1190//2133 1191//2133
f 1616//2134 546//2134 539//2134
f 1810//2135 581//2135 1720//2135
f 1538//2136 771//2136 770//2136
f 1724//2137 545//2137 547//2137
f 1361//2138 787//2138 1193//2138
f 1541//2139 1975//2139 1303//2139
f 1064//2140 1976//2140 1065//2140
f 932//2141 1413//2141 1362//2141
f 780//2142 779//2142 1977//2142
f 991//2143 1734//2143 1546//2143
f 1727//2144 933//2144 552//2144
f 1302//2145 778//2145 553//2145
f 1978//2146 1304//2146 1098//2146
f 1618//2147 776//2147 775//2147
f 1063//2148 1100//2148 1099//2148
f 1730//2149 549//2149 548//2149
f 562//2150 1305//2150 1306//2150
f 1813//2151 937//2151 555//2151
f 1620//2152 578//2152 1622//2152
f 1735//2153 990//2153 634//2153
f 1365//2154 1195//2154 793//2154
f 556//2155 936//2155 1547//2155
f 976//2156 1068//2156 790//2156
f 1067//2157 1979//2157 815//2157
f 1566//2158 792//2158 1415//2158
f 1070//2159 558//2159 1738//2159
f 1309//2160 1250//2160 579//2160
f 1201//2161 1200//2161 799//2161
f 1202//2162 1815//2162 833//2162
f 1741//2163 834//2163 1215//2163
f 1550//2164 633//2164 1980//2164
f 1369//2165 566//2165 941//2165
f 1256//2166 801//2166 1981//2166
f 1621//2167 939//2167 564//2167
f 802//2168 804//2168 940//2168
f 980//2169 796//2169 798//2169
f 1740//2170 1743//2170 568//2170
f 1207//2171 567//2171 1071//2171
f 1638//2172 1421//2172 1214//2172
f 1556//2173 992//2173 1079//2173
f 577//2174 942//2174 1208//2174
f 1557//2175 944//2175 1554//2175
f 1817//2176 572//2176 1625//2176
f 574//2177 943//2177 1555//2177
f 1453//2178 810//2178 1372//2178
f 1626//2179 1774//2179 1105//2179
f 1746//2180 571//2180 1073//2180
f 1745//2181 570//2181 575//2181
f 1982//2182 710//2182 709//2182
f 1117//2183 652//2183 1983//2183
f 1984//2184 674//2184 1129//2184
f 722//2185 1833//2185 1375//2185
f 1454//2186 1985//2186 1455//2186
f 1008//674 1007//674 678//674
f 1104//2187 1269//2187 1311//2187
f 1825//2188 1078//2188 1077//2188
f 1317//2189 1114//2189 1318//2189
f 1384//2190 644//2190 635//2190
f 1760//2191 1986//2191 639//2191
f 643//2192 1777//2192 1467//2192
f 1468//2193 1852//2193 422//2193
f 1818//2194 1476//2194 999//2194
f 1987//2195 710//2195 1592//2195
f 637//2196 1560//2196 1857//2196
f 1643//2197 1779//2197 428//2197
f 1988//2198 1855//2198 648//2198
f 1479//2199 1324//2199 827//2199
f 1644//2200 840//2200 426//2200
f 1474//2201 1989//2201 1642//2201
f 650//2202 843//2202 651//2202
f 1646//2203 654//2203 1475//2203
f 1990//2204 652//2204 1843//2204
f 1477//2205 1120//2205 1322//2205
f 441//2206 1650//2206 1991//2206
f 1992//2207 1860//2207 660//2207
f 1993//2208 1121//2208 1122//2208
f 847//508 600//508 599//508
f 1994//2209 950//2209 1859//2209
f 1481//2210 1004//2210 1323//2210
f 1658//2211 1995//2211 1863//2211
f 1327//2212 1124//2212 952//2212
f 1128//2213 450//2213 1261//2213
f 1490//2214 1107//2214 1748//2214
f 1491//2215 1867//2215 455//2215
f 671//2216 1584//2216 1996//2216
f 1086//2217 1997//2217 1328//2217
f 1313//2218 820//2218 1998//2218
f 1134//2219 1489//2219 1329//2219
f 1664//2220 453//2220 452//2220
f 681//2221 1009//2221 1087//2221
f 1396//2222 954//2222 956//2222
f 1871//2223 1587//2223 464//2223
f 1762//2224 1999//2224 692//2224
f 688//2225 2000//2225 1136//2225
f 463//2226 1394//2226 1278//2226
f 1493//2227 1666//2227 458//2227
f 1138//2228 2001//2228 1331//2228
f 1395//2229 1495//2229 1010//2229
f 1231//2230 1140//2230 874//2230
f 1763//2231 2002//2231 698//2231
f 1790//2232 470//2232 1591//2232
f 958//2233 1563//2233 1880//2233
f 1500//2234 1147//2234 1335//2234
f 474//2235 467//2235 1671//2235
f 1398//2236 2003//2236 1399//2236
f 1673//2237 612//2237 1574//2237
f 704//2238 1675//2238 2004//2238
f 2005//2239 1772//2239 710//2239
f 1674//2240 2006//2240 1882//2240
f 962//2241 1434//2241 1885//2241
f 961//2242 706//2242 708//2242
f 2007//2243 615//2243 1156//2243
f 1153//2244 1400//2244 1401//2244
f 489//2245 1684//2245 2008//2245
f 2009//2246 1285//2246 1888//2246
f 1102//953 1028//953 592//953
f 1234//2247 486//2247 1091//2247
f 1795//2248 1025//2248 1511//2248
f 2010//2249 722//2249 1436//2249
f 897//2250 723//2250 1157//2250
f 1687//2251 2011//2251 1598//2251
f 495//2252 1686//2252 2012//2252
f 726//2253 1437//2253 1893//2253
f 1345//2254 1604//2254 1034//2254
f 1690//2255 730//2255 1515//2255
f 1834//2256 734//2256 1439//2256
f 507//2257 1691//2257 2013//2257
f 1376//2258 1405//2258 735//2258
f 731//2259 617//2259 619//2259
f 1033//2260 506//2260 1289//2260
f 964//2261 1440//2261 1900//2261
f 1898//2262 1043//2262 1797//2262
f 907//2263 516//2263 1903//2263
f 2014//2264 966//2264 1902//2264
f 1699//2265 740//2265 1519//2265
f 2015//2266 1521//2266 967//2266
f 1765//2267 2016//2267 749//2267
f 1349//2268 910//2268 1701//2268
f 1526//2269 1706//2269 817//2269
f 969//2270 1444//2270 1906//2270
f 523//2271 522//2271 1709//2271
f 1804//2272 920//2272 525//2272
f 1703//2273 584//2273 755//2273
f 1531//2274 2017//2274 1909//2274
f 1378//2275 1293//2275 759//2275
f 1851//2276 621//2276 1575//2276
f 2018//2277 1908//2277 758//2277
f 2019//2278 1095//2278 1805//2278
f 1176//2279 1532//2279 1355//2279
f 753//2280 1177//2280 1096//2280
f 1713//2281 527//2281 1056//2281
f 529//2282 1806//2282 2020//2282
f 1533//2283 1918//2283 538//2283
f 988//2284 2021//2284 989//2284
f 767//2285 1839//2285 1565//2285
f 1717//2286 531//2286 1715//2286
f 1536//2287 1716//2287 530//2287
f 1298//2288 971//2288 1572//2288
f 1185//2289 764//2289 1186//2289
f 1460//2290 754//2290 1183//2290
f 972//2291 1380//2291 1916//2291
f 975//2292 1358//2292 1359//2292
f 1447//2293 1299//2293 774//2293
f 1721//2294 930//2294 543//2294
f 1300//2295 929//2295 1823//2295
f 2022//2296 974//2296 1919//2296
f 540//2297 1725//2297 2023//2297
f 1062//2298 1191//2298 1061//2298
f 1449//2299 788//2299 1414//2299
f 1726//2300 1812//2300 550//2300
f 1728//2301 1811//2301 831//2301
f 1303//2302 1381//2302 781//2302
f 1542//2303 1924//2303 551//2303
f 1059//2304 2024//2304 1066//2304
f 1450//2305 1305//2305 795//2305
f 1619//2306 554//2306 1737//2306
f 561//2307 1732//2307 2025//2307
f 1196//2308 1545//2308 1363//2308
f 2026//2309 1198//2309 1933//2309
f 1733//2310 559//2310 1068//2310
f 1366//2311 1203//2311 1367//2311
f 1739//2312 979//2312 978//2312
f 2027//2313 1935//2313 803//2313
f 1742//2314 2028//2314 1934//2314
f 1204//2315 1549//2315 1368//2315
f 2029//2316 1205//2316 1206//2316
f 1570//1815 1454//1815 1848//1815
f 1197//2317 2030//2317 1826//2317
f 1371//2318 1210//2318 805//2318
f 1744//2319 1816//2319 569//2319
f 1771//2320 2031//2320 806//2320
f 1568//2321 1567//2321 2032//2321
f 1258//2322 1624//2322 572//2322
f 2033//2323 1211//2323 1943//2323
f 2034//2324 1559//2324 1213//2324
f 982//2325 1073//2325 808//2325
f 1260//2326 953//2326 2035//2326
f 2036//2327 1264//2327 1595//2327
f 2037//2328 743//2328 1377//2328
f 631//2329 1111//2329 629//2329
f 1259//2330 1383//2330 1384//2330
f 1635//2331 1854//2331 2038//2331
f 642//2332 605//2332 607//2332
f 1221//2333 837//2333 1945//2333
f 1105//2334 2039//2334 603//2334
f 1576//2335 645//2335 644//2335
f 948//2336 1082//2336 946//2336
f 2040//2337 1115//2337 1385//2337
f 655//860 846//860 848//860
f 1222//2338 427//2338 1578//2338
f 1423//2339 1270//2339 649//2339
f 845//2340 432//2340 1949//2340
f 995//2341 1085//2341 994//2341
f 1472//2342 842//2342 1321//2342
f 1579//2343 1862//2343 436//2343
f 1651//2344 2041//2344 1652//2344
f 439//2345 855//2345 1480//2345
f 1390//2346 665//2346 856//2346
f 666//2347 1829//2347 1561//2347
f 447//2348 1657//2348 2042//2348
f 1866//2349 1275//2349 1127//2349
f 823//2350 599//2350 601//2350
f 2043//2351 953//2351 1844//2351
f 1655//2352 451//2352 1124//2352
f 674//2353 1831//2353 1429//2353
f 2044//2354 1129//2354 1392//2354
f 1628//2355 684//2355 1869//2355
f 2045//2356 1135//2356 1494//2356
f 1314//2357 669//2357 1583//2357
f 821//2358 596//2358 598//2358
f 690//2359 1789//2359 1874//2359
f 462//2360 1587//2360 2046//2360
f 1432//2361 1394//2361 693//2361
f 1662//2362 1787//2362 597//2362
f 955//2363 1433//2363 1877//2363
f 1017//2364 468//2364 1141//2364
f 2047//2365 1018//2365 1496//2365
f 1280//2366 473//2366 475//2366
f 1232//2367 875//2367 1819//2367
f 1791//2368 1668//2368 1103//2368
f 1151//2369 705//2369 481//2369
f 594//2370 1217//2370 818//2370
f 2048//2371 1021//2371 1022//2371
f 881//2372 1236//2372 616//2372
f 1374//2373 1283//2373 711//2373
f 1337//2374 476//2374 703//2374
f 1504//2375 1024//2375 1336//2375
f 1793//2376 1675//2376 478//2376
f 1764//2377 1886//2377 716//2377
f 1402//2378 490//2378 1154//2378
f 1595//2379 885//2379 1505//2379
f 1266//2380 1089//2380 1265//2380
f 1752//2381 714//2381 1889//2381
f 1312//2382 1164//2382 1891//2382
f 1237//2383 895//2383 1820//2383
f 1031//2384 1094//2384 1030//2384
f 1602//2385 904//2385 1514//2385
f 1288//2386 1439//2386 733//2386
f 588//1387 1037//1387 589//1387
f 1242//2387 1041//2387 737//2387
f 1697//2388 1800//2388 509//2388
f 619//2389 618//2389 1044//2389
f 1605//2390 2049//2390 1606//2390
f 2050//2391 1836//2391 743//2391
f 1407//2392 742//2392 908//2392
f 965//2393 1040//2393 736//2393
f 1438//2394 1801//2394 1038//2394
f 745//2395 813//2395 746//2395
f 519//2396 911//2396 1169//2396
f 1046//2397 828//2397 830//2397
f 2051//2398 829//2398 1607//2398
f 1704//2399 2052//2399 1705//2399
f 1243//2400 913//2400 1822//2400
f 1851//2401 1464//2401 623//2401
f 1244//2402 917//2402 916//2402
f 1630//2403 762//2403 1910//2403
f 1534//2404 1379//2404 1296//2404
f 582//2405 1058//2405 583//2405
f 534//2406 1718//2406 2053//2406
f 1565//2407 1297//2407 768//2407
f 1460//2408 1182//2408 1809//2408
f 1380//2409 765//2409 1410//2409
f 1612//2410 1057//2410 1298//2410
f 1720//2411 785//2411 1543//2411
f 1768//2412 1920//2412 773//2412
f 2054//2413 627//2413 1615//2413
f 1722//2414 2055//2414 1723//2414
f 931//2415 774//2415 1188//2415
f 832//2416 630//2416 1249//2416
f 1840//2417 782//2417 1975//2417
f 1251//2418 780//2418 1977//2418
f 1540//2419 775//2419 1361//2419
f 777//2420 1063//2420 1099//2420
f 1267//2421 549//2421 1730//2421
f 789//2422 1449//2422 1926//2422
f 1769//2423 1929//2423 794//2423
f 1255//2424 936//2424 1824//2424
f 1254//2425 1194//2425 935//2425
f 1306//2426 560//2426 562//2426
f 1199//2427 791//2427 1069//2427
f 1631//2428 977//2428 1931//2428
f 1201//2429 799//2429 565//2429
f 1551//2430 941//2430 1200//2430
f 801//2431 800//2431 1981//2431
f 1370//2432 798//2432 797//2432
f 1571//2433 2056//2433 1454//2433
f 1072//2434 567//2434 1553//2434
f 1632//2435 981//2435 1937//2435
f 1849//2436 1457//2436 1568//2436
f 576//2437 1816//2437 2057//2437
f 577//2438 1416//2438 1307//2438
f 1212//2439 809//2439 1074//2439
f 1558//2440 824//2440 1947//2440
f 1633//2441 983//2441 1941//2441
f 1252//2442 1066//2442 786//2442
f 1218//2443 676//2443 869//2443
f 602//2444 1268//2444 1104//2444
f 984//2445 1107//2445 670//2445
f 1422//2446 1316//2446 640//2446
f 1466//2447 423//2447 1639//2447
f 2058//2448 1114//2448 1317//2448
f 1854//2449 641//2449 1467//2449
f 1986//2450 1853//2450 639//2450
f 1468//2451 2059//2451 1852//2451
f 1319//2452 419//2452 835//2452
f 1462//2453 992//2453 1773//2453
f 838//2454 638//2454 839//2454
f 1113//2455 1112//2455 836//2455
f 1221//2456 424//2456 1469//2456
f 1775//2457 1818//2457 603//2457
f 1470//2458 825//2458 1646//2458
f 1946//2459 1080//2459 1776//2459
f 1842//2460 637//2460 1856//2460
f 1560//2461 636//2461 1320//2461
f 2060//2462 1383//2462 2061//2462
f 1577//2463 420//2463 645//2463
f 421//2464 1640//2464 2062//2464
f 646//2465 993//2465 1081//2465
f 948//2466 947//2466 1471//2466
f 1461//2467 653//2467 1219//2467
f 1386//2468 1115//2468 647//2468
f 1777//2469 996//2469 1473//2469
f 1479//2470 606//2470 1636//2470
f 998//668 997//668 826//668
f 1761//2471 1988//2471 648//2471
f 1644//2472 426//2472 1641//2472
f 1223//2473 844//2473 427//2473
f 1474//2474 1642//2474 425//2474
f 841//2475 649//2475 1116//2475
f 1476//2476 1778//2476 1000//2476
f 1424//2477 651//2477 1387//2477
f 1950//2478 1083//2478 1858//2478
f 1271//2479 431//2479 433//2479
f 995//2480 429//2480 1645//2480
f 654//2481 604//2481 1001//2481
f 2063//2482 652//2482 1990//2482
f 1647//2483 1643//2483 430//2483
f 2064//2484 1472//2484 1117//2484
f 432//2485 1779//2485 2065//2485
f 843//2486 1224//2486 1084//2486
f 1427//2487 1388//2487 661//2487
f 1648//2488 438//2488 1478//2488
f 2066//2489 1120//2489 1477//2489
f 1649//2490 849//2490 1951//2490
f 1948//2491 822//2491 1580//2491
f 1106//2492 850//2492 827//2492
f 1627//2493 1992//2493 660//2493
f 852//2494 659//2494 853//2494
f 1119//2495 1651//2495 437//2495
f 1225//2496 1118//2496 854//2496
f 855//2497 441//2497 1861//2497
f 949//2498 1004//2498 656//2498
f 2067//2499 1425//2499 846//2499
f 1273//2500 440//2500 442//2500
f 1653//2501 1482//2501 600//2501
f 1781//2502 1121//2502 1993//2502
f 1747//2503 950//2503 1994//2503
f 1426//2504 658//2504 1325//2504
f 2068//2505 1481//2505 951//2505
f 1862//2506 1650//2506 434//2506
f 1272//2507 1002//2507 657//2507
f 1003//2508 435//2508 1654//2508
f 1005//2509 1128//2509 663//2509
f 1581//2510 444//2510 1483//2510
f 2069//2511 1125//2511 1389//2511
f 851//2512 1484//2512 2070//2512
f 1850//2513 1573//2513 608//2513
f 1780//2514 677//2514 1485//2514
f 448//2515 1391//2515 1262//2515
f 859//2516 858//2516 610//2516
f 1864//2517 1828//2517 666//2517
f 1226//2518 445//2518 1487//2518
f 1658//2519 1863//2519 443//2519
f 862//2520 447//2520 1952//2520
f 1123//2521 1126//2521 861//2521
f 665//2522 667//2522 857//2522
f 952//2523 662//2523 664//2523
f 1659//2524 1486//2524 1007//2524
f 601//931 1006//931 1008//931
f 1275//2525 1865//2525 1274//2525
f 953//2526 1428//2526 1845//2526
f 2071//2527 1326//2527 2072//2527
f 1782//2528 449//2528 451//2528
f 1488//2529 446//2529 1261//2529
f 1783//2530 1584//2530 454//2530
f 668//2531 609//2531 1582//2531
f 860//2532 1490//2532 1656//2532
f 1491//2533 2073//2533 1867//2533
f 1131//2534 457//2534 1585//2534
f 672//2535 1276//2535 1330//2535
f 2074//2536 1830//2536 674//2536
f 1392//2537 1393//2537 863//2537
f 1663//2538 456//2538 1660//2538
f 1227//2539 1130//2539 865//2539
f 866//2540 671//2540 1868//2540
f 673//2541 675//2541 864//2541
f 867//2542 1785//2542 868//2542
f 1997//2543 1086//2543 1784//2543
f 1088//2544 1087//2544 1132//2544
f 2075//2545 1489//2545 1134//2545
f 1661//2546 680//2546 679//2546
f 1664//2547 452//2547 1133//2547
f 682//2548 681//2548 683//2548
f 684//2549 1430//2549 1870//2549
f 954//2550 685//2550 687//2550
f 1586//2551 459//2551 1665//2551
f 1136//2552 1873//2552 2076//2552
f 985//2553 669//2553 1229//2553
f 1016//679 1015//679 702//679
f 2077//2554 688//2554 690//2554
f 1999//2555 1872//2555 692//2555
f 1228//2556 460//2556 1588//2556
f 1463//2557 1013//2557 1953//2557
f 689//2558 611//2558 613//2558
f 1494//2559 1332//2559 872//2559
f 1277//2560 1137//2560 870//2560
f 1493//2561 2078//2561 1666//2561
f 871//2562 462//2562 1875//2562
f 691//2563 693//2563 873//2563
f 1278//2564 1139//2564 1012//2564
f 1787//2565 1431//2565 1014//2565
f 1998//2566 820//2566 1492//2566
f 2001//2567 1138//2567 1788//2567
f 1495//2568 1871//2568 466//2568
f 2079//2569 1395//2569 956//2569
f 1230//2570 1011//2570 686//2570
f 1667//2571 465//2571 461//2571
f 1749//2572 955//2572 1876//2572
f 1562//2573 1279//2573 699//2573
f 1589//2574 471//2574 1790//2574
f 2080//2575 1143//2575 1333//2575
f 1334//2576 697//2576 876//2576
f 2002//2577 1878//2577 698//2577
f 1590//2578 2081//2578 1591//2578
f 1020//2579 1846//2579 1496//2579
f 1019//2580 612//2580 882//2580
f 472//2581 875//2581 1497//2581
f 877//2582 1140//2582 1231//2582
f 1881//2583 1144//2583 1954//2583
f 1669//2584 473//2584 1142//2584
f 1145//2585 695//2585 1141//2585
f 1498//2586 700//2586 1338//2586
f 1786//2587 821//2587 701//2587
f 1563//2588 696//2588 1397//2588
f 1499//2589 1670//2589 469//2589
f 2082//2590 1500//2590 1146//2590
f 957//2591 1147//2591 694//2591
f 474//2592 1671//2592 2083//2592
f 1750//2593 958//2593 1879//2593
f 706//2594 960//2594 707//2594
f 1672//2595 480//2595 1501//2595
f 2084//2596 1592//2596 1398//2596
f 1673//2597 1382//2597 880//2597
f 2085//2598 1021//2598 1955//2598
f 1233//2599 481//2599 1503//2599
f 2086//2600 2005//2600 710//2600
f 1399//2601 709//2601 878//2601
f 879//2602 711//2602 1150//2602
f 1674//2603 1882//2603 479//2603
f 1023//2604 704//2604 1956//2604
f 1959//2605 1282//2605 1883//2605
f 1263//2606 1148//2606 1149//2606
f 1668//2607 1677//2607 819//2607
f 1958//2608 593//2608 1502//2608
f 1434//2609 708//2609 1281//2609
f 2087//2610 1504//2610 1152//2610
f 1593//2611 1793//2611 959//2611
f 1679//2612 477//2612 476//2612
f 1751//2613 962//2613 1884//2613
f 712//2614 893//2614 713//2614
f 715//2615 717//2615 886//2615
f 1680//2616 483//2616 482//2616
f 1682//2617 487//2617 892//2617
f 1683//2618 615//2618 2088//2618
f 1957//2619 1676//2619 883//2619
f 616//2620 884//2620 614//2620
f 1235//2621 484//2621 1594//2621
f 888//2622 489//2622 1960//2622
f 1509//2623 1599//2623 718//2623
f 1156//2624 2089//2624 2090//2624
f 716//2625 1887//2625 1564//2625
f 1595//2626 2091//2626 1339//2626
f 1155//2627 1154//2627 887//2627
f 1506//2628 2092//2628 1681//2628
f 889//2629 1678//2629 890//2629
f 1508//2630 488//2630 1265//2630
f 1507//2631 1600//2631 1028//2631
f 595//2632 594//2632 891//2632
f 1792//2633 591//2633 1513//2633
f 1285//2634 2009//2634 1284//2634
f 2093//2635 1400//2635 1153//2635
f 1794//2636 1684//2636 485//2636
f 1234//2637 1091//2637 1090//2637
f 714//2638 1435//2638 1890//2638
f 1375//2639 1344//2639 723//2639
f 1596//2640 492//2640 1597//2640
f 2094//2641 1961//2641 1340//2641
f 1026//2642 1025//2642 720//2642
f 2010//2643 1832//2643 722//2643
f 1341//2644 721//2644 896//2644
f 1286//2645 1157//2645 894//2645
f 1687//2646 1598//2646 491//2646
f 493//2647 895//2647 1512//2647
f 495//2648 497//2648 1686//2648
f 1437//2649 725//2649 1403//2649
f 1287//2650 494//2650 496//2650
f 898//2651 590//2651 592//2651
f 1029//2652 1601//2652 899//2652
f 1894//2653 1092//2653 1962//2653
f 2095//2654 1342//2654 1158//2654
f 1688//2655 1685//2655 499//2655
f 1343//2656 900//2656 724//2656
f 901//2657 1238//2657 1093//2657
f 1031//2658 498//2658 1689//2658
f 1753//2659 726//2659 1892//2659
f 727//2660 505//2660 1239//2660
f 1161//2661 1160//2661 902//2661
f 2096//2662 1896//2662 1602//2662
f 1027//2663 1690//2663 1511//2663
f 987//2664 719//2664 1347//2664
f 1835//2665 1895//2665 734//2665
f 1516//2666 2097//2666 1693//2666
f 508//2667 1405//2667 1289//2667
f 1240//2668 502//2668 1603//2668
f 903//2669 507//2669 1897//2669
f 1637//2670 1035//2670 1963//2670
f 731//2671 730//2671 986//2671
f 1692//2672 501//2672 500//2672
f 733//2673 735//2673 905//2673
f 1901//2674 1162//2674 1964//2674
f 1163//2675 728//2675 1032//2675
f 1510//2676 1694//2676 588//2676
f 1517//2677 1036//2677 1699//2677
f 1164//2678 1216//2678 587//2678
f 1754//2679 964//2679 1899//2679
f 1440//2680 729//2680 1404//2680
f 2098//2681 1345//2681 1159//2681
f 1796//2682 1691//2682 503//2682
f 1346//2683 1034//2683 963//2683
f 1033//2684 504//2684 1695//2684
f 517//2685 1290//2685 1292//2685
f 1696//2686 513//2686 1799//2686
f 2099//2687 1798//2687 1406//2687
f 1043//2688 1898//2688 732//2688
f 743//2689 1837//2689 1442//2689
f 742//2690 744//2690 909//2690
f 1291//2691 1165//2691 906//2691
f 1241//2692 1605//2692 512//2692
f 514//2693 907//2693 1518//2693
f 516//2694 1800//2694 2100//2694
f 1698//2695 510//2695 515//2695
f 1519//2696 739//2696 1418//2696
f 1039//2697 1038//2697 741//2697
f 1802//2698 1166//2698 1965//2698
f 1629//2699 966//2699 2014//2699
f 1441//2700 738//2700 1520//2700
f 1700//2701 511//2701 1040//2701
f 1042//2702 1167//2702 1041//2702
f 967//2703 1521//2703 1348//2703
f 1443//2704 1523//2704 750//2704
f 1444//2705 747//2705 1352//2705
f 2101//2706 1173//2706 1349//2706
f 1046//2707 1420//2707 1220//2707
f 1522//2708 618//2708 1419//2708
f 1045//2709 1966//2709 2102//2709
f 585//2710 1172//2710 816//2710
f 1944//2711 1575//2711 620//2711
f 919//2712 1712//2712 1607//2712
f 2016//2713 1904//2713 749//2713
f 1350//2714 748//2714 910//2714
f 1525//2715 518//2715 1705//2715
f 1169//2716 1168//2716 912//2716
f 1243//2717 520//2717 1524//2717
f 2103//2718 1526//2718 1101//2718
f 1967//2719 1174//2719 1907//2719
f 1351//2720 521//2720 914//2720
f 1049//2721 812//2721 1528//2721
f 1175//2722 746//2722 1048//2722
f 1706//2723 1527//2723 1050//2723
f 1821//2724 1171//2724 1702//2724
f 1755//2725 969//2725 1905//2725
f 2104//2726 1353//2726 1170//2726
f 1707//2727 1708//2727 811//2727
f 1354//2728 1047//2728 968//2728
f 523//2729 1709//2729 2105//2729
f 1408//2730 1767//2730 757//2730
f 915//2731 1293//2731 1356//2731
f 1804//2732 525//2732 1710//2732
f 1711//2733 1806//2733 528//2733
f 2106//2734 1634//2734 1608//2734
f 1703//2735 755//2735 1529//2735
f 1531//2736 1909//2736 524//2736
f 1294//2737 526//2737 1609//2737
f 1054//2738 529//2738 1968//2738
f 1108//2739 918//2739 622//2739
f 1766//2740 2018//2740 758//2740
f 921//2741 759//2741 917//2741
f 1097//2742 1096//2742 1055//2742
f 586//704 1051//704 1245//704
f 1095//2743 2019//2743 1409//2743
f 2107//2744 1532//2744 1176//2744
f 1714//2745 752//2745 751//2745
f 760//2746 753//2746 761//2746
f 1713//2747 970//2747 527//2747
f 762//2748 1445//2748 1911//2748
f 2108//2749 1969//2749 1534//2749
f 989//2750 1912//2750 1530//2750
f 1180//2751 988//2751 625//2751
f 922//2752 754//2752 756//2752
f 1178//2753 532//2753 1613//2753
f 1109//2754 626//2754 628//2754
f 1181//2755 1973//2755 1535//2755
f 1357//2756 533//2756 535//2756
f 1914//2757 1838//2757 767//2757
f 1717//2758 924//2758 531//2758
f 1536//2759 2109//2759 1716//2759
f 927//2760 534//2760 1913//2760
f 1246//2761 1179//2761 926//2761
f 766//2762 768//2762 925//2762
f 1803//2763 1970//2763 1053//2763
f 1610//2764 2110//2764 1052//2764
f 1187//2765 537//2765 1719//2765
f 1971//2766 1184//2766 1917//2766
f 1847//2767 972//2767 1915//2767
f 2111//2768 1612//2768 1611//2768
f 1918//2769 536//2769 538//2769
f 1295//2770 1186//2770 764//2770
f 971//2771 763//2771 765//2771
f 1446//2772 771//2772 1538//2772
f 1248//2773 1061//2773 770//2773
f 2112//2774 1308//2774 1411//2774
f 1360//2775 624//2775 1464//2775
f 773//2776 1921//2776 1447//2776
f 1412//2777 2113//2777 772//2777
f 1721//2778 543//2778 1614//2778
f 544//2779 929//2779 1537//2779
f 1300//2780 1722//2780 542//2780
f 1247//2781 1188//2781 928//2781
f 973//2782 1060//2782 769//2782
f 2114//2783 1757//2783 923//2783
f 1301//2784 539//2784 541//2784
f 2115//2785 1808//2785 1058//2785
f 1810//2786 1182//2786 581//2786
f 1807//2787 1190//2787 1974//2787
f 1539//2788 1724//2788 547//2788
f 2116//2789 1358//2789 975//2789
f 540//2790 545//2790 1725//2790
f 1062//2791 546//2791 1616//2791
f 1756//2792 974//2792 2022//2792
f 2117//2793 1381//2793 1541//2793
f 1065//2794 2118//2794 1615//2794
f 1728//2795 1189//2795 1972//2795
f 1976//2796 1064//2796 1546//2796
f 1362//2797 548//2797 932//2797
f 779//2798 1812//2798 2119//2798
f 1465//2799 630//2799 1811//2799
f 1841//2800 1923//2800 782//2800
f 1448//2801 1413//2801 783//2801
f 933//2802 781//2802 934//2802
f 1727//2803 552//2803 1729//2803
f 1251//2804 553//2804 1617//2804
f 1542//2805 2120//2805 1924//2805
f 1302//2806 1192//2806 778//2806
f 2121//2807 1928//2807 1059//2807
f 1544//2808 2122//2808 1067//2808
f 1543//2809 784//2809 1310//2809
f 1927//2810 1304//2810 1978//2810
f 2123//2811 1540//2811 1193//2811
f 1618//2812 1726//2812 776//2812
f 1267//2813 1098//2813 1100//2813
f 1758//2814 789//2814 1925//2814
f 787//2815 777//2815 788//2815
f 1813//2816 555//2816 1619//2816
f 2124//2817 1195//2817 1364//2817
f 990//2818 1734//2818 991//2818
f 1111//2819 1110//2819 632//2819
f 561//2820 557//2820 1732//2820
f 794//2821 1930//2821 1450//2821
f 1365//2822 793//2822 937//2822
f 1736//2823 2125//2823 1737//2823
f 1255//2824 556//2824 1547//2824
f 938//2825 795//2825 1194//2825
f 976//2826 790//2826 792//2826
f 1979//2827 1759//2827 815//2827
f 1922//2828 1309//2828 1620//2828
f 579//2829 1250//2829 814//2829
f 1198//2830 2026//2830 1415//2830
f 2126//2831 1545//2831 1196//2831
f 1733//2832 1731//2832 559//2832
f 1738//2833 560//2833 1070//2833
f 1253//2834 558//2834 1069//2834
f 977//2835 1566//2835 1932//2835
f 2127//2836 1203//2836 1366//2836
f 634//2837 1550//2837 1735//2837
f 1202//2838 1315//2838 1814//2838
f 1980//2839 633//2839 1741//2839
f 1256//2840 565//2840 1552//2840
f 834//2841 1214//2841 1215//2841
f 1770//2842 2027//2842 803//2842
f 1451//2843 1551//2843 804//2843
f 1621//2844 564//2844 1548//2844
f 939//2845 802//2845 940//2845
f 1742//2846 1934//2846 563//2846
f 980//2847 978//2847 796//2847
f 2128//2848 2129//2848 1197//2848
f 2130//2849 1571//2849 1570//2849
f 1622//2850 578//2850 1076//2850
f 580//1801 1826//1801 1417//1801
f 1936//2851 1205//2851 2029//2851
f 2131//2852 1549//2852 1204//2852
f 1740//2853 568//2853 979//2853
f 800//2854 1743//2854 2132//2854
f 1072//2855 566//2855 1369//2855
f 1207//2856 1071//2856 797//2856
f 981//2857 1452//2857 1938//2857
f 1209//2858 1208//2858 942//2858
f 1554//2859 573//2859 1817//2859
f 2133//2860 1210//2860 1557//2860
f 1638//2861 833//2861 1815//2861
f 1459//2862 1458//2862 2134//2862
f 2031//2863 1940//2863 806//2863
f 1624//2864 2135//2864 1625//2864
f 1556//2865 1078//2865 1421//2865
f 1079//2866 642//2866 1077//2866
f 1567//2867 1457//2867 1939//2867
f 1569//2868 1416//2868 807//2868
f 944//2869 805//2869 945//2869
f 1258//2870 574//2870 1555//2870
f 943//2871 576//2871 1827//2871
f 2136//2872 1774//2872 1626//2872
f 1623//2873 1269//2873 1558//2873
f 1456//1234 1455//1234 2137//1234
f 1211//2874 2033//2874 1372//2874
f 1746//2875 1744//2875 571//2875
f 1745//2876 575//2876 1075//2876
f 1257//2877 570//2877 1074//2877
f 982//2878 808//2878 810//2878
f 983//2879 1453//2879 1942//2879
f 1213//2880 1559//2880 1373//2880
