# Blender 5.2.2 LTS
# www.blender.org
mtllib front_left_wheel_visuals.mtl
o front_left_wheel
v 0.319933 -4.003549 -2.593781
v 0.603202 -3.404649 -3.323571
v 0.603202 -4.003549 -2.593781
v 0.319933 -4.448349 -1.761532
v 0.603202 -4.448349 -1.761532
v 0.319933 -4.722350 -0.858301
v 0.603202 -4.722350 -0.858301
v 0.300892 -3.990749 -2.585241
v 0.319933 -4.814849 0.081028
v 0.603202 -4.814849 0.081028
v 0.300892 -4.434149 -1.755652
v 0.300892 -4.707250 -0.855302
v 0.319933 -4.722350 1.020408
v 0.603202 -4.722350 1.020408
v 0.300892 -4.799549 0.081028
v 0.319933 -4.448349 1.923588
v 0.603202 -4.448349 1.923588
v 0.300892 -4.707250 1.017408
v 0.319933 -4.003448 2.756008
v 0.603202 -4.003448 2.756008
v 0.300892 -4.434149 1.917708
v 0.319933 -3.404649 3.485638
v 0.603202 -3.404649 3.485638
v 0.300892 -3.990649 2.747478
v 0.319933 -2.674950 4.084428
v 0.603202 -2.674950 4.084428
v 0.300892 -3.393749 3.474778
v 0.319933 -1.842448 4.529408
v 0.603202 -1.842448 4.529408
v 0.300892 -2.666449 4.071658
v 0.319933 -0.939349 4.803358
v 0.603202 -0.939349 4.803358
v 0.300892 -1.836549 4.515218
v 0.319933 -0.000049 4.895875
v 0.603202 -0.000049 4.895875
v 0.300892 -0.936350 4.788288
v 0.319933 0.939351 4.803358
v 0.603202 0.939351 4.803358
v 0.300892 -0.000049 4.880517
v 0.319933 1.842551 4.529368
v 0.603202 1.842551 4.529368
v 0.300892 0.936351 4.788288
v 0.319933 2.674951 4.084428
v 0.603202 2.674951 4.084428
v 0.300892 1.836650 4.515178
v 0.319933 3.404550 3.485648
v 0.603202 3.404550 3.485648
v 0.300892 2.666451 4.071658
v -0.086628 0.593451 3.064648
v 0.603202 3.404550 3.485648
v 0.319933 4.003351 2.756008
v 0.603202 4.003351 2.756008
v 0.300892 3.393752 3.474788
v -0.086628 1.164151 2.891538
v 0.319933 4.448350 1.923598
v 0.603202 4.448350 1.923598
v 0.300892 3.990651 2.747478
v -0.086628 1.690051 2.610418
v 0.319933 4.722351 1.020388
v 0.603202 4.722351 1.020388
v 0.300892 4.434151 1.917718
v -0.086628 2.151051 2.232098
v 0.319933 4.814851 0.081028
v 0.603202 4.814851 0.081028
v 0.300892 4.707251 1.017388
v -0.086628 2.529350 1.771108
v 0.319933 4.722351 -0.858292
v 0.603202 4.722351 -0.858292
v 0.300892 4.799451 0.081028
v -0.086628 2.810551 1.245168
v 0.319933 4.448350 -1.761532
v 0.603202 4.448350 -1.761532
v 0.300892 4.707251 -0.855302
v -0.086628 2.983650 0.674498
v 0.319933 4.003351 -2.593951
v 0.603202 4.003351 -2.593951
v 0.300892 4.434151 -1.755652
v -0.086628 3.042050 0.081018
v 0.319933 3.404550 -3.323581
v 0.603202 3.404550 -3.323581
v 0.300892 3.990651 -2.585412
v -0.086628 2.983650 -0.512472
v 0.319933 2.674951 -3.922361
v 0.603202 2.674951 -3.922361
v 0.300892 3.393752 -3.312721
v -0.086628 2.810551 -1.083141
v 0.319933 1.842551 -4.367341
v 0.603202 1.842551 -4.367341
v 0.300892 2.666451 -3.909591
v -0.086628 2.529350 -1.609081
v 0.319933 0.939351 -4.641341
v 0.603202 0.939351 -4.641341
v 0.300892 1.836650 -4.353141
v -0.086628 2.151051 -2.070071
v 0.319933 -0.000049 -4.733841
v 0.603202 -0.000049 -4.733841
v 0.300892 0.936351 -4.626241
v -0.086628 1.690051 -2.448391
v 0.319933 -0.939449 -4.641241
v 0.603202 -0.939449 -4.641241
v 0.300892 -0.000049 -4.718441
v -0.086628 1.164151 -2.729511
v 0.319933 -1.842549 -4.367341
v 0.603202 -1.842549 -4.367341
v 0.300892 -0.936449 -4.626241
v -0.086628 0.593451 -2.902621
v 0.319933 -2.674950 -3.922361
v 0.603202 -2.674950 -3.922361
v 0.300892 -1.836649 -4.353141
v -0.086628 -0.000049 -2.961071
v 0.319933 -3.404649 -3.323571
v 0.603202 -3.404649 -3.323571
v 0.300892 -2.666449 -3.909591
v 0.300892 -3.393749 -3.312711
v -0.086628 -0.593549 -2.902601
v -0.086628 -1.164150 -2.729511
v -0.086628 -1.690149 -2.448391
v -0.086628 -2.151050 -2.070071
v -0.094148 -0.000049 -2.892101
v -0.094148 -0.580150 -2.834961
v -0.094148 0.580051 -2.834971
v -0.094148 -1.137749 -2.665791
v -0.094148 1.137750 -2.665791
v -0.094148 -1.651749 -2.391041
v -0.094148 1.651750 -2.391041
v -0.094148 -2.102350 -2.021301
v -0.094148 2.102251 -2.021301
v -0.086628 -2.529449 -1.609081
v -0.094148 -2.472049 -1.570762
v -0.094148 2.472050 -1.570762
v -0.086628 -2.810550 -1.083141
v -0.094148 2.746752 -1.056751
v -0.094148 -2.746849 -1.056751
v -0.094148 2.915951 -0.499012
v -0.086628 -2.983649 -0.512472
v -0.094148 -2.916049 -0.499012
v -0.094148 2.973052 0.081018
v -0.086628 -3.042149 0.081009
v -0.094148 -2.973149 0.081009
v -0.094148 2.915951 0.661039
v -0.086628 -2.983649 0.674488
v -0.094148 -2.916049 0.661039
v -0.094148 2.746752 1.218778
v -0.086628 -2.810550 1.245168
v -0.094148 -2.746849 1.218768
v -0.094148 2.472050 1.732788
v -0.086628 -2.529449 1.771098
v -0.094148 -2.472049 1.732788
v -0.094148 2.102251 2.183328
v -0.086628 -2.151050 2.232098
v -0.094148 -2.102350 2.183318
v -0.094148 1.651750 2.553068
v -0.086628 -1.690149 2.610418
v -0.094148 -1.651749 2.553068
v -0.094148 1.137750 2.827818
v -0.086628 -1.164150 2.891538
v -0.094148 -1.137749 2.827818
v -0.086628 -0.593549 3.064648
v -0.094148 -0.580049 2.996998
v -0.094148 0.580051 2.996998
v -0.086628 -0.000049 3.123098
v -0.094148 -0.000049 3.054128
v 0.603202 -0.939449 -4.641241
v 0.603202 -0.000049 -4.733841
v 0.620472 -0.936049 -4.624241
v 0.620472 -1.835950 -4.351241
v 0.603202 -1.842549 -4.367341
v 0.620472 -0.000049 -4.716441
v 0.603202 0.939351 -4.641341
v 0.620472 -0.929250 -4.590240
v 0.620472 -2.665349 -3.907931
v 0.603202 -2.674950 -3.922361
v 0.620472 0.935951 -4.624241
v 0.603202 1.842551 -4.367341
v 0.620472 -3.392349 -3.311311
v 0.603202 -3.404649 -3.323571
v 0.620472 -1.822649 -4.319241
v 0.620472 -2.646049 -3.879071
v 0.620472 -3.989049 -2.584141
v 0.603202 -4.003549 -2.593781
v 0.620472 -3.367850 -3.286761
v 0.620472 -4.432349 -1.754892
v 0.603202 -4.448349 -1.761532
v 0.620472 -3.960249 -2.564851
v 0.620472 -4.705349 -0.854912
v 0.603202 -4.722350 -0.858301
v 0.620472 -4.400249 -1.741601
v 0.620472 -4.797550 0.081028
v 0.603202 -4.814849 0.081028
v 0.620472 -4.671249 -0.848141
v 0.620472 -4.705349 1.017018
v 0.603202 -4.722350 1.020408
v 0.620472 -4.762849 0.081028
v 0.620472 -4.432349 1.916948
v 0.603202 -4.448349 1.923588
v 0.620472 -4.671249 1.010248
v 0.620472 -3.988950 2.746368
v 0.603202 -4.003448 2.756008
v 0.620472 -4.400249 1.903668
v 0.620472 -3.392349 3.473368
v 0.603202 -3.404649 3.485638
v 0.620472 -3.960149 2.727088
v 0.620472 -2.665349 4.069998
v 0.603202 -2.674950 4.084428
v 0.620472 -3.367850 3.448828
v 0.620472 -1.835849 4.513378
v 0.603202 -1.842448 4.529408
v 0.620472 -2.646049 4.041138
v 0.620472 -0.935950 4.786338
v 0.603202 -0.939349 4.803358
v 0.620472 -1.822549 4.481318
v 0.620472 -0.000049 4.878526
v 0.603202 -0.000049 4.895875
v 0.620472 -0.929149 4.752298
v 0.620472 0.935951 4.786338
v 0.603202 0.939351 4.803358
v 0.620472 -0.000049 4.843814
v 0.620472 1.835951 4.513338
v 0.603202 1.842551 4.529368
v 0.620472 0.929150 4.752298
v 0.620472 2.665350 4.069998
v 0.603202 2.674951 4.084428
v 0.620472 1.822650 4.481268
v 0.620472 3.392351 3.473378
v 0.603202 3.404550 3.485648
v 0.620472 2.646051 4.041138
v 0.620472 3.988951 2.746368
v 0.603202 4.003351 2.756008
v 0.620472 3.367751 3.448828
v 0.620472 4.432251 1.916958
v 0.603202 4.448350 1.923598
v 0.620472 3.960051 2.727088
v 0.620472 4.705251 1.016998
v 0.603202 4.722351 1.020388
v 0.620472 4.400250 1.903678
v 0.620472 4.797451 0.081028
v 0.603202 4.814851 0.081028
v 0.620472 4.671251 1.010228
v 0.620472 4.705251 -0.854912
v 0.603202 4.722351 -0.858292
v 0.620472 4.762750 0.081028
v 0.620472 4.432251 -1.754892
v 0.603202 4.448350 -1.761532
v 0.620472 4.671251 -0.848141
v 0.620472 3.988951 -2.584311
v 0.603202 4.003351 -2.593951
v 0.620472 4.400250 -1.741601
v 0.620472 3.392351 -3.311311
v 0.603202 3.404550 -3.323581
v 0.620472 3.960051 -2.565021
v 0.620472 2.665350 -3.907931
v 0.603202 2.674951 -3.922361
v 0.620472 3.367751 -3.286761
v 0.620472 1.835951 -4.351241
v 0.620472 2.646051 -3.879071
v 0.620472 1.822650 -4.319241
v 0.620472 0.929150 -4.590240
v 0.603202 1.815952 -4.303141
v 0.620472 -0.000049 -4.681741
v 0.603202 0.925751 -4.573241
v 0.603202 -0.000049 -4.664441
v 0.603202 -0.925850 -4.573241
v 0.603202 -1.816049 -4.303141
v 0.352182 -0.925850 -4.573241
v 0.603202 -2.636449 -3.864651
v 0.352182 -1.816049 -4.303141
v 0.603202 -3.355550 -3.274492
v 0.352182 -2.636449 -3.864651
v 0.603202 -3.945850 -2.555211
v 0.352182 -3.355550 -3.274492
v 0.603202 -4.384250 -1.734971
v 0.352182 -3.945850 -2.555211
v 0.603202 -4.654249 -0.844762
v 0.352182 -4.384250 -1.734971
v 0.603202 -4.745449 0.081028
v 0.352182 -4.654249 -0.844762
v 0.603202 -4.654249 1.006868
v 0.352182 -4.745449 0.081028
v 0.603202 -4.384250 1.897028
v 0.352182 -4.654249 1.006868
v 0.603202 -3.945749 2.717448
v 0.352182 -4.384250 1.897028
v 0.603202 -3.355550 3.436558
v 0.352172 -3.945749 2.717448
v 0.603202 -2.636449 4.026708
v 0.352172 -3.355550 3.436558
v 0.603202 -1.815948 4.465288
v 0.352172 -2.636449 4.026708
v 0.603202 -0.925850 4.735278
v 0.352172 -1.815948 4.465288
v 0.603202 -0.000049 4.826464
v 0.352172 -0.925850 4.735278
v 0.603202 0.925751 4.735278
v 0.352172 -0.000049 4.826464
v 0.603202 1.815952 4.465238
v 0.352172 0.925751 4.735278
v 0.603202 2.636351 4.026718
v 0.352172 1.815952 4.465238
v 0.603202 3.355551 3.436558
v 0.352172 2.636351 4.026718
v 0.603202 3.945651 2.717448
v 0.352172 3.355551 3.436558
v 0.603202 4.384151 1.897038
v 0.352172 3.945651 2.717448
v 0.603202 4.654251 1.006848
v 0.352182 4.384151 1.897038
v 0.603202 4.745451 0.081028
v 0.352182 4.654251 1.006848
v 0.603202 4.654251 -0.844752
v 0.352182 4.745451 0.081028
v 0.603202 4.384151 -1.734962
v 0.352182 4.654251 -0.844752
v 0.603202 3.945651 -2.555382
v 0.352182 4.384151 -1.734962
v 0.603202 3.355551 -3.274492
v 0.352182 3.945651 -2.555382
v 0.603202 2.636351 -3.864651
v 0.352182 3.355551 -3.274492
v 0.352182 2.636351 -3.864651
v 0.352182 1.815952 -4.303141
v 0.316132 2.620151 -3.840301
v 0.352182 0.925751 -4.573241
v 0.316132 1.804752 -4.276141
v 0.352182 -0.000049 -4.664441
v 0.316132 0.920052 -4.544441
v 0.316132 -0.000049 -4.635141
v 0.316132 -0.920149 -4.544441
v 0.316132 -1.804849 -4.276141
v -0.039878 -0.594049 -2.904821
v 0.316132 -2.620149 -3.840291
v -0.039878 -1.165050 -2.731591
v 0.316132 -3.334850 -3.253782
v -0.039878 -1.691350 -2.450271
v 0.316132 -3.921449 -2.538942
v -0.039878 -2.152649 -2.071661
v 0.316132 -4.357149 -1.723762
v -0.039878 -2.531249 -1.610332
v 0.316132 -4.625549 -0.839042
v -0.039878 -2.812649 -1.084012
v 0.316132 -4.716149 0.081028
v -0.039878 -2.985849 -0.512912
v 0.316132 -4.625549 1.001148
v -0.039878 -3.044350 0.081009
v 0.316132 -4.357149 1.885818
v -0.039878 -2.985849 0.674928
v 0.316132 -3.921349 2.701178
v -0.039878 -2.812649 1.246028
v 0.316132 -3.334850 3.415848
v -0.039878 -2.531349 1.772358
v 0.316132 -2.620149 4.002357
v -0.039878 -2.152649 2.233688
v 0.316132 -1.804749 4.438228
v -0.039878 -1.691350 2.612298
v 0.316132 -0.920049 4.706548
v -0.039878 -1.165050 2.893618
v 0.316132 -0.000049 4.797178
v -0.039878 -0.593950 3.066858
v 0.316132 0.920052 4.706548
v -0.039878 -0.000049 3.125358
v -0.047147 -0.580449 2.999188
v 0.316132 1.804752 4.438178
v -0.047147 -0.000049 3.056358
v -0.047147 -1.138649 2.829878
v -0.047147 0.580450 2.999188
v -0.039878 0.593951 3.066858
v -0.047147 1.138551 2.829878
v -0.047147 -1.653049 2.554918
v -0.039878 1.165051 2.893628
v -0.047147 1.652951 2.554928
v -0.047147 -2.103949 2.184898
v 0.316132 2.620151 4.002357
v -0.039878 1.691351 2.612298
v 0.316132 3.334750 3.415848
v -0.047147 2.103851 2.184898
v -0.039878 2.152651 2.233688
v 0.316132 3.921350 2.701178
v -0.047147 -2.473949 1.734028
v -0.047147 2.473851 1.734028
v -0.039878 2.531252 1.772358
v 0.316132 4.357151 1.885828
v -0.047147 2.748851 1.219628
v -0.039878 2.812550 1.246038
v 0.316132 4.625450 1.001128
v -0.047147 -2.748850 1.219628
v -0.047147 2.918150 0.661478
v -0.047147 -2.918149 0.661468
v -0.039878 2.985851 0.674938
v -0.047147 2.975351 0.081018
v -0.047147 -2.975349 0.081009
v 0.316132 4.716152 0.081028
v -0.039878 3.044351 0.081018
v 0.316132 4.625551 -0.839042
v -0.047147 2.918150 -0.499441
v -0.039878 2.985851 -0.512912
v 0.316132 4.357151 -1.723752
v -0.047147 -2.918149 -0.499451
v -0.047147 2.748851 -1.057602
v -0.047147 -2.748850 -1.057602
v -0.039878 2.812550 -1.084002
v -0.047147 2.473851 -1.572001
v -0.047147 -2.473949 -1.572001
v 0.316132 3.921350 -2.539111
v -0.039878 2.531252 -1.610332
v 0.316132 3.334851 -3.253791
v -0.047147 2.103851 -2.022871
v -0.039878 2.152651 -2.071671
v -0.047147 -2.103949 -2.022871
v -0.047147 1.652951 -2.392901
v -0.039878 1.691351 -2.450271
v -0.047147 -1.653049 -2.392891
v -0.047147 1.138551 -2.667851
v -0.039878 1.165051 -2.731601
v -0.047147 -1.138649 -2.667851
v -0.047147 0.580450 -2.837161
v -0.039878 0.593951 -2.904831
v -0.047147 -0.580550 -2.837141
v -0.047147 -0.000049 -2.894331
v -0.039878 -0.000049 -2.963331
v 2.609083 2.122551 3.718298
v 2.772383 2.306351 4.031258
v 2.609083 1.497450 4.017338
v -2.797228 -4.206150 -0.130012
v -2.960668 -4.570149 -0.148202
v -2.797228 -4.185149 0.562878
v -2.797228 4.206151 0.292488
v -2.960668 4.570151 0.310669
v -2.797228 4.185251 -0.399702
v -2.797218 2.123550 3.717338
v -2.797218 1.497852 4.016818
v -2.960668 2.307552 4.030528
v -2.797218 -2.477550 3.486108
v -2.960668 -2.691950 3.779538
v -2.797218 -1.885149 3.846938
v -2.797218 -3.799750 1.896948
v -2.960668 -4.128549 2.053668
v -2.797218 -3.451450 2.495608
v 2.609183 -4.206450 -0.130672
v 2.609183 -4.185649 0.561578
v 2.772383 -4.570049 -0.148891
v 2.609183 -3.800648 1.895878
v 2.609183 -3.452049 2.495268
v 2.772383 -4.129149 2.052378
v 2.772383 0.147751 4.652248
v 2.772383 0.898151 4.565678
v 2.990883 0.167252 5.282786
v 2.772383 3.909550 2.457818
v 2.772383 4.247450 1.782628
v 2.990883 4.448452 2.786348
v 2.609183 3.800551 -1.733431
v 2.609183 3.452451 -2.332291
v 2.772383 4.128951 -1.889871
v 2.609183 2.478652 -3.323221
v 2.609183 1.886351 -3.684301
v 2.772383 2.692851 -3.616071
v -0.006428 -1.939249 -6.663640
v -0.399888 -1.926149 -6.668141
v -0.418328 -1.287949 -6.813840
v -2.797228 -3.598949 -2.105572
v -2.960668 -3.910149 -2.294072
v -2.797228 -3.910449 -1.486822
v 0.172042 -3.953650 -5.709241
v -0.418328 -3.458350 -6.022241
v -0.228238 -3.694750 -6.503341
v 0.172042 -5.620749 -4.112461
v -0.418328 -5.254049 -4.569241
v -0.228238 -5.633850 -4.947541
v 0.172042 -6.678749 -2.061252
v -0.418328 -6.480249 -2.612321
v -0.228248 -6.962449 -2.846821
v -0.006428 -7.018549 0.304398
v -0.418328 -7.004350 -0.363462
v 0.172042 -7.012949 0.222148
v 0.172042 -6.587249 2.490298
v -0.418328 -6.769349 1.933618
v -0.228248 -7.293949 2.044558
v 0.172042 -5.447750 4.497408
v -0.418328 -5.800849 4.029978
v -0.228248 -6.260949 4.305148
v 0.172042 -3.717850 6.025981
v -0.418328 -4.203650 5.698453
v -0.228248 -4.549549 6.108044
v 2.609083 -2.478249 3.485988
v 2.609083 -1.886549 3.846638
v 2.772383 -2.692549 3.779128
v -0.006428 -1.506650 6.935987
v -0.399898 -1.520349 6.933678
v -0.418328 -2.150949 6.758234
v 0.172042 0.719450 7.054728
v -0.418328 0.134750 7.094478
v -0.228248 0.113551 7.629987
v 0.172042 2.946051 6.443422
v -0.418328 2.405951 6.670747
v -0.228248 2.559851 7.184118
v 0.172042 4.853351 5.142696
v -0.418328 4.416351 5.532964
v -0.228248 4.728751 5.968563
v 0.172042 6.234750 3.293508
v -0.418328 5.948251 3.804418
v -0.228248 6.385251 4.115038
v -0.006428 6.959550 1.016028
v -0.418328 6.835552 1.672428
v 0.172042 6.940451 1.096228
v -0.006428 6.886151 -1.293062
v -0.399888 6.889450 -1.279671
v -0.418328 6.982051 -0.631972
v 0.172042 6.100652 -3.378201
v -0.418328 6.371952 -2.859061
v -0.228238 6.871150 -3.054781
v 0.172042 4.646150 -5.170441
v -0.418328 5.071350 -4.767541
v -0.228238 5.479951 -5.114641
v 0.172042 2.688152 -6.393641
v -0.418328 3.221251 -6.150541
v -0.228238 3.494850 -6.611341
v 0.172042 0.438751 -6.915140
v -0.418328 1.022050 -6.858140
v -0.228238 1.131151 -7.382841
v 2.609183 4.206351 0.293848
v 2.772383 4.570052 0.312108
v 2.609183 4.115750 0.980438
v -2.960668 4.396951 -1.184801
v -3.179149 4.698151 -2.162501
v -2.960668 4.128652 -1.890491
v -2.960668 3.909950 2.457228
v -3.179149 3.943051 3.480308
v -3.179149 4.449251 2.784958
v -1.982178 -2.979149 -6.082041
v -1.014638 -2.352249 -6.502440
v -1.876248 -3.441049 -6.488141
v 2.646283 -2.760050 -6.626741
v 2.645883 -3.191849 -6.435141
v 1.756783 -2.812349 -6.768741
v 0.211602 -0.786749 -6.893141
v 0.826383 -1.234250 -6.799840
v 0.113902 -1.057849 -7.392540
v -2.834619 -3.828549 -6.080340
v -1.945119 -3.903650 -6.211841
v -2.834199 -4.222950 -5.820241
v 0.172042 -1.858150 -6.678441
v -0.228238 -1.355249 -7.345541
v 0.306942 -1.855449 -7.232741
v 0.211602 -3.010050 -6.259941
v 0.826383 -3.403049 -6.026441
v 0.113902 -3.428749 -6.644341
v 2.646283 -4.789849 -5.367640
v 2.645883 -5.136049 -5.046241
v 1.756783 -4.885549 -5.484941
v -0.399888 -4.014648 -5.677341
v -0.302188 -4.491049 -5.987541
v -1.014638 -4.363849 -5.382341
v -2.834619 -5.623049 -4.504041
v -1.945119 -5.736749 -4.604041
v -2.834199 -5.911449 -4.130061
v -1.876248 -6.752950 -2.990601
v -0.495238 -6.641850 -3.506531
v -1.945119 -6.948149 -2.488561
v 2.646283 -6.300749 -3.518031
v 2.645883 -6.523750 -3.101701
v 1.756783 -6.429349 -3.597951
v -2.960668 -4.470048 -0.896481
v -3.179149 -5.086450 -1.032201
v 1.793883 -5.554349 -3.923371
v 1.687983 -6.153949 -4.060971
v 0.826383 -5.203050 -4.591241
v -0.399898 -5.668149 -4.062531
v -0.302188 -6.219449 -4.201241
v -1.014638 -5.902449 -3.670221
v -2.834619 -7.255549 -0.085472
v -1.945119 -7.406659 -0.094562
v -2.834199 -7.253250 0.386748
v -1.982178 -6.792249 -0.797101
v -1.014648 -6.801549 -1.551531
v -1.876248 -7.385099 -0.632771
v 2.646283 -7.128749 -1.278361
v 2.645883 -7.204450 -0.812231
v 1.756783 -7.276349 -1.312231
v 0.211602 -6.272550 -3.075071
v 0.826383 -6.439250 -2.649591
v 0.113902 -6.839250 -3.121381
v -0.006428 -6.710749 -1.985271
v -0.302188 -7.273849 -1.950971
v -0.399898 -6.707349 -1.998652
v -1.982178 -6.709649 1.454648
v -1.014648 -6.963549 0.744108
v -1.876248 -7.216949 1.802458
v 1.793883 -6.844349 0.330608
v 1.687983 -7.402110 0.590088
v 0.826383 -6.977649 -0.412041
v 2.646283 -7.184249 1.108648
v 2.645883 -7.104350 1.574078
v 1.756783 -7.334869 1.124518
v -2.834619 -6.916649 2.278038
v -1.945119 -7.062549 2.318498
v -2.834199 -6.761049 2.723948
v -1.876248 -6.266850 4.051178
v -0.495238 -6.638249 3.676068
v -1.945119 -5.953050 4.489138
v 0.211602 -6.889849 1.440908
v 0.826383 -6.759850 1.878988
v 0.113902 -7.365449 1.752228
v 2.646283 -6.461250 3.384348
v 2.645883 -6.234549 3.798638
v 1.756783 -6.598549 3.448228
v -0.006428 -6.565849 2.569908
v -0.399898 -6.571350 2.557258
v -1.876248 -4.637549 5.869719
v -0.495238 -5.110649 5.635458
v -1.945119 -4.198450 6.182131
v 2.646283 -5.038049 5.302130
v 2.645883 -4.689050 5.620386
v 1.756783 -5.147149 5.407094
v 0.211602 -6.074849 3.603058
v 0.826383 -5.809549 3.975228
v 0.113902 -6.423549 4.051848
v -0.006428 -5.401649 4.565758
v -0.302188 -5.680850 5.055678
v -0.399898 -5.410949 4.555578
v -1.876248 -2.505649 7.061007
v -0.495238 -3.029349 6.992988
v -1.945119 -1.988950 7.214017
v -0.399898 -3.664150 6.069050
v -0.302188 -3.757050 6.629655
v -1.014648 -3.253650 6.270106
v -2.960668 -0.606049 4.614348
v -3.179149 0.168851 5.282732
v -2.960668 0.148451 4.652218
v 2.646283 -3.068950 6.654162
v 2.645883 -2.635449 6.841897
v 1.756783 -3.138049 6.788840
v 1.793883 -3.534850 5.944236
v 1.687983 -3.622449 6.552798
v 0.826383 -4.229749 5.649510
v 1.793883 -1.438550 6.773643
v 1.687983 -1.323749 7.377687
v 0.826383 -2.191550 6.720403
v -1.876248 -0.102350 7.495948
v -0.495238 -0.619749 7.601548
v -1.945119 0.436151 7.472977
v 0.172042 -1.585050 6.910367
v -0.228248 -2.345049 7.257857
v 0.306942 -1.851450 7.396618
v 2.646283 -0.767249 7.293938
v 2.645883 -0.296249 7.330797
v 1.756783 -0.788849 7.443738
v -1.876248 2.312151 7.127408
v -0.495238 1.857051 7.395177
v -1.945119 2.813951 6.930958
v 2.646283 1.617551 7.152128
v 2.645883 2.075050 7.034128
v 1.756783 1.645851 7.300808
v 1.793883 0.813651 6.877848
v 1.687983 1.118451 7.411918
v 0.826383 0.084151 7.071857
v -0.006428 0.801950 7.053518
v -0.302188 1.059551 7.555137
v -0.399898 0.788251 7.055747
v -1.982178 3.953551 5.670737
v -1.014648 3.404451 6.188518
v -1.876248 4.475951 5.995333
v 2.646283 3.827152 6.244092
v 2.645883 4.221551 5.984015
v 1.756783 3.902152 6.375548
v 1.793883 2.977650 6.245547
v 1.687983 3.439450 6.651769
v 0.826383 2.350652 6.665794
v -0.006428 3.023651 6.415517
v -0.399898 3.011450 6.422053
v -2.834619 4.791152 5.529370
v -1.945119 4.886852 5.646670
v -2.834199 5.137251 5.207886
v -1.876248 6.154851 4.222388
v -0.495238 5.960351 4.713018
v -1.945119 6.430151 3.759308
v 1.793883 4.818952 4.945272
v 1.687983 5.387750 5.179624
v 0.826383 4.362550 5.546210
v 2.646283 5.621952 4.668238
v 2.645883 5.910451 4.294268
v 1.756783 5.735651 4.768228
v -0.006428 4.917652 5.091115
v -0.302188 5.429251 5.328810
v -0.399898 4.908250 5.101245
v -1.876248 7.166751 2.000708
v -0.495238 7.142151 2.527868
v -1.945119 7.276651 1.473388
v 2.646283 6.807552 2.595328
v 2.645883 6.958951 2.147998
v 1.756783 6.947551 2.653008
v 1.793883 6.138051 3.117918
v 1.687983 6.752151 3.155008
v 0.826383 5.901550 3.834428
v -0.006428 6.278852 3.223838
v -0.399898 6.273252 3.236458
v -1.876248 7.401950 -0.428962
v -0.495238 7.549951 0.077618
v -1.945119 7.334550 -0.963371
v 1.793883 6.792050 0.961518
v 1.687983 7.384851 0.797328
v 0.826383 6.801151 1.715958
v 2.646283 7.255451 0.249998
v 2.645883 7.253250 -0.222222
v 1.756783 7.406551 0.259129
v 2.609183 4.185651 -0.399102
v 2.772383 4.545651 -0.443182
v -0.399888 6.958351 1.029788
v -0.302188 7.509351 0.889558
v -1.014638 6.977651 0.573268
v 1.793883 6.709950 -1.290252
v 1.687983 7.217351 -1.637941
v 0.826383 6.963651 -0.579652
v 0.172042 6.894151 -1.211011
v -0.228238 7.517751 -0.655092
v 2.646283 6.917050 -2.113591
v 2.645883 6.761650 -2.559541
v 1.756783 7.063051 -2.154021
v -2.834619 6.460451 -3.223011
v -1.945119 6.597751 -3.286911
v -2.834199 6.233650 -3.637241
v -1.982178 6.391951 -2.376811
v -1.014638 6.759451 -1.717711
v -1.876248 6.835051 -2.803321
v -0.399898 6.073950 -3.441621
v -0.302188 6.422551 -3.890501
v -1.014638 5.808650 -3.813731
v 1.793883 5.900751 -3.393381
v 1.687983 6.267652 -3.886881
v 0.826383 6.371552 -2.803611
v 2.646283 5.829151 -4.239341
v 2.645883 5.537251 -4.610641
v 1.756783 5.954051 -4.324941
v -1.876248 5.527551 -4.865041
v -0.495238 5.955650 -4.556141
v -1.945119 5.145950 -5.245441
v -2.834619 3.067451 -6.492041
v -1.945119 3.136450 -6.626741
v -2.834199 2.633850 -6.679641
v 1.793883 4.452152 -5.119941
v 1.687983 4.638851 -5.705841
v 0.826383 5.089050 -4.714941
v 2.646283 4.109550 -5.896841
v 2.645883 3.712851 -6.153341
v 1.756783 4.199851 -6.018341
v -0.006428 4.589351 -5.230340
v -0.399888 4.600250 -5.221841
v -1.982178 3.533450 -5.782241
v -1.014638 4.228452 -5.487641
v -1.876248 3.620950 -6.390841
v -0.399888 2.628050 -6.427341
v -0.302188 2.627251 -6.995541
v -1.014638 2.189951 -6.558041
v -1.876248 1.322050 -7.215140
v -0.495238 1.849751 -7.234241
v -1.945119 0.787151 -7.281040
v 1.793883 2.521051 -6.282940
v 1.687983 2.507251 -6.897541
v 0.826383 3.255051 -6.106541
v 2.646283 1.944650 -6.906540
v 2.645883 1.486050 -7.020340
v 1.756783 1.990550 -7.050741
v -0.399888 0.371051 -6.927441
v -0.302188 0.185751 -7.464642
v -1.014638 -0.085750 -6.909040
v -1.876248 -1.120248 -7.248841
v -0.495238 -0.627249 -7.438041
v -1.945119 -1.647550 -7.137540
v 1.793883 0.316751 -6.756141
v 1.687983 0.104051 -7.333040
v 0.826383 1.068251 -6.827540
v 2.646283 -0.431049 -7.158941
v 2.645883 -0.901749 -7.117841
v 1.756783 -0.434450 -7.310241
v 2.990883 1.848051 4.946683
v 2.990883 2.624451 4.576108
v -2.797218 3.910352 1.649268
v -2.960668 4.248052 1.781298
v -2.797218 4.115551 0.979738
v -2.797218 2.692551 3.321638
v -2.960668 2.926151 3.597318
v -2.960668 -3.264049 3.286538
v -3.179149 -3.063350 4.289668
v -2.960668 -4.397150 1.347278
v -3.179149 -4.698349 2.324958
v -3.179149 -3.943349 -3.317141
v -3.179149 -4.449049 -2.622481
v 2.609183 0.557851 -4.092681
v 2.609183 -0.134450 -4.127751
v 2.772383 0.607051 -4.451341
v 2.990883 -2.329549 4.735638
v 2.990883 -3.064648 4.288708
v 2.772383 -1.345248 4.452528
v 2.990883 -0.691249 5.239418
v 2.990883 -1.531650 5.055241
v 2.990883 4.265251 -2.903751
v 2.990883 4.698851 -2.161031
v 2.772383 3.264751 -3.122941
v 2.990883 3.064250 -4.126111
v 2.990883 3.715750 -3.564361
v 1.793883 -1.921950 -6.488441
v 1.687983 -2.310550 -6.965140
v 1.793883 -3.952249 -5.508841
v 1.687983 -4.474649 -5.833541
v -2.797228 -2.693149 -3.158831
v -2.960668 -2.926549 -3.434231
v -2.797228 -3.191849 -2.666861
v -1.982178 -4.820149 -4.781341
v -1.876248 -5.388949 -5.015541
v 0.211602 -4.907150 -4.939541
v 0.113902 -5.428050 -5.167241
v 2.990883 -5.172750 0.677969
v 2.990883 -5.200449 -0.181502
v 1.793883 -6.554450 -1.903951
v 1.687983 -7.166349 -1.839522
v -0.399898 -7.019650 0.290638
v 0.211602 -6.958149 -0.868551
v 0.113902 -7.509200 -0.728461
v 2.772383 -4.397249 1.346628
v 2.990883 -4.698750 2.324258
v 2.990883 -5.004149 1.520328
v 1.793883 -6.392549 2.538168
v 1.687983 -6.835749 2.964578
v 1.793883 -5.248049 4.479498
v 1.687983 -5.528749 5.026633
v 0.211602 -4.601550 5.383574
v 0.113902 -4.785549 5.921222
v -3.179149 -1.530150 5.055721
v -3.179149 -0.690450 5.239520
v -2.960668 -1.344649 4.452728
v 0.211602 -2.629549 6.589525
v 0.113902 -2.628949 7.157757
v 0.211602 -0.372649 7.090218
v 0.113902 -0.187450 7.627457
v -2.960668 0.899551 4.565388
v -3.179149 1.022751 5.184093
v 0.211602 1.924551 6.831397
v 0.113902 2.274251 7.279438
v 0.211602 4.013251 5.841121
v 0.113902 4.489652 6.151392
v -2.797218 3.598551 2.268578
v -2.797218 3.191751 2.829228
v 0.211602 5.667151 4.226688
v 0.113902 6.218451 4.365578
v 0.211602 6.706851 2.163048
v 0.113902 7.273351 2.115498
v 0.211602 7.019751 -0.126171
v 0.113902 7.540151 -0.354991
v 0.211602 6.571951 -2.392891
v 0.113902 6.989751 -2.778201
v 0.211602 5.411951 -4.391441
v 0.113902 5.682051 -4.891541
v 0.211602 3.665550 -5.905341
v 0.113902 3.758450 -6.465941
v 0.211602 1.521851 -6.770441
v 0.113902 1.427650 -7.330840
v -2.960668 0.606351 -4.451441
v -3.179149 -0.168449 -5.119941
v -2.960668 -0.148849 -4.489341
v -3.179149 5.086551 1.194638
v -3.179149 5.200450 0.343148
v 2.772383 -4.247649 -1.619441
v 2.772383 -4.469749 -0.897881
v 2.990883 -4.833249 -1.854851
v 2.772383 -0.607449 4.614158
v 2.609083 -0.558249 4.255038
v 0.230042 -2.405949 -6.507941
v -0.495238 -3.036350 -6.827141
v 0.039952 -2.561549 -7.020641
v -2.797238 -2.123450 -3.555011
v -2.797238 -1.498349 -3.854251
v -2.960668 -2.307250 -3.867881
v -0.780678 -4.866349 -5.672741
v 0.039952 -4.730149 -5.804641
v -0.495238 -5.116249 -5.467441
v -0.006428 -4.025549 -5.668941
v -2.834619 -6.808149 -2.430911
v -2.834199 -6.959449 -1.983542
v -0.006428 -5.675649 -4.050991
v 0.230032 -6.835549 -1.509582
v -0.495238 -7.447670 -1.156792
v 0.039952 -7.350179 -1.659862
v 0.230032 -6.982049 0.794808
v -0.495238 -7.446420 1.327128
v 0.039952 -7.517649 0.819678
v -0.228248 -7.536589 -0.428781
v 0.306942 -7.550019 0.083468
v -1.014648 -6.370949 2.967938
v -0.302188 -6.989150 2.942668
v -0.780678 -6.776049 3.383488
v -2.834619 -5.828149 4.403518
v -2.834199 -5.536149 4.774787
v -3.070609 -5.060050 3.512398
v -2.834619 -4.108150 6.060635
v -2.834199 -3.711449 6.317032
v -1.982178 -4.450949 5.283841
v -1.014648 -5.087949 4.878962
v -2.834619 -1.943050 7.069807
v -2.834199 -1.484450 7.183548
v -0.006428 -3.652049 6.075656
v -1.014648 -1.066649 6.990607
v -0.302188 -1.425949 7.494037
v -0.780678 -0.940149 7.556787
v -2.834619 0.432751 7.321677
v -2.834199 0.903452 7.280437
v -1.982178 1.923451 6.650855
v -1.014648 1.235851 6.962388
v -2.834619 2.761551 6.788956
v -2.834199 3.193350 6.597207
v 0.230032 3.458351 6.185102
v -0.495238 4.132651 6.396250
v 0.039952 3.696251 6.665291
v 2.772383 2.925652 3.597758
v 2.772383 3.464652 3.068808
v 2.990883 3.328551 4.083358
v -1.982178 5.555251 4.084928
v -1.014648 5.204051 4.752838
v -2.834619 6.301550 3.679418
v -2.834199 6.524451 3.263038
v -1.014648 6.439851 2.810948
v -0.302188 6.839951 3.282638
v -0.780678 7.020051 2.827328
v 2.990883 4.833351 2.017308
v 2.990883 5.086250 1.196228
v -2.834619 7.129051 1.439558
v -2.834199 7.204550 0.973408
v -2.834619 7.184052 -0.947471
v -2.834199 7.104051 -1.412881
v -0.228238 7.349751 1.824418
v 0.230042 6.769351 -1.770782
v -0.495238 7.139652 -2.372221
v 0.039952 7.293550 -1.883401
v -2.834619 5.036851 -5.140441
v -2.834199 4.687651 -5.458641
v -0.006428 6.066451 -3.453201
v -0.780668 4.386751 -6.045741
v 0.039952 4.548051 -5.946241
v -0.495238 4.126251 -6.237541
v -2.834619 0.765550 -7.131240
v -2.834199 0.294450 -7.168041
v -0.006428 2.614951 -6.431840
v -0.006428 0.357251 -6.927540
v -2.834619 -1.619249 -6.988941
v -2.834199 -2.076749 -6.870840
v -3.179149 5.172650 -0.516321
v -2.960668 4.545551 -0.443862
v -3.179149 1.849551 4.946102
v -3.179149 2.625151 4.575718
v 2.772383 -3.747949 2.705028
v 2.990883 -3.715450 3.727508
v 2.990883 -4.265450 3.066248
v 2.609083 2.692351 3.322308
v 2.609083 3.191151 2.830448
v 2.609183 3.598451 2.269298
v -0.302188 -2.275949 -7.116041
v -0.780668 -2.733150 -6.940140
v 0.306942 -4.131149 -6.234341
v 0.230032 -5.948249 -3.641581
v 0.039952 -6.386250 -3.950721
v 0.306942 -5.959249 -4.551541
v -1.982178 -6.138849 -2.953661
v 0.592382 -7.019449 -2.666111
v 0.306942 -7.141649 -2.366681
v -3.179149 -5.172750 0.678738
v -3.179149 -5.003649 1.521898
v -2.960668 -4.545549 0.607078
v -0.302188 -7.540059 0.519588
v -0.780678 -7.481669 1.005698
v -1.982178 -5.899949 3.557598
v 0.306942 -7.140249 2.533408
v 0.230032 -6.371949 3.021908
v 0.039952 -6.870449 3.219218
v -3.179149 -4.264549 3.067578
v -3.179149 -3.714850 3.728058
v -2.960668 -3.747550 2.705598
v 0.306942 -5.956749 4.717628
v 0.230032 -5.071449 4.930349
v 0.039952 -5.478749 5.278737
v 2.609183 -3.004948 3.034538
v 2.772383 -3.265050 3.285518
v 0.306942 -4.127750 6.399449
v -0.780678 -3.317850 6.846677
v 0.039952 -3.493349 6.775040
v -1.982178 -2.519550 6.446326
v 0.230032 -1.022049 7.020998
v 0.039952 -1.129449 7.545988
v -1.982178 -0.315149 6.919077
v 0.592382 0.302051 7.609547
v 0.306942 0.625551 7.601057
v 2.990883 1.022050 5.184247
v 0.230032 1.287950 6.976658
v 0.039952 1.356950 7.508037
v 0.306942 3.034651 6.990638
v -0.302188 3.430251 6.806347
v 0.306942 5.114951 5.631499
v 0.230032 5.253951 4.732118
v 0.039952 5.635051 5.109085
v -1.982178 6.554952 2.065278
v 2.990883 5.200450 0.343928
v 0.306942 6.640952 3.670918
v 0.230032 6.480251 2.775158
v 0.039952 6.963151 3.008048
v -0.780668 7.531851 0.400468
v 0.039952 7.536650 0.589868
v -1.982178 6.844251 -0.169352
v 2.990883 5.003951 -1.357902
v 2.990883 5.172852 -0.514701
v 0.592382 7.376151 1.636798
v 0.306942 7.447351 1.321358
v -0.302188 7.365051 -1.591092
v -2.797228 3.800050 -1.733871
v -2.797228 4.047751 -1.087041
v 0.306952 7.446651 -1.162562
v 0.592382 6.776750 -3.219072
v 0.306942 6.639050 -3.511681
v -0.780678 6.139751 -4.290241
v 0.039952 6.259950 -4.143761
v -1.982178 5.246952 -4.317841
v 0.306942 5.111951 -5.471441
v -0.302188 4.784151 -5.759440
v 0.306942 3.030951 -6.829441
v 0.230042 2.150951 -6.595440
v 0.039952 2.343350 -7.095541
v -1.982178 1.436951 -6.611141
v -1.982178 -0.815250 -6.714840
v 0.306942 0.621451 -7.438541
v 2.772383 -0.147350 -4.489441
v 2.990883 -0.167749 -5.119941
v 0.230042 -0.134850 -6.931641
v 0.039952 -0.115349 -7.467141
v -2.797218 -0.556850 4.254918
v -2.797218 -1.235349 4.109158
v -2.797238 -0.135750 -4.127381
v -2.797238 0.557251 -4.092451
v 2.772383 -2.306650 -3.868221
v 2.609183 -1.497249 -3.855021
v 2.609183 -2.123050 -3.555611
v -2.960668 4.469951 1.059688
v -3.179149 4.833650 2.016578
v -2.960668 1.625351 4.356398
v -2.960668 -2.045850 4.172088
v -2.797218 -3.003850 3.035298
v -2.797228 -4.047750 1.249508
v -2.960668 -4.247949 -1.618802
v -3.179149 -3.329549 -3.919741
v -2.960668 -3.465349 -2.905161
v 2.609183 -4.048250 1.248978
v 2.772383 -2.047150 4.171448
v 2.609083 -1.236150 4.109258
v 2.609183 4.048351 -1.085831
v 2.609183 3.004951 -2.872152
v -3.070609 -3.003448 -5.241641
v 2.882283 -2.084450 -5.663640
v 0.592382 -1.537749 -7.294341
v 2.882283 -3.838049 -4.675941
v 0.230042 -4.416449 -5.370141
v -3.179149 -4.833849 -1.853341
v 2.882283 -5.175649 -3.172661
v -3.070609 -5.641549 -2.275591
v -3.070609 -6.101650 -0.317152
v 2.990883 -5.086349 -1.032972
v -3.179149 -5.200550 -0.179882
v 2.882283 -5.952449 -1.316791
v 2.609183 -4.115849 -0.817972
v -0.780678 -7.376579 -1.472241
v -0.228108 -7.522460 -0.616402
v 2.882283 -6.084249 0.690588
v -3.070609 -5.900549 1.684488
v -3.070609 -3.671149 4.968516
v 2.882283 -4.426949 4.296938
v -3.179149 -2.328850 4.735988
v -0.780678 -5.336049 5.403445
v -3.070609 -1.884450 5.895040
v 2.882283 -2.817448 5.505107
v 0.592382 -2.160149 7.299688
v -2.797218 0.135352 4.289788
v -3.070609 0.106451 6.191566
v -0.780678 1.539450 7.456827
v 2.882283 1.109851 6.090983
v 2.609083 0.824351 4.213478
v -3.070609 2.085751 5.825963
v -2.960668 3.465550 3.067718
v -3.179149 3.329851 4.082308
v 2.990883 3.942551 3.480898
v -3.070609 3.839050 4.837852
v -0.780678 5.747551 4.956633
v -3.070609 5.176351 3.334308
v 2.882283 5.640952 2.439738
v 2.609183 3.910251 1.650648
v -3.070609 5.952751 1.478258
v -3.070609 6.084052 -0.529151
v -3.179149 5.003751 -1.358652
v 2.882283 3.672251 -4.804841
v 0.230042 4.203651 -5.535641
v 2.882283 1.885751 -5.731740
v 2.882283 -0.105049 -6.028741
v -2.797238 -0.824950 -4.050621
v -2.960668 -0.899149 -4.402641
v 2.990883 -1.848450 -4.783641
v 2.772383 -1.624449 -4.193941
v 2.990883 -2.624149 -4.413441
v -2.579398 1.166051 -3.729481
v -2.797228 1.885651 -3.684291
v -2.797238 1.235150 -3.946821
v -0.181868 -0.801949 -6.890641
v -0.228108 -1.169849 -7.377840
v 0.592382 -3.850749 -6.395640
v -0.181868 -3.023650 -6.252640
v -0.228108 -3.529849 -6.594141
v -0.780678 -6.472149 -3.781831
v -0.228108 -5.507450 -5.086941
v 0.592382 -5.746449 -4.795141
v -0.181868 -4.917749 -4.928241
v -0.181868 -6.278849 -3.060991
v -2.797228 -4.115849 -0.816592
v 2.772383 -4.545749 0.605648
v 0.592382 -7.531769 -0.239371
v -0.181868 -6.959549 -0.853191
v 0.592382 -7.227950 2.222138
v -0.228108 -7.341589 1.862518
v 0.592382 -6.140749 4.451668
v -0.181868 -6.066449 3.616048
v 0.592382 -4.388249 6.207611
v -0.228108 -4.698949 5.993600
v -0.360338 -2.686649 6.557106
v 0.230032 -3.221249 6.313338
v -0.181868 -2.615050 6.594656
v -0.228108 -2.523549 7.198108
v -0.181868 -0.357249 7.090348
v -0.228108 -0.074649 7.631408
v 0.592382 2.731551 7.103628
v -0.780678 3.852251 6.557629
v -0.181868 1.939250 6.826517
v -0.228108 2.382251 7.246557
v 0.592382 4.864951 5.836739
v -0.228108 4.581050 6.085245
v -0.181868 4.025551 5.831744
v 0.592382 6.471150 3.946178
v -0.228108 6.283451 4.273328
v -0.181868 6.710752 2.148118
v 0.230042 7.004350 0.526298
v -0.181868 7.018550 -0.141552
v 2.772383 4.397351 -1.183421
v -0.228108 7.534750 -0.467702
v -0.780668 7.227352 -2.060971
v 2.772383 3.748151 -2.541881
v -0.181868 6.565851 -2.407071
v 0.230032 5.800751 -3.867141
v 0.592382 5.337251 -5.239341
v -0.181868 5.401550 -4.402941
v -0.228108 5.608450 -4.977141
v -0.780668 2.158450 -7.137341
v -0.181868 3.652051 -5.912841
v 0.592382 3.319351 -6.683041
v -0.228108 1.317050 -7.353341
v 2.609183 -0.824550 -4.051041
v 0.592382 0.941850 -7.393740
v -0.181868 1.506651 -6.773140
v -0.780668 -0.303850 -7.446640
v -2.797228 3.004251 -2.872391
v -2.797228 3.451350 -2.333201
v -2.960668 3.264250 -3.123431
v 2.609183 -3.910550 -1.487542
v 2.772383 1.624751 4.356638
v -0.098108 -6.219449 -4.204541
v 0.039812 -6.284449 -4.109031
v 2.882283 3.002151 5.405205
v 0.039812 3.531351 6.756126
v 0.231672 3.213451 6.312459
v 0.039812 7.341152 -1.701372
v 0.231672 6.832752 -1.502241
v 2.391083 1.167252 -3.729041
v 2.609183 1.236551 -3.946691
v 0.039812 2.521851 -7.035841
v 0.231672 2.410552 -6.501541
v -0.098108 0.188451 -7.466341
v 0.039812 0.072852 -7.468540
v 2.772383 -3.464949 -2.905681
v 2.772383 -3.909450 -2.295292
v 2.990883 -3.942349 -3.318381
v -3.179149 2.328452 -4.573341
v -3.179149 1.530450 -4.892741
v -2.960668 2.046150 -4.009081
v -2.797218 0.825151 4.212968
v -2.579379 0.778151 3.989768
v 2.609083 0.134750 4.290138
v 2.391083 3.017551 2.679138
v -0.098108 -2.273949 -7.118540
v 0.039812 -2.383949 -7.083141
v -1.071678 -3.558749 -5.894741
v -0.360338 -2.947550 -6.279941
v 0.883383 -4.493149 -5.228841
v -1.071678 -5.307549 -4.416041
v -0.360338 -4.854549 -4.978741
v 0.039812 -4.582550 -5.921341
v 0.231672 -4.195850 -5.536040
v -0.360338 -6.235549 -3.129211
v -0.098108 -7.274849 -1.954031
v 0.039812 -7.305389 -1.842611
v -0.228108 -6.888149 -3.019691
v -0.360338 -6.940750 -0.931772
v 0.883383 -6.905750 0.936338
v -0.360338 -6.893849 1.375458
v -0.098108 -7.541999 0.517009
v 0.039812 -7.534659 0.632298
v -0.181868 -6.886149 1.455898
v -0.360338 -6.099949 3.542458
v 0.039812 -6.947450 3.047508
v 0.231672 -6.478749 2.767468
v -0.098108 -5.684049 5.054834
v 0.039812 -5.607349 5.141302
v -0.228108 -6.365149 4.148418
v -0.360338 -4.644949 5.334402
v -0.181868 -4.589449 5.393152
v 0.039812 -3.659650 6.686780
v 0.231672 -3.461848 6.178092
v -1.071678 2.525951 6.561435
v -0.360338 1.859651 6.840837
v -0.098108 1.057150 7.557277
v 0.039812 1.171552 7.540447
v 0.883383 3.557350 6.058359
v -0.098108 3.428652 6.809157
v 2.460683 4.872551 4.449878
v -0.098108 5.428651 5.331980
v 0.039812 5.508551 5.248498
v -0.360338 5.621651 4.273998
v -1.071678 6.809551 1.512208
v -0.360338 6.679151 2.222538
v -0.181868 5.675652 4.213838
v -0.098108 6.840451 3.285818
v 0.039812 6.888851 3.180938
v -0.098108 7.510850 0.892418
v 0.039812 7.522551 0.777498
v 0.592382 7.481851 -0.841122
v 0.883383 6.670651 -1.897812
v -0.360338 6.586650 -2.328981
v 0.039812 6.364151 -3.987051
v 0.231672 5.948051 -3.633731
v -1.071678 3.059451 -6.164741
v 0.039812 4.697551 -5.831841
v 0.231672 4.418752 -5.362641
v -0.228108 3.661151 -6.523041
v -2.648929 0.992751 -6.384841
v -1.071678 0.864351 -6.819140
v -0.360338 1.583450 -6.747841
v 0.883383 -0.282249 -6.867241
v -2.648929 -1.161848 -6.356640
v -0.360338 -0.721049 -6.891741
v 2.391083 -3.826649 1.186998
v 2.391083 -0.777649 -3.827791
v 2.882283 -5.556649 2.631958
v -2.579388 3.826550 -1.025131
v 2.882283 6.101551 0.481398
v 2.882283 5.060751 -3.348381
v -1.651478 -5.503250 -4.093241
v -2.960668 3.747351 -2.543061
v -3.179149 3.714551 -3.565521
v 1.463183 -0.488550 6.969088
v 1.463183 5.502251 4.257358
v -2.579388 -3.826450 1.187588
v 2.391083 -3.891150 -0.767251
v 2.772383 4.469850 1.060358
v 2.391083 3.826851 -1.023871
v 2.642783 -1.195248 -6.198941
v 2.460683 -2.204849 -6.078241
v 2.460683 -4.086648 -5.028941
v 2.642783 -4.802949 -4.140931
v 2.460683 -5.525549 -3.425931
v -2.579388 -3.891449 -0.766002
v 0.231672 -5.793550 -3.870071
v 2.642783 -5.914549 -2.353551
v 2.460683 -6.365650 -1.442811
v 0.231672 -6.763449 -1.775921
v -0.090188 -7.510690 -0.731322
v 2.642783 -6.385149 -0.302312
v 2.460683 -6.515949 0.705478
v -2.648929 -6.323949 1.770288
v -2.831109 -5.797649 2.782478
v -2.648929 -5.432549 3.730948
v 2.642783 -6.163849 1.790508
v 2.460683 -5.960149 2.786148
v 0.883383 -6.253749 3.130978
v -0.098108 -6.991849 2.940858
v -2.648929 -3.952550 5.296115
v 2.642783 -5.274649 3.698128
v 2.460683 -4.758449 4.573708
v 2.460683 -3.041150 5.874472
v -0.098108 -3.760249 6.629870
v -2.831109 -2.915149 5.771852
v -2.648929 -2.044150 6.296196
v -2.648939 0.085751 6.622808
v -0.360338 -0.437149 7.078068
v 0.039812 -1.315349 7.516468
v 0.231672 -1.293549 6.971168
v 2.391083 0.777551 3.989918
v -2.648929 2.206252 6.240557
v 2.460683 3.189250 5.794363
v -2.648929 4.087750 5.190871
v -0.360338 3.954952 5.871120
v 0.231672 5.063751 4.932049
v -2.831109 4.803852 4.302658
v -2.648929 5.526350 3.587498
v 2.642783 5.432752 3.456108
v 2.460683 6.027751 2.632008
v 0.231672 6.365251 3.025998
v -2.831109 5.915051 2.515028
v -2.648929 6.365952 1.604188
v -0.090188 7.274352 2.118568
v -0.228108 7.304952 2.007148
v 0.883383 6.952251 0.374138
v -0.360338 7.012950 -0.060932
v -0.098108 7.367351 -1.588872
v -0.228108 6.948051 -2.883061
v -0.090178 6.992452 -2.776391
v 0.883383 5.666251 -3.955281
v -0.360338 5.446651 -4.335841
v 2.642783 4.606950 -4.353641
v 2.460683 3.953651 -5.132341
v -0.360338 3.716450 -5.864041
v -0.098108 2.630450 -6.996241
v 0.883383 1.990651 -6.582341
v 0.231672 0.141251 -6.927141
v -2.579398 -0.777950 -3.827701
v 2.391083 -1.416550 -3.639891
v -2.797228 3.451350 -2.333201
v -3.070609 1.796251 -5.760041
v 2.772383 -2.925449 -3.435151
v 2.609183 -3.191649 -2.667551
v 2.882283 -3.082349 -5.196441
v 1.463183 6.507451 -2.238202
v -3.070609 5.556050 -2.470402
v -1.651478 4.617252 -5.055141
v -3.070609 2.816151 -5.342940
v -1.651478 0.486951 -6.806341
v -3.179149 -1.023250 -5.021141
v -3.070609 -2.172449 -5.630941
v -3.179149 -1.849249 -4.783441
v -1.651478 -1.777249 -6.591141
v -3.179149 -2.625549 -4.412642
v -2.831109 -2.214648 -5.916141
v -2.648929 -3.190549 -5.630741
v -0.090178 -1.055449 -7.394640
v 0.231672 -2.143450 -6.593241
v 0.883383 -2.524550 -6.399141
v -0.090188 -3.427149 -6.647141
v -2.831109 -4.043250 -4.872441
v -2.648929 -4.873549 -4.285941
v -2.579398 -3.018549 -2.515941
v -0.098108 -4.489949 -5.990541
v 0.883383 -5.974949 -3.483011
v -0.090188 -5.427549 -5.170441
v -1.071678 -6.481149 -2.450021
v -2.831109 -5.433650 -3.292011
v -2.648929 -6.028349 -2.467761
v 0.883383 -6.809249 -1.350951
v -0.090188 -6.839649 -3.124561
v -1.071678 -6.952349 -0.209692
v -2.831109 -6.235149 -1.345981
v -2.648929 -6.529949 -0.373381
v -1.071678 -6.670249 2.062198
v 0.231672 -7.000450 0.519508
v -0.090188 -7.367790 1.750008
v -1.071678 -5.665349 4.119438
v 0.883383 -4.924150 4.995153
v -0.090188 -6.426449 4.050508
v -1.071678 -4.046449 5.739091
v 0.231672 -5.255049 4.724348
v 0.883383 -3.060950 6.326849
v -1.071678 -1.989049 6.745652
v -0.090188 -4.788749 5.920903
v 2.460683 -0.994249 6.547464
v -0.090188 -2.632149 7.158497
v 0.883383 -0.866049 6.981757
v -0.098108 -1.428949 7.495277
v 0.883383 1.422751 6.888907
v 2.642783 0.144650 6.472700
v 2.460683 1.160352 6.519761
v -0.090188 -0.190250 7.629178
v 0.231672 1.014951 7.017637
v -0.090188 2.272250 7.281947
v -0.090188 4.488552 6.154421
v 0.883383 5.306451 4.580118
v -2.579379 3.018451 2.678188
v -1.071678 5.975751 3.644478
v 0.883383 6.480451 2.614368
v -0.090188 6.218350 4.368798
v 2.391083 3.891051 0.929698
v 2.642783 6.234851 1.510268
v 2.460683 6.529851 0.537738
v -2.831109 6.385150 0.463678
v -2.648929 6.515750 -0.544142
v 2.642783 6.361250 -0.590411
v 2.460683 6.324251 -1.605981
v -0.090178 7.542050 -0.352422
v -1.071678 6.253050 -2.969591
v -2.831109 6.163451 -1.629091
v -2.648929 5.959451 -2.624681
v -2.831109 5.273750 -3.536511
v -2.648929 4.757350 -4.411941
v 2.642783 5.798252 -2.618291
v 2.460683 5.433351 -3.566841
v -0.098108 6.425551 -3.889151
v -0.098108 4.787351 -5.759141
v -2.831109 3.812550 -5.051841
v -2.648929 3.039751 -5.712340
v -0.090188 5.685150 -4.890641
v 2.642783 2.916451 -5.608340
v 2.460683 2.045551 -6.132841
v -0.090188 3.761751 -6.466141
v -0.090178 1.430650 -7.332140
v 2.642783 0.909950 -6.246441
v 2.460683 -0.084250 -6.459941
v -1.071678 -1.424348 -6.725741
v -1.651478 -3.848749 -5.652941
v 1.463183 -4.739549 -4.942641
v 2.391083 -3.018149 -2.516401
v 2.609183 -3.598549 -2.106881
v 2.990883 -4.448650 -2.623141
v 2.772383 -3.909450 -2.295292
v -1.651478 -6.561450 -2.081181
v -3.070609 -5.900549 1.684488
v -1.651478 -6.908449 0.165218
v 1.463183 -6.800749 1.298938
v 1.463183 -6.036749 3.439878
v -3.070609 -4.361649 4.364348
v -2.579379 -1.166249 3.891568
v 1.463183 -2.699849 6.437362
v -1.651478 -1.614648 6.795161
v -1.651478 0.654051 6.955357
v -1.651478 2.851851 6.370663
v 1.463183 3.847450 5.816645
v -1.651478 4.740651 5.104427
v 2.882283 4.569151 4.142518
v -1.651478 6.115750 3.293868
v -1.651478 6.828050 1.135198
v 2.882283 6.074251 -0.619591
v 1.463183 6.908451 -0.000782
v -1.651478 6.800450 -1.137671
v 2.882283 5.900852 -1.520271
v 1.463183 5.401251 -4.224241
v -3.179149 3.063651 -4.126571
v 2.772383 2.046751 -4.008771
v 1.463183 3.709750 -5.743741
v -1.651478 2.698351 -6.275141
v 1.463183 1.616151 -6.631940
v 2.990883 -1.021649 -5.021441
v 1.463183 -0.652449 -6.792641
v -2.579398 -0.127449 -3.898121
v -3.070609 -1.111249 -5.927841
v -2.960668 1.344251 -4.290041
v 2.990883 -3.328949 -3.920241
v 2.990883 1.531252 -4.892541
v 2.772383 1.345651 -4.289541
v 2.990883 0.691650 -5.076541
v -2.797228 2.477451 -3.323761
v -2.579398 2.839551 -2.713411
v -2.579379 3.891151 0.929108
v -2.579379 1.417151 3.801758
v -2.579379 -2.839049 2.876178
v 2.391083 -0.126149 -3.898181
v 2.391083 -3.957149 0.533608
v 2.391083 -3.264249 2.362118
v 2.391083 -1.166750 3.891358
v 2.391083 0.126451 4.060287
v 2.391083 2.544151 3.147468
v 2.391083 2.839951 -2.712951
v 2.166883 -1.050449 -6.570341
v -2.355148 -2.133049 -6.306341
v 0.230042 -0.134850 -6.931641
v 2.166883 -3.154649 -5.869040
v 2.642783 -3.170949 -5.470740
v 0.230042 -2.405949 -6.507941
v -3.070609 -5.225049 -3.092891
v 1.463183 -4.739549 -4.942641
v -1.651478 -5.503250 -4.093241
v -2.579388 -3.956949 0.534878
v 2.166883 -6.146450 -2.677861
v 1.463183 -6.827849 -0.973932
v -2.831109 -6.361049 0.754738
v 2.882283 -5.556649 2.631958
v 0.230032 -6.982049 0.794808
v 1.463183 -6.036749 3.439878
v -2.831109 -4.606050 4.517528
v -2.355148 -4.996349 4.599608
v 2.391083 -2.839850 2.875218
v -3.070609 -2.733849 5.547684
v 2.642783 -3.813750 5.213819
v 0.230032 -5.071449 4.930349
v -3.070609 0.106451 6.191566
v -2.831109 -0.908449 6.409533
v 1.463183 -2.699849 6.437362
v -2.579379 0.127051 4.060258
v -1.071678 0.283850 7.030037
v 2.166883 -0.059349 6.815237
v 0.230032 -1.022049 7.020998
v -3.070609 3.839050 4.837852
v -3.070609 2.085751 5.825963
v -2.831109 1.196651 6.361462
v 2.166883 2.131551 6.469649
v -2.831109 3.172151 5.632853
v -1.071678 4.494351 5.390621
v 2.642783 4.042050 5.036258
v 2.391083 3.696150 1.566868
v 1.463183 3.847450 5.816645
v 0.230032 5.253951 4.732118
v -3.070609 5.952751 1.478258
v -2.355148 6.709950 0.695078
v -1.071678 6.905450 -0.775091
v 1.463183 6.908451 -0.000782
v -1.651478 6.800450 -1.137671
v -3.179149 4.264751 -2.904391
v 2.882283 5.517351 -2.552771
v 1.463183 6.507451 -2.238202
v 2.882283 4.362651 -4.200541
v -1.071678 4.922951 -4.833441
v -3.070609 4.425951 -4.135121
v 0.230032 5.800751 -3.867141
v 1.463183 3.709750 -5.743741
v -2.831109 1.938251 -6.010941
v -2.355148 2.242451 -6.268741
v 2.391083 1.784451 -3.478341
v 1.463183 1.616151 -6.631940
v -2.579398 -1.417749 -3.639451
v 2.772383 -0.898549 -4.402740
v -2.355148 0.057751 -6.652441
v 1.463183 -2.850449 -6.208441
v -3.070609 -4.570149 -3.978611
v 1.463183 -6.115049 -3.132441
v 1.463183 -6.827849 -0.973932
v -1.651478 -6.506949 2.402548
v -1.651478 -5.400249 4.388348
v 1.463183 -4.618549 5.216871
v -1.651478 -3.708449 5.907423
v 2.882283 -0.902750 6.125533
v 1.463183 1.775652 6.754429
v 1.463183 6.560851 2.245548
v -1.651478 6.035951 -3.278431
v -2.579398 1.783951 -3.478611
v 2.882283 1.885751 -5.731740
v 2.990883 2.329952 -4.572641
v -3.179149 0.689951 -5.076741
v -2.960668 -1.625749 -4.193441
v -3.070609 0.901251 -5.962941
v 2.391083 1.416551 3.801968
v 2.882283 -2.084450 -5.663640
v 2.990883 -1.021649 -5.021441
v 2.609183 -2.692249 -3.159951
v -2.355148 -4.092850 -5.268041
v 2.609183 -2.692249 -3.159951
v -3.070609 -5.973249 -1.225322
v 2.882283 -5.952449 -1.316791
v 2.882283 -5.676049 -2.191401
v 1.463183 -6.115049 -3.132441
v 0.883383 -5.974949 -3.483011
v 2.882283 -6.106949 -0.226342
v 2.166883 -6.546150 1.676948
v -2.579379 -1.783350 3.641008
v 2.166883 -5.673149 3.714788
v -2.355148 -3.257649 5.976146
v -1.651478 -3.708449 5.907423
v 2.642783 -1.939649 6.173336
v 2.166883 -2.243950 6.431112
v 2.882283 0.197450 6.189307
v -2.355148 -1.166049 6.713900
v -2.355148 1.051950 6.732921
v 2.882283 2.171051 5.794301
v 1.463183 1.775652 6.754429
v 2.642783 2.213251 6.079468
v -2.355148 3.155951 6.031148
v -1.651478 2.851851 6.370663
v -2.579379 3.696552 1.565658
v 2.166883 5.608151 3.814148
v 2.882283 6.101551 0.481398
v 0.231672 6.977051 0.800858
v 2.391083 3.957051 -0.371122
v 1.463183 6.560851 2.245548
v -3.070609 5.875551 -1.610602
v -2.579388 3.956950 -0.371732
v -1.071678 6.253050 -2.969591
v 0.883383 4.047751 -5.575341
v 2.882283 3.672251 -4.804841
v -3.179149 0.689951 -5.076741
v -2.960668 1.344251 -4.290041
v 2.166883 4.997351 -4.435641
v -3.179149 3.063651 -4.126571
v -3.070609 2.816151 -5.342940
v 2.882283 -0.105049 -6.028741
v 2.990883 0.691650 -5.076541
v -1.071678 0.864351 -6.819140
v -2.831109 -0.146149 -6.309841
v 2.882283 -2.817448 5.505107
v -3.070609 4.630951 4.071948
v 2.772383 -2.306650 -3.868221
v 2.882283 -4.630049 -3.910181
v -3.070609 3.596751 -4.860541
v -2.960668 2.691650 -3.616911
v 2.609183 -3.598549 -2.106881
v 2.391083 -3.696548 -1.403821
v 2.391083 3.264652 -2.199261
v 2.772383 1.345651 -4.289541
v 1.463183 -0.652449 -6.792641
v 0.883383 -0.282249 -6.867241
v -1.651478 -1.777249 -6.591141
v -1.071678 -1.424348 -6.725741
v 1.463183 -2.850449 -6.208441
v -1.071678 -3.558749 -5.894741
v -2.579398 -2.545249 -2.984411
v 0.230042 -4.416449 -5.370141
v 2.166883 -4.916950 -4.522941
v -2.579398 -3.696750 -1.403242
v -3.070609 -5.641549 -2.275591
v -2.355148 -5.609049 -3.650011
v -1.071678 -6.481149 -2.450021
v 0.230032 -5.948249 -3.641581
v -2.355148 -6.517449 -1.627651
v 2.166883 -6.709850 -0.533792
v -1.071678 -6.952349 -0.209692
v 0.230032 -6.835549 -1.509582
v -3.070609 -5.516850 2.716888
v -2.355148 -6.719549 0.579908
v -1.071678 -6.670249 2.062198
v 1.463183 -6.800749 1.298938
v 0.883383 -6.905750 0.936338
v -2.579379 -3.263849 2.362618
v -2.355148 -6.193550 2.733448
v 0.230032 -6.371949 3.021908
v 0.883383 -6.253749 3.130978
v -1.071678 -5.665349 4.119438
v 2.166883 -4.185249 5.358898
v 2.391083 -1.784549 3.640458
v -1.071678 -4.046449 5.739091
v 1.463183 -4.618549 5.216871
v 0.883383 -4.924150 4.995153
v -3.070609 -1.884450 5.895040
v -3.070609 -0.809850 6.138665
v -3.070609 1.202051 6.073248
v 0.230032 -3.221249 6.313338
v -1.651478 -1.614648 6.795161
v 1.463183 -0.488550 6.969088
v -1.651478 0.654051 6.955357
v -1.071678 0.283850 7.030037
v -3.070609 3.083551 5.358526
v 2.882283 3.002151 5.405205
v -3.070609 4.630951 4.071948
v 0.230032 1.287950 6.976658
v 0.883383 1.422751 6.888907
v -2.579379 2.544650 3.147048
v -1.071678 2.525951 6.561435
v 2.166883 4.091551 5.431798
v -1.651478 4.740651 5.104427
v -1.071678 4.494351 5.390621
v 0.230032 3.458351 6.185102
v 0.883383 3.557350 6.058359
v -3.070609 5.176351 3.334308
v -3.070609 5.676550 2.352928
v -2.355148 4.917951 4.684628
v 1.463183 5.502251 4.257358
v 0.883383 5.306451 4.580118
v -3.070609 6.106950 0.387758
v 2.882283 5.640952 2.439738
v -1.071678 5.975751 3.644478
v -2.355148 6.147050 2.839288
v 2.166883 6.516951 1.792008
v -1.071678 6.809551 1.512208
v 0.230032 6.480251 2.775158
v 2.166883 6.719650 -0.415512
v 0.230042 7.004350 0.526298
v 0.883383 6.952251 0.374138
v -2.355148 6.545751 -1.515622
v 2.166883 6.194051 -2.569172
v -2.355148 5.672250 -3.553261
v 0.230042 6.769351 -1.770782
v 0.883383 6.670651 -1.897812
v -2.355148 4.184052 -5.197041
v -1.651478 4.617252 -5.055141
v 2.990883 2.329952 -4.572641
v 1.463183 5.401251 -4.224241
v 2.166883 3.259052 -5.812541
v -1.651478 2.698351 -6.275141
v 0.230042 4.203651 -5.535641
v 2.166883 1.167551 -6.550741
v 0.230042 2.150951 -6.595440
v 0.883383 1.990651 -6.582341
v -3.179149 -1.023250 -5.021141
v -3.070609 -3.910649 -4.616441
v 2.990883 -4.448650 -2.623141
v -3.070609 -5.973249 -1.225322
v -3.070609 -6.074150 0.783838
v -3.070609 -5.516850 2.716888
v -3.070609 -4.361649 4.364348
v 2.882283 -4.426949 4.296938
v -3.070609 -2.733849 5.547684
v -3.070609 -0.809850 6.138665
v -3.070609 1.202051 6.073248
v -3.070609 3.083551 5.358526
v -3.070609 6.106950 0.387758
v -3.179149 4.264751 -2.904391
v -2.797228 2.477451 -3.323761
v 2.882283 -3.082349 -5.196441
v 2.882283 -4.630049 -3.910181
v 2.882283 -6.106949 -0.226342
v 2.882283 -5.876049 1.772088
v 2.882283 -3.597949 5.022588
v 2.882283 2.171051 5.794301
v 2.882283 3.909550 4.780218
v 2.882283 5.972852 1.389558
v 2.882283 6.074251 -0.619591
v 2.882283 2.735051 -5.384241
v 2.882283 0.811151 -5.975641
v 2.882283 -1.200649 -5.910641
v -0.181868 -4.917749 -4.928241
v -1.651478 -3.848749 -5.652941
v -1.071678 -5.307549 -4.416041
v -1.651478 -6.561450 -2.081181
v -1.651478 -6.908449 0.165218
v 2.391083 -3.592049 1.796528
v -3.070609 -5.060050 3.512398
v -1.651478 -5.400249 4.388348
v -0.181868 -4.589449 5.393152
v 2.882283 -1.797649 5.922430
v 2.882283 -0.902750 6.125533
v 2.391083 -0.526949 4.027088
v -0.419968 -0.140749 7.090008
v -1.071678 -1.989049 6.745652
v 2.882283 1.109851 6.090983
v -0.419968 4.196251 5.698545
v -3.070609 5.556050 -2.470402
v 2.882283 5.900852 -1.520271
v -1.071678 6.905450 -0.775091
v -1.651478 6.035951 -3.278431
v 2.882283 5.060751 -3.348381
v 2.391083 2.342751 -3.137331
v -1.071678 4.922951 -4.833441
v -1.071678 3.059451 -6.164741
v -3.070609 0.901251 -5.962941
v -3.070609 -0.198849 -6.026441
v -0.419968 -1.015450 -6.854741
v -1.651478 0.486951 -6.806341
v -0.419968 -1.015450 -6.854741
v 2.882283 -6.084249 0.690588
v -3.070609 -3.671149 4.968516
v -0.419968 4.196251 5.698545
v -0.419968 1.293051 -6.808441
v -3.070609 -3.003448 -5.241641
v 2.990883 -3.328949 -3.920241
v 2.882283 -3.838049 -4.675941
v 2.642783 -5.914549 -2.353551
v 2.166883 -6.146450 -2.677861
v 2.642783 -5.274649 3.698128
v 2.166883 -5.673149 3.714788
v 2.642783 -1.939649 6.173336
v 2.166883 -2.243950 6.431112
v 2.642783 0.144650 6.472700
v 2.166883 -0.059349 6.815237
v 2.882283 5.224251 3.256948
v 2.642783 5.432752 3.456108
v 2.882283 5.517351 -2.552771
v 2.642783 5.798252 -2.618291
v 2.642783 4.606950 -4.353641
v 2.166883 4.997351 -4.435641
v -2.355148 -5.609049 -3.650011
v -2.831109 5.915051 2.515028
v -2.355148 6.147050 2.839288
v -3.070609 5.875551 -1.610602
v -2.579388 3.591850 -1.634681
v -3.070609 5.007552 -3.425611
v -2.831109 3.812550 -5.051841
v -2.355148 4.184052 -5.197041
v -2.831109 1.938251 -6.010941
v -2.355148 2.242451 -6.268741
v 2.772383 2.046751 -4.008771
v -2.831109 -0.146149 -6.309841
v -2.355148 0.057751 -6.652441
v -2.831109 -2.214648 -5.916141
v -2.355148 -2.133049 -6.306341
v -2.960668 2.046150 -4.009081
v -2.960668 3.747351 -2.543061
v 2.391083 0.526750 -3.865001
v 2.772383 -1.624449 -4.193941
v 2.166883 -3.154649 -5.869040
v -3.070609 -3.910649 -4.616441
v -0.181868 -3.023650 -6.252640
v -2.960668 -2.307250 -3.867881
v -3.179149 -2.625549 -4.412642
v -2.831109 -4.043250 -4.872441
v -2.355148 -4.092850 -5.268041
v 2.391083 -2.544350 -2.985271
v -2.579398 -3.401850 -1.986191
v 2.166883 -4.916950 -4.522941
v 0.883383 -2.524550 -6.399141
v -0.419968 -3.213950 -6.149341
v -3.070609 -4.570149 -3.978611
v -3.070609 -5.225049 -3.092891
v 0.883383 -4.493149 -5.228841
v 2.882283 -5.175649 -3.172661
v -2.579388 -3.975649 -0.118492
v -0.419968 -5.064149 -4.768841
v -0.181868 -6.278849 -3.060991
v -2.831109 -6.235149 -1.345981
v -2.355148 -6.517449 -1.627651
v -3.070609 -6.074150 0.783838
v 2.642783 -6.385149 -0.302312
v 2.166883 -6.709850 -0.533792
v -0.419968 -6.977149 -0.637482
v -2.831109 -6.361049 0.754738
v -2.355148 -6.719549 0.579908
v 0.883383 -6.809249 -1.350951
v 2.166883 -6.546150 1.676948
v -0.419968 -6.977149 -0.637482
v -0.181868 -6.886149 1.455898
v -2.579388 -3.591550 1.797698
v -2.831109 -5.797649 2.782478
v -2.355148 -6.193550 2.733448
v -2.355148 -4.996349 4.599608
v -0.419968 -5.947750 3.797038
v -1.651478 -6.506949 2.402548
v 2.166883 -4.185249 5.358898
v -0.419968 -5.947750 3.797038
v -2.831109 -2.915149 5.771852
v -2.355148 -3.257649 5.976146
v -2.831109 -0.908449 6.409533
v -2.355148 -1.166049 6.713900
v -0.419968 -2.410149 6.664602
v -0.419968 -2.410149 6.664602
v 0.883383 -3.060950 6.326849
v -2.831109 1.196651 6.361462
v -2.355148 1.051950 6.732921
v 0.883383 -0.866049 6.981757
v 2.642783 2.213251 6.079468
v 2.166883 2.131551 6.469649
v -2.831109 3.172151 5.632853
v -2.355148 3.155951 6.031148
v -0.181868 1.939250 6.826517
v -2.579379 2.007051 3.518988
v 2.166883 4.091551 5.431798
v -2.355148 4.917951 4.684628
v 2.882283 3.909550 4.780218
v 2.882283 5.224251 3.256948
v 2.391083 3.401051 2.149628
v 2.166883 5.608151 3.814148
v -0.181868 5.675652 4.213838
v 2.166883 6.516951 1.792008
v -2.579388 3.975551 0.280978
v -3.070609 6.084052 -0.529151
v -0.419968 5.793851 4.032468
v -2.831109 6.385150 0.463678
v -2.355148 6.709950 0.695078
v -0.181868 6.710752 2.148118
v -1.651478 6.115750 3.293868
v 2.391083 3.975551 0.282268
v 2.642783 6.361250 -0.590411
v 2.166883 6.719650 -0.415512
v 0.883383 6.480451 2.614368
v -0.181868 7.018550 -0.141552
v -2.831109 6.163451 -1.629091
v -2.355148 6.545751 -1.515622
v -1.651478 6.828050 1.135198
v 2.166883 6.194051 -2.569172
v -0.181868 6.565851 -2.407071
v -2.831109 5.273750 -3.536511
v -2.355148 5.672250 -3.553261
v 2.882283 4.362651 -4.200541
v -3.070609 4.425951 -4.135121
v -3.070609 3.596751 -4.860541
v -0.181868 5.401550 -4.402941
v -3.070609 2.816151 -5.342940
v -3.070609 0.901251 -5.962941
v 2.642783 2.916451 -5.608340
v 2.166883 3.259052 -5.812541
v -0.419968 5.254651 -4.561941
v 0.883383 5.666251 -3.955281
v -2.960668 2.691650 -3.616911
v -0.181868 3.652051 -5.912841
v 0.883383 4.047751 -5.575341
v 2.166883 1.167551 -6.550741
v 2.882283 0.811151 -5.975641
v -0.181868 1.506651 -6.773140
v 2.882283 -1.200649 -5.910641
v 2.642783 -1.195248 -6.198941
v 2.166883 -1.050449 -6.570341
v -3.070609 -1.111249 -5.927841
v -3.070609 -2.172449 -5.630941
v -2.960668 -1.625749 -4.193441
v 2.391083 -3.975649 -0.119102
v -2.579398 -2.007050 -3.356871
v -0.419968 -3.213950 -6.149341
v -0.419968 -5.064149 -4.768841
v -0.419968 -6.365550 -2.862661
v -0.181868 -6.959549 -0.853191
v 2.882283 -5.008349 3.587298
v -0.419968 -6.832649 1.665618
v 2.882283 -3.597949 5.022588
v -0.419968 -4.418349 5.525809
v -2.579379 -2.341750 3.300278
v 2.391083 -2.342249 3.299908
v -0.419968 -4.418349 5.525809
v -0.181868 -2.615050 6.594656
v 2.882283 -0.902750 6.125533
v -0.181868 -0.357249 7.090348
v -0.419968 -0.140749 7.090008
v -0.419968 2.143951 6.755919
v 2.391083 2.005951 3.519648
v -0.181868 4.025551 5.831744
v -0.419968 5.793851 4.032468
v -2.579379 3.401350 2.149098
v 2.882283 5.972852 1.389558
v -0.419968 6.763551 1.938238
v -0.419968 6.763551 1.938238
v -0.419968 7.000351 -0.357212
v -3.070609 5.007552 -3.425611
v 2.882283 5.900852 -1.520271
v -0.419968 7.000351 -0.357212
v 2.391083 3.592151 -1.634131
v -3.070609 5.556050 -2.470402
v -0.419968 6.478551 -2.605121
v -0.419968 5.254651 -4.561941
v 2.882283 2.735051 -5.384241
v -0.419968 3.461351 -6.015541
v -2.960668 2.691650 -3.616911
v -0.419968 3.461351 -6.015541
v -0.419968 1.293051 -6.808441
v -3.070609 -1.111249 -5.927841
v -2.579398 0.526051 -3.865091
v -0.181868 -0.801949 -6.890641
v 2.882283 -1.797649 5.922430
v -3.070609 5.676550 2.352928
v 2.882283 -5.676049 -2.191401
v 2.882283 -5.008349 3.587298
v -2.579398 3.263951 -2.200291
v -3.070609 4.425951 -4.135121
v -3.070609 1.796251 -5.760041
v 2.882283 -1.200649 -5.910641
v 2.882283 -1.200649 -5.910641
v 2.642783 -3.170949 -5.470740
v 0.231672 0.141251 -6.927141
v -3.070609 -2.172449 -5.630941
v 2.882283 -3.082349 -5.196441
v 2.391083 -2.006549 -3.357181
v 2.642783 -4.802949 -4.140931
v -3.070609 -4.570149 -3.978611
v 2.772383 -2.925449 -3.435151
v -2.831109 -5.433650 -3.292011
v 2.391083 -3.401250 -1.987291
v -0.419968 -6.365550 -2.862661
v -3.070609 -6.101650 -0.317152
v 2.882283 -5.876049 1.772088
v 2.642783 -6.163849 1.790508
v -0.419968 -6.832649 1.665618
v -0.181868 -6.066449 3.616048
v -2.831109 -4.606050 4.517528
v -3.070609 -5.516850 2.716888
v 2.642783 -3.813750 5.213819
v -0.419968 -4.418349 5.525809
v -2.579379 -0.525649 4.027277
v 0.231672 -3.461848 6.178092
v 0.231672 -1.293549 6.971168
v -0.419968 2.143951 6.755919
v 2.642783 4.042050 5.036258
v -2.831109 4.803852 4.302658
v -3.070609 3.083551 5.358526
v 2.882283 4.569151 4.142518
v 2.882283 4.569151 4.142518
v -0.419968 4.196251 5.698545
v 2.642783 6.234851 1.510268
v -3.070609 5.676550 2.352928
v 2.882283 6.101551 0.481398
v -0.419968 7.000351 -0.357212
v -0.419968 6.478551 -2.605121
v -3.070609 4.425951 -4.135121
v -2.579398 2.341751 -3.138091
v 2.642783 0.909950 -6.246441
v -0.419968 1.293051 -6.808441
v 2.882283 0.197450 6.189307
v 0.231672 -2.143450 -6.593241
v -3.070609 -4.570149 -3.978611
v 2.391083 -3.401250 -1.987291
v -0.419968 -6.365550 -2.862661
v -3.070609 -6.074150 0.783838
v 2.882283 -5.876049 1.772088
v 2.882283 -5.008349 3.587298
v 2.882283 -5.008349 3.587298
v 0.231672 -6.478749 2.767468
v 2.882283 0.197450 6.189307
v 2.882283 2.171051 5.794301
v -3.070609 5.676550 2.352928
v 2.882283 5.972852 1.389558
v 0.231672 6.977051 0.800858
v 2.882283 5.517351 -2.552771
v 2.882283 2.735051 -5.384241
v -3.070609 -0.198849 -6.026441
v -2.960668 -0.899149 -4.402641
v 2.772383 -2.925449 -3.435151
v 2.772383 -0.898549 -4.402740
v -0.419968 -1.015450 -6.854741
v -3.070609 -3.003448 -5.241641
v 2.882283 -3.838049 -4.675941
v 2.391083 -2.544350 -2.985271
v -3.070609 -3.910649 -4.616441
v -3.070609 -4.570149 -3.978611
v -0.419968 -3.213950 -6.149341
v -3.070609 -3.910649 -4.616441
v 2.882283 -4.630049 -3.910181
v 2.882283 -5.175649 -3.172661
v 2.882283 -5.676049 -2.191401
v 0.231672 -4.195850 -5.536040
v -3.070609 -5.225049 -3.092891
v -0.419968 -5.064149 -4.768841
v 2.882283 -5.676049 -2.191401
v 0.231672 -5.793550 -3.870071
v -3.070609 -6.101650 -0.317152
v -3.070609 -5.973249 -1.225322
v 2.882283 -6.106949 -0.226342
v -0.419968 -6.977149 -0.637482
v 0.231672 -6.763449 -1.775921
v -3.070609 -6.074150 0.783838
v 2.882283 -5.876049 1.772088
v 2.882283 -5.556649 2.631958
v 2.882283 -5.876049 1.772088
v -0.419968 -6.832649 1.665618
v 0.231672 -7.000450 0.519508
v 2.882283 -5.008349 3.587298
v 2.882283 -4.426949 4.296938
v -0.419968 -5.947750 3.797038
v 2.882283 -3.597949 5.022588
v -3.070609 -4.361649 4.364348
v 2.882283 -3.597949 5.022588
v 2.882283 -1.797649 5.922430
v 2.882283 -2.817448 5.505107
v 0.231672 -5.255049 4.724348
v 2.882283 -1.797649 5.922430
v -3.070609 -2.733849 5.547684
v 2.882283 -1.797649 5.922430
v 2.882283 -0.902750 6.125533
v -3.070609 -0.809850 6.138665
v -0.419968 -2.410149 6.664602
v 2.882283 0.197450 6.189307
v -0.419968 -0.140749 7.090008
v -3.070609 1.202051 6.073248
v 2.882283 4.569151 4.142518
v 2.882283 3.909550 4.780218
v 2.882283 3.002151 5.405205
v 0.231672 1.014951 7.017637
v -0.419968 2.143951 6.755919
v 2.882283 3.909550 4.780218
v 2.882283 4.569151 4.142518
v 2.882283 5.224251 3.256948
v 0.231672 3.213451 6.312459
v -3.070609 4.630951 4.071948
v 2.882283 5.224251 3.256948
v 2.882283 5.972852 1.389558
v 0.231672 5.063751 4.932049
v -0.419968 5.793851 4.032468
v -0.419968 6.763551 1.938238
v 2.882283 5.900852 -1.520271
v 0.231672 6.365251 3.025998
v -3.070609 5.556050 -2.470402
v -3.070609 6.106950 0.387758
v 2.882283 6.074251 -0.619591
v -3.070609 5.875551 -1.610602
v 2.882283 5.060751 -3.348381
v 0.231672 6.832752 -1.502241
v -3.070609 5.007552 -3.425611
v -2.579398 3.263951 -2.200291
v -3.070609 5.007552 -3.425611
v -0.419968 6.478551 -2.605121
v 2.882283 4.362651 -4.200541
v -2.960668 0.606351 -4.451441
v 0.231672 5.948051 -3.633731
v -3.070609 3.596751 -4.860541
v -2.579398 2.341751 -3.138091
v -3.070609 1.796251 -5.760041
v -3.070609 3.596751 -4.860541
v -0.419968 5.254651 -4.561941
v 2.882283 2.735051 -5.384241
v 2.772383 0.607051 -4.451341
v -0.419968 3.461351 -6.015541
v 0.231672 4.418752 -5.362641
v -3.070609 0.901251 -5.962941
v -3.070609 1.796251 -5.760041
v -3.070609 -0.198849 -6.026441
v 2.882283 0.811151 -5.975641
v 2.882283 0.811151 -5.975641
v 0.231672 2.410552 -6.501541
v -3.070609 -1.111249 -5.927841
v -3.070609 -0.198849 -6.026441
vn -0.0000 -0.7730 -0.6344
vn -0.0000 -0.8819 -0.4714
vn -0.0000 -0.9569 -0.2903
vn -0.6267 -0.6872 -0.3673
vn -0.0000 -0.9952 -0.0980
vn -0.6263 -0.7460 -0.2263
vn -0.6263 -0.6876 -0.3675
vn -0.6269 -0.7754 -0.0764
vn -0.6269 -0.7456 -0.2262
vn -0.0000 -0.9952 0.0980
vn -0.6245 -0.7772 -0.0766
vn -0.6245 -0.7772 0.0765
vn -0.0000 -0.9569 0.2903
vn -0.6269 -0.7753 0.0764
vn -0.6269 -0.7456 0.2262
vn -0.0000 -0.8819 0.4714
vn -0.6263 -0.7460 0.2263
vn -0.6263 -0.6876 0.3675
vn -0.0000 -0.7730 0.6344
vn -0.6266 -0.6873 0.3674
vn -0.6265 -0.6025 0.4945
vn -0.0000 -0.6344 0.7730
vn -0.6268 -0.6023 0.4943
vn -0.6266 -0.4944 0.6025
vn -0.0000 -0.4714 0.8819
vn -0.6255 -0.4950 0.6031
vn -0.6256 -0.3678 0.6880
vn -0.0000 -0.2903 0.9569
vn -0.6263 -0.3675 0.6876
vn -0.6261 -0.2263 0.7461
vn -0.0000 -0.0980 0.9952
vn -0.6262 -0.2263 0.7461
vn -0.6262 -0.0764 0.7759
vn -0.0000 0.0980 0.9952
vn -0.6260 -0.0764 0.7761
vn -0.6260 0.0764 0.7761
vn -0.0000 0.2903 0.9569
vn -0.6262 0.0764 0.7759
vn -0.6262 0.2263 0.7461
vn -0.0000 0.4714 0.8819
vn -0.6261 0.2263 0.7461
vn -0.6263 0.3675 0.6875
vn -0.0000 0.6344 0.7730
vn -0.6256 0.3678 0.6880
vn -0.6255 0.4950 0.6031
vn -0.9763 0.0628 0.2070
vn -0.0000 0.7730 0.6344
vn -0.6250 0.4952 0.6034
vn -0.6248 0.6036 0.4953
vn -0.9763 0.1020 0.1908
vn -0.0000 0.8819 0.4715
vn -0.6246 0.6037 0.4954
vn -0.6244 0.6888 0.3682
vn -0.9763 0.1372 0.1672
vn -0.0000 0.9569 0.2903
vn -0.6262 0.6876 0.3675
vn -0.6262 0.7461 0.2263
vn -0.9763 0.1672 0.1372
vn -0.0000 0.9952 0.0980
vn -0.6269 0.7456 0.2262
vn -0.6269 0.7753 0.0763
vn -0.9763 0.1908 0.1020
vn -0.0000 0.9952 -0.0980
vn -0.6270 0.7753 0.0763
vn -0.6270 0.7753 -0.0763
vn -0.9763 0.2070 0.0628
vn -0.0000 0.9569 -0.2903
vn -0.6269 0.7754 -0.0764
vn -0.6268 0.7456 -0.2262
vn -0.9763 0.2153 0.0212
vn -0.0000 0.8819 -0.4714
vn -0.6262 0.7461 -0.2263
vn -0.6262 0.6876 -0.3676
vn -0.9763 0.2153 -0.0212
vn -0.0000 0.7730 -0.6344
vn -0.6245 0.6888 -0.3682
vn -0.6247 0.6036 -0.4954
vn -0.9763 0.2070 -0.0628
vn -0.0000 0.6344 -0.7730
vn -0.6248 0.6036 -0.4953
vn -0.6250 0.4952 -0.6034
vn -0.9763 0.1908 -0.1020
vn -0.0000 0.4714 -0.8819
vn -0.6255 0.4950 -0.6032
vn -0.6256 0.3678 -0.6880
vn -0.9763 0.1672 -0.1372
vn -0.0000 0.2903 -0.9569
vn -0.6265 0.3674 -0.6874
vn -0.6264 0.2263 -0.7459
vn -0.9763 0.1372 -0.1672
vn -0.0000 0.0980 -0.9952
vn -0.6269 0.2262 -0.7456
vn -0.6269 0.0763 -0.7753
vn -0.9763 0.1020 -0.1908
vn -0.0000 -0.0981 -0.9952
vn -0.6270 0.0763 -0.7753
vn -0.6270 -0.0764 -0.7752
vn -0.9763 0.0628 -0.2070
vn -0.0000 -0.2902 -0.9570
vn -0.6244 -0.0765 -0.7773
vn -0.6245 -0.2267 -0.7474
vn -0.9763 0.0212 -0.2153
vn -0.0000 -0.4714 -0.8819
vn -0.6264 -0.2263 -0.7459
vn -0.6265 -0.3675 -0.6874
vn -0.9763 -0.0212 -0.2153
vn -0.0000 -0.6344 -0.7730
vn -0.6255 -0.4950 -0.6032
vn -0.6256 -0.3678 -0.6880
vn -0.6267 -0.6024 -0.4943
vn -0.6266 -0.4944 -0.6024
vn -0.6267 -0.6024 -0.4944
vn -0.9763 -0.0628 -0.2070
vn -0.9763 -0.1020 -0.1908
vn -0.9763 -0.1372 -0.1672
vn -0.9763 -0.1672 -0.1372
vn -0.9763 -0.1373 -0.1672
vn -0.9941 -0.0107 -0.1084
vn -0.9940 -0.0316 -0.1043
vn -0.9941 0.0107 -0.1084
vn -1.0000 -0.0000 -0.0000
vn -0.9941 -0.0316 -0.1042
vn -0.9941 -0.0513 -0.0960
vn -0.9940 0.0316 -0.1042
vn -0.9941 0.0316 -0.1042
vn -0.9941 -0.0690 -0.0841
vn -0.9941 0.0513 -0.0960
vn -0.9941 0.0513 -0.0961
vn -0.9940 -0.0691 -0.0842
vn -0.9941 0.0691 -0.0842
vn -0.9940 -0.0842 -0.0692
vn -0.9763 -0.1672 -0.1373
vn -0.9763 -0.1908 -0.1020
vn -0.9941 -0.0841 -0.0690
vn -0.9941 0.0842 -0.0691
vn -0.9940 0.0842 -0.0691
vn -0.9941 -0.0960 -0.0513
vn -0.9763 -0.2070 -0.0628
vn -0.9940 0.0961 -0.0514
vn -0.9941 0.0960 -0.0513
vn -0.9940 -0.0961 -0.0514
vn -0.9941 0.1041 -0.0316
vn -0.9940 -0.1042 -0.0316
vn -0.9763 -0.2153 -0.0212
vn -0.9940 -0.1043 -0.0316
vn -0.9941 0.1083 -0.0107
vn -0.9940 -0.1085 -0.0107
vn -0.9763 -0.2153 0.0212
vn -0.9941 -0.1083 -0.0107
vn -0.9941 0.1083 0.0107
vn -0.9941 -0.1083 0.0107
vn -0.9763 -0.2070 0.0628
vn -0.9940 -0.1085 0.0107
vn -0.9941 0.1041 0.0316
vn -0.9940 -0.1043 0.0316
vn -0.9763 -0.1908 0.1020
vn -0.9940 -0.1042 0.0316
vn -0.9941 0.0960 0.0513
vn -0.9940 0.0961 0.0514
vn -0.9940 -0.0961 0.0513
vn -0.9763 -0.1672 0.1372
vn -0.9941 -0.0960 0.0513
vn -0.9940 0.0842 0.0691
vn -0.9941 0.0842 0.0691
vn -0.9941 -0.0841 0.0691
vn -0.9763 -0.1372 0.1672
vn -0.9940 -0.0842 0.0691
vn -0.9941 0.0691 0.0842
vn -0.9763 -0.1373 0.1672
vn -0.9940 -0.0691 0.0842
vn -0.9763 -0.1020 0.1908
vn -0.9941 -0.0690 0.0841
vn -0.9941 0.0513 0.0961
vn -0.9941 0.0513 0.0960
vn -0.9941 -0.0513 0.0960
vn -0.9763 -0.0628 0.2070
vn -0.9941 -0.0316 0.1042
vn -0.9763 -0.0212 0.2153
vn -0.9941 0.0316 0.1042
vn -0.9940 0.0316 0.1042
vn -0.9941 -0.0107 0.1084
vn -0.9763 0.0212 0.2153
vn -0.9941 0.0107 0.1084
vn 0.7067 -0.0694 -0.7041
vn 0.7068 -0.2054 -0.6769
vn 0.7082 -0.2049 -0.6756
vn 0.7081 -0.0692 -0.7028
vn 0.7080 0.0692 -0.7028
vn 1.0000 -0.0000 -0.0000
vn 0.7079 -0.3329 -0.6229
vn 0.7067 -0.3335 -0.6239
vn 0.7088 0.0692 -0.7021
vn 0.7088 0.2048 -0.6751
vn 0.7066 -0.4489 -0.5470
vn 0.7073 -0.4484 -0.5465
vn 0.7074 -0.5464 -0.4483
vn 0.7082 -0.5458 -0.4479
vn 0.7084 -0.6225 -0.3328
vn 0.7065 -0.6242 -0.3336
vn 0.7065 -0.6773 -0.2054
vn 0.7068 -0.6770 -0.2054
vn 0.7067 -0.7041 -0.0694
vn 0.7060 -0.7048 -0.0694
vn 0.7060 -0.7048 0.0694
vn 0.7067 -0.7041 0.0693
vn 0.7068 -0.6770 0.2054
vn 0.7065 -0.6773 0.2055
vn 0.7065 -0.6241 0.3337
vn 0.7083 -0.6225 0.3327
vn 0.7082 -0.5458 0.4479
vn 0.7076 -0.5463 0.4483
vn 0.7075 -0.4484 0.5463
vn 0.7066 -0.4489 0.5470
vn 0.7068 -0.3335 0.6239
vn 0.7067 -0.3335 0.6240
vn 0.7068 -0.2053 0.6769
vn 0.7072 -0.2052 0.6766
vn 0.7071 -0.0693 0.7037
vn 0.7070 -0.0693 0.7038
vn 0.7070 0.0693 0.7038
vn 0.7071 0.0693 0.7037
vn 0.7072 0.2052 0.6766
vn 0.7068 0.2054 0.6770
vn 0.7066 0.3336 0.6240
vn 0.7068 0.3335 0.6239
vn 0.7066 0.4489 0.5470
vn 0.7062 0.4492 0.5473
vn 0.7060 0.5475 0.4493
vn 0.7066 0.5470 0.4489
vn 0.7066 0.6241 0.3336
vn 0.7083 0.6225 0.3328
vn 0.7084 0.6754 0.2049
vn 0.7087 0.6751 0.2048
vn 0.7087 0.7021 0.0692
vn 0.7080 0.7028 0.0692
vn 0.7080 0.7028 -0.0692
vn 0.7087 0.7021 -0.0691
vn 0.7086 0.6752 -0.2048
vn 0.7084 0.6754 -0.2049
vn 0.7083 0.6226 -0.3327
vn 0.7066 0.6241 -0.3336
vn 0.7066 0.5470 -0.4489
vn 0.7060 0.5475 -0.4493
vn 0.7062 0.4492 -0.5473
vn 0.7066 0.4489 -0.5470
vn 0.7067 0.3335 -0.6240
vn 0.7079 0.3330 -0.6229
vn 0.7082 0.2049 -0.6756
vn 0.7089 -0.3325 0.6220
vn 0.7068 -0.2053 0.6770
vn 0.7088 -0.2048 0.6751
vn 0.7060 -0.0694 0.7048
vn 0.7067 -0.0694 0.7041
vn 0.7067 0.0693 0.7041
vn 0.7060 0.0694 0.7048
vn 0.7082 0.2049 0.6756
vn 0.7079 0.3329 0.6229
vn 0.7065 0.3336 0.6241
vn 0.7064 0.4490 0.5471
vn 0.7075 0.4483 0.5464
vn 0.7075 0.5463 0.4483
vn 0.7064 0.6243 0.3336
vn -0.0000 0.8819 0.4714
vn 0.7064 0.6774 0.2054
vn 0.7067 0.6771 0.2054
vn -0.0000 0.9570 0.2902
vn 0.7067 0.7041 0.0694
vn 0.7080 0.7028 0.0693
vn 0.7067 0.7041 -0.0694
vn 0.7067 0.6771 -0.2054
vn 0.7064 0.6773 -0.2054
vn 0.7065 0.6242 -0.3336
vn 0.7076 0.5463 -0.4483
vn 0.7075 0.4484 -0.5463
vn 0.7068 0.2053 -0.6769
vn 0.7066 0.2054 -0.6772
vn 0.7069 0.0693 -0.7039
vn 0.7070 0.0693 -0.7038
vn 0.7070 -0.0693 -0.7038
vn 0.7071 -0.0693 -0.7037
vn -0.0000 -0.0980 -0.9952
vn 0.7072 -0.2052 -0.6766
vn 0.7074 -0.2052 -0.6764
vn -0.0000 -0.2903 -0.9569
vn 0.7076 -0.3331 -0.6232
vn 0.7075 -0.3331 -0.6233
vn 0.7077 -0.4482 -0.5461
vn 0.7062 -0.4492 -0.5473
vn -0.0000 -0.6343 -0.7730
vn 0.7060 -0.5475 -0.4493
vn 0.7066 -0.5470 -0.4489
vn 0.7066 -0.6241 -0.3336
vn 0.7083 -0.6225 -0.3328
vn 0.7084 -0.6754 -0.2049
vn 0.7067 -0.6771 -0.2054
vn 0.7067 -0.6770 0.2054
vn 0.7084 -0.6754 0.2049
vn 0.7083 -0.6226 0.3328
vn 0.7066 -0.6241 0.3336
vn 0.7066 -0.5470 0.4489
vn 0.7060 -0.5475 0.4493
vn 0.7061 -0.4492 0.5474
vn 0.7077 -0.4482 0.5461
vn 0.7075 -0.3331 0.6233
vn -0.0000 -0.6343 0.7730
vn 0.6281 -0.4936 0.6015
vn 0.6280 -0.3668 0.6863
vn 0.6283 -0.3667 0.6861
vn 0.6296 -0.2256 0.7434
vn 0.6280 -0.2259 0.7448
vn 0.6289 -0.0762 0.7738
vn 0.6297 -0.0762 0.7731
vn 0.6297 0.0762 0.7731
vn 0.6289 0.0763 0.7738
vn 0.6296 0.2255 0.7435
vn 0.6280 0.2260 0.7447
vn 0.9779 0.0205 0.2082
vn 0.9779 0.0607 0.2002
vn 0.6280 0.3669 0.6863
vn 0.6290 0.3665 0.6856
vn 0.9779 0.0986 0.1845
vn 0.6290 0.4931 0.6009
vn 0.6286 0.4934 0.6012
vn 0.9779 0.1327 0.1618
vn 0.6286 0.6012 0.4933
vn 0.6292 0.6008 0.4931
vn 0.9779 0.1327 0.1617
vn 0.9779 0.1618 0.1327
vn 0.6293 0.6854 0.3663
vn 0.6292 0.6855 0.3664
vn 0.9779 0.1617 0.1327
vn 0.9779 0.1845 0.0986
vn 0.6293 0.7437 0.2256
vn 0.6284 0.7444 0.2258
vn 0.9779 0.1845 0.0987
vn 0.9779 0.2002 0.0607
vn 0.6284 0.7741 0.0762
vn 0.6289 0.7738 0.0762
vn 0.9779 0.2082 0.0205
vn 0.6289 0.7738 -0.0762
vn 0.6284 0.7741 -0.0763
vn 0.9779 0.2082 -0.0205
vn 0.6284 0.7444 -0.2258
vn 0.6293 0.7437 -0.2256
vn 0.9779 0.2002 -0.0607
vn 0.6292 0.6855 -0.3664
vn 0.6294 0.6854 -0.3663
vn 0.9779 0.1845 -0.0986
vn 0.6293 0.6008 -0.4930
vn 0.6287 0.6011 -0.4933
vn 0.9779 0.1618 -0.1327
vn 0.6287 0.4933 -0.6011
vn 0.6291 0.4932 -0.6009
vn 0.9779 0.1617 -0.1328
vn 0.9779 0.1327 -0.1617
vn 0.6290 0.3665 -0.6856
vn 0.6288 0.3666 -0.6858
vn 0.9779 0.0986 -0.1845
vn 0.6288 0.2257 -0.7441
vn 0.6292 0.2256 -0.7438
vn 0.9779 0.0607 -0.2002
vn 0.6290 0.0762 -0.7737
vn 0.6288 0.0762 -0.7738
vn 0.9779 0.0205 -0.2082
vn 0.6288 -0.0762 -0.7738
vn 0.6289 -0.0762 -0.7738
vn 0.9779 -0.0205 -0.2082
vn 0.9944 0.0306 -0.1007
vn 0.6288 -0.2257 -0.7440
vn 0.6288 -0.2257 -0.7441
vn 0.9944 0.0103 -0.1048
vn 0.9944 0.0306 -0.1008
vn 0.9944 0.0496 -0.0928
vn 0.9944 -0.0103 -0.1048
vn 0.9779 -0.0607 -0.2002
vn 0.9944 -0.0306 -0.1007
vn 0.9944 0.0496 -0.0929
vn 0.9944 0.0668 -0.0814
vn 0.9944 -0.0305 -0.1007
vn 0.9945 -0.0496 -0.0928
vn 0.9944 0.0814 -0.0669
vn 0.9779 -0.0986 -0.1845
vn 0.6288 -0.3665 -0.6858
vn 0.6285 -0.3667 -0.6860
vn 0.9944 -0.0496 -0.0928
vn 0.6283 -0.4936 -0.6013
vn 0.9779 -0.1328 -0.1617
vn 0.6296 -0.4928 -0.6006
vn 0.9945 -0.0667 -0.0813
vn 0.9779 -0.1327 -0.1617
vn 0.9944 -0.0668 -0.0814
vn 0.6298 -0.6004 -0.4928
vn 0.9779 -0.1617 -0.1328
vn 0.6283 -0.6014 -0.4935
vn 0.9944 0.0814 -0.0668
vn 0.9944 0.0928 -0.0496
vn 0.9944 -0.0814 -0.0668
vn 0.9779 -0.1617 -0.1327
vn 0.6282 -0.6862 -0.3668
vn 0.9779 -0.1845 -0.0986
vn 0.6281 -0.6863 -0.3668
vn 0.9944 -0.0928 -0.0496
vn 0.9944 -0.0929 -0.0496
vn 0.6280 -0.7447 -0.2258
vn 0.9779 -0.2002 -0.0607
vn 0.6297 -0.7434 -0.2256
vn 0.9945 0.0928 -0.0496
vn 0.9945 0.1007 -0.0305
vn 0.9944 -0.1008 -0.0306
vn 0.9944 0.1007 -0.0305
vn 0.9944 0.1047 -0.0103
vn 0.9944 -0.1007 -0.0306
vn 0.9779 -0.2002 -0.0608
vn 0.9944 -0.1047 -0.0103
vn 0.9944 0.1048 -0.0103
vn 0.9944 0.1048 0.0103
vn 0.6297 -0.7731 -0.0762
vn 0.9779 -0.2082 -0.0205
vn 0.6289 -0.7738 -0.0762
vn 0.9944 -0.1048 -0.0103
vn 0.6289 -0.7738 0.0762
vn 0.9779 -0.2082 0.0205
vn 0.6284 -0.7742 0.0763
vn 0.9944 -0.1048 0.0103
vn 0.9944 -0.1047 0.0103
vn 0.6284 -0.7444 0.2258
vn 0.9779 -0.2002 0.0607
vn 0.6280 -0.7447 0.2259
vn 0.9944 0.1047 0.0103
vn 0.9944 0.1007 0.0305
vn 0.9944 -0.1007 0.0305
vn 0.9945 0.1007 0.0305
vn 0.9945 0.0928 0.0496
vn 0.9944 -0.1008 0.0306
vn 0.9779 -0.2002 0.0608
vn 0.9944 -0.0929 0.0497
vn 0.9944 0.0929 0.0497
vn 0.9944 0.0814 0.0668
vn 0.6281 -0.6863 0.3668
vn 0.9779 -0.1845 0.0986
vn 0.6281 -0.6862 0.3668
vn 0.9944 -0.0928 0.0496
vn 0.6282 -0.6014 0.4936
vn 0.9779 -0.1617 0.1327
vn 0.6286 -0.6012 0.4934
vn 0.6286 -0.4934 0.6012
vn 0.9944 -0.0814 0.0668
vn 0.9779 -0.1327 0.1617
vn 0.9944 0.0815 0.0668
vn 0.9944 0.0668 0.0814
vn 0.9944 -0.0668 0.0814
vn 0.9945 -0.0667 0.0813
vn 0.9779 -0.0986 0.1845
vn 0.9944 0.0496 0.0928
vn 0.9944 -0.0496 0.0928
vn 0.9945 -0.0496 0.0928
vn 0.9779 -0.0607 0.2002
vn 0.9944 0.0496 0.0929
vn 0.9944 0.0306 0.1007
vn 0.9944 -0.0305 0.1007
vn 0.9944 -0.0306 0.1007
vn 0.9779 -0.0205 0.2082
vn 0.9944 0.0305 0.1007
vn 0.9944 -0.0103 0.1048
vn 0.9944 0.0103 0.1048
vn 0.9944 0.0103 0.1047
vn 0.9114 -0.1776 -0.3713
vn -0.9120 0.4101 -0.0124
vn -0.9120 -0.4101 0.0124
vn -0.9114 -0.1777 -0.3712
vn -0.9115 0.2140 -0.3513
vn -0.9118 0.3549 -0.2065
vn 0.9120 0.4100 -0.0123
vn 0.9119 0.3547 -0.2063
vn 0.9446 -0.0376 -0.3262
vn 0.9446 -0.2935 -0.1469
vn 0.9119 -0.3549 0.2063
vn 0.9114 -0.2142 0.3513
vn 0.0037 -0.2225 -0.9749
vn -0.9117 0.3669 0.1847
vn -0.6695 -0.7364 0.0974
vn -0.6694 -0.6650 0.3313
vn -0.6694 -0.5213 0.5293
vn 0.0168 -0.9994 -0.0316
vn -0.6692 -0.0864 0.7380
vn -0.6693 0.1578 0.7261
vn -0.6693 0.3848 0.6356
vn 0.9115 0.2141 -0.3512
vn 0.0037 -0.2681 0.9634
vn -0.6694 0.6940 0.2651
vn -0.6695 0.7424 0.0253
vn -0.6695 0.7103 -0.2173
vn -0.6694 0.6013 -0.4363
vn 0.0169 0.9805 0.1958
vn 0.0035 0.9899 -0.1414
vn -0.6692 -0.0361 -0.7422
vn -0.6692 -0.2751 -0.6903
vn -0.6693 -0.4842 -0.5636
vn -0.6694 -0.6408 -0.3758
vn 0.9120 -0.4066 -0.0536
vn -0.9446 -0.3067 0.1166
vn -0.9446 -0.2653 -0.1931
vn -0.5861 0.4550 -0.6704
vn 0.1674 -0.4000 -0.9011
vn 0.5635 0.6748 -0.4766
vn -0.1675 -0.5429 -0.8229
vn -0.6551 -0.7377 -0.1630
vn 0.5635 0.4835 -0.6699
vn 0.1674 -0.6709 -0.7224
vn -0.5635 0.3665 -0.7404
vn -0.1675 -0.7808 -0.6019
vn -0.0633 -0.9272 -0.3692
vn 0.1675 -0.8691 -0.4654
vn -0.9446 0.3252 0.0435
vn 0.5861 0.0815 -0.8061
vn -0.5634 0.1063 -0.8193
vn -0.1674 -0.9859 0.0050
vn -0.5861 -0.3120 -0.7478
vn 0.1675 -0.9731 -0.1579
vn 0.5634 -0.0297 -0.8257
vn 0.0332 -0.0781 -0.9964
vn -0.5861 -0.5378 -0.6059
vn 0.5861 -0.4306 -0.6863
vn 0.1675 -0.9716 0.1669
vn -0.1675 -0.9308 0.3250
vn -0.0633 -0.8159 0.5747
vn 0.5635 -0.5304 -0.6334
vn 0.1675 -0.8648 0.4734
vn 0.0036 -0.9531 0.3025
vn -0.0633 -0.5851 0.8085
vn 0.1674 -0.6642 0.7286
vn 0.5636 -0.7072 -0.4268
vn 0.0331 -0.8768 -0.4797
vn -0.0634 -0.2911 0.9546
vn -0.5636 -0.8252 -0.0385
vn -0.9446 0.0165 -0.3278
vn 0.1674 -0.3917 0.9048
vn 0.5862 -0.8100 -0.0146
vn 0.5862 -0.7708 0.2493
vn -0.0634 0.0344 0.9974
vn -0.6550 0.5712 0.4947
vn 0.1674 -0.0768 0.9829
vn -0.0633 0.3563 0.9322
vn 0.1674 0.2464 0.9546
vn 0.5862 -0.6481 0.4861
vn 0.0333 -0.8809 0.4721
vn -0.5861 -0.3386 0.7361
vn 0.1674 0.5429 0.8230
vn 0.5861 -0.4552 0.6703
vn 0.0036 0.3798 0.9250
vn -0.1674 0.6711 0.7222
vn -0.0634 0.8537 0.5169
vn 0.5861 -0.2130 0.7818
vn 0.1675 0.7807 0.6021
vn 0.0332 -0.4053 0.9136
vn -0.0634 0.9753 0.2115
vn 0.1675 0.9339 0.3159
vn 0.5861 0.0522 0.8086
vn 0.0036 0.8679 0.4967
vn -0.0634 0.9911 -0.1168
vn 0.5861 0.3118 0.7478
vn 0.1674 0.9859 -0.0047
vn 0.9113 -0.4115 0.0133
vn -0.5634 0.2962 0.7712
vn 0.5861 0.5377 0.6061
vn -0.6692 0.2067 -0.7137
vn 0.1676 0.9309 -0.3245
vn -0.1675 0.8647 -0.4736
vn -0.5862 0.6302 0.5091
vn -0.5635 0.7074 0.4267
vn 0.5862 0.7053 0.3986
vn 0.1675 0.7750 -0.6094
vn -0.0634 0.7103 -0.7011
vn -0.1674 0.3913 -0.9049
vn 0.5862 0.7965 0.1479
vn 0.1674 0.5352 -0.8280
vn 0.0037 0.6942 -0.7197
vn -0.5862 0.8100 0.0144
vn -0.5636 0.8202 -0.0981
vn -0.0634 0.1301 -0.9895
vn 0.5862 0.8013 -0.1190
vn 0.1674 0.2373 -0.9569
vn -0.5636 0.7439 -0.3591
vn -0.0632 -0.1982 -0.9781
vn 0.5862 0.7193 -0.3728
vn 0.1674 -0.0859 -0.9821
vn 0.9446 -0.1414 -0.2963
vn -0.9112 -0.3938 -0.1207
vn -0.9105 -0.2372 -0.3388
vn -0.9446 0.2142 -0.2486
vn -0.9446 0.3067 -0.1166
vn -0.9446 0.2653 0.1931
vn 0.9111 -0.0209 0.4117
vn 0.9446 0.1705 -0.2805
vn 0.9446 0.0703 -0.3207
vn 0.9446 -0.2834 0.1655
vn 0.9446 -0.2143 0.2486
vn 0.5862 0.5593 -0.5861
vn 0.5861 0.3387 -0.7361
vn -0.9105 0.2903 0.2943
vn -0.5860 0.2128 -0.7819
vn 0.5634 0.2399 -0.7906
vn 0.9446 0.3280 -0.0106
vn 0.5861 -0.1845 -0.7890
vn 0.0036 -0.9997 -0.0235
vn 0.5634 -0.2960 -0.7714
vn 0.9446 0.3067 -0.1165
vn 0.5862 -0.6301 -0.5093
vn 0.5862 -0.7613 -0.2771
vn 0.5636 -0.8075 -0.1739
vn -0.9446 0.0702 -0.3207
vn 0.5636 -0.8203 0.0978
vn 0.5635 -0.7440 0.3590
vn -0.9446 -0.0377 -0.3261
vn 0.5635 -0.5871 0.5811
vn 0.5634 -0.3666 0.7403
vn -0.9118 -0.3324 -0.2412
vn 0.5634 -0.1066 0.8193
vn 0.5634 0.1651 0.8095
vn 0.5635 0.4189 0.7121
vn 0.5635 0.6274 0.5374
vn 0.5636 0.7678 0.3046
vn 0.5636 0.8252 0.0385
vn 0.5636 0.7930 -0.2315
vn -0.9446 -0.0164 0.3278
vn -0.9446 -0.3252 -0.0435
vn 0.9446 0.3136 0.0965
vn 0.9112 0.0208 -0.4115
vn 0.6601 -0.7510 -0.0168
vn -0.9112 0.1778 0.3715
vn -0.0157 -0.6453 -0.7637
vn 0.0035 -0.5268 -0.8500
vn -0.1675 -0.9340 -0.3157
vn 0.0038 -0.7742 -0.6329
vn 0.6599 -0.4247 0.6198
vn 0.6599 -0.2006 0.7241
vn -0.6550 -0.3389 0.6754
vn -0.6240 -0.7054 -0.3363
vn -0.9798 -0.1567 0.1244
vn -0.1674 -0.5350 0.8281
vn -0.5862 -0.7966 -0.1477
vn -0.1674 -0.2372 0.9569
vn 0.0036 -0.5663 0.8242
vn -0.6240 -0.6671 0.4069
vn -0.1674 0.0862 0.9821
vn -0.5862 -0.5591 0.5863
vn -0.1674 0.4003 0.9010
vn 0.6601 0.7435 -0.1071
vn 0.9446 -0.2299 -0.2343
vn -0.5860 -0.0813 0.8062
vn -0.1675 0.8692 0.4652
vn -0.6239 0.2305 0.7468
vn 0.9446 -0.3136 -0.0966
vn -0.1675 0.9732 0.1575
vn -0.1674 0.9716 -0.1672
vn -0.6693 0.4271 -0.6080
vn 0.6599 0.0787 -0.7472
vn -0.1675 0.6639 -0.7288
vn 0.0036 0.8903 -0.4553
vn -0.0157 0.5816 -0.8133
vn -0.1674 0.0766 -0.9829
vn 0.0037 0.4229 -0.9061
vn 0.0035 0.1060 -0.9944
vn -0.1673 -0.2466 -0.9546
vn -0.9447 -0.3279 0.0107
vn -0.9446 -0.1414 -0.2962
vn 0.9446 0.2523 -0.2099
vn 0.9115 -0.2347 -0.3378
vn 0.9119 -0.3323 -0.2410
vn -0.6239 0.3930 -0.6755
vn 0.0166 -0.2147 -0.9765
vn -0.6551 -0.7507 0.0855
vn 0.6600 -0.6028 0.4483
vn -0.6551 -0.6822 0.3247
vn -0.5860 -0.0524 -0.8086
vn 0.0157 -0.9309 -0.3649
vn -0.9446 0.3217 -0.0645
vn 0.0037 -0.9378 -0.3472
vn -0.6239 -0.5580 -0.5471
vn -0.5862 -0.7054 -0.3985
vn -0.6549 -0.1014 0.7489
vn 0.6599 0.0453 0.7500
vn -0.9446 0.2522 -0.2099
vn -0.6549 0.1471 0.7412
vn 0.6599 0.2862 0.6947
vn 0.9110 0.3175 -0.2633
vn 0.0036 -0.8032 0.5957
vn -0.6550 0.3797 0.6533
vn -0.0157 -0.4399 0.8979
vn -0.5863 -0.8013 0.1192
vn 0.0168 -0.2759 0.9610
vn 0.6600 0.6524 0.3724
vn -0.5862 -0.7192 0.3730
vn 0.0157 0.0401 0.9991
vn 0.9446 -0.0376 -0.3261
vn 0.0168 0.0509 0.9986
vn 0.6600 0.7380 0.1403
vn -0.6551 0.7545 0.0393
vn -0.5635 -0.4833 0.6700
vn -0.6551 0.7264 -0.2079
vn 0.6600 0.6684 -0.3429
vn 0.0036 0.6596 0.7516
vn -0.5860 0.1847 0.7889
vn 0.9446 -0.3252 -0.0436
vn -0.6550 0.6195 -0.4326
vn 0.6600 0.5209 -0.5414
vn -0.0156 0.9990 0.0422
vn -0.5861 0.4308 0.6862
vn 0.9446 -0.3217 0.0644
vn 0.0158 0.9783 0.2066
vn -0.5635 0.5305 0.6333
vn -0.9118 -0.3835 0.1469
vn -0.6549 0.2232 -0.7220
vn 0.0157 0.8987 -0.4382
vn -0.0156 0.8141 -0.5805
vn -0.5863 0.7613 0.2769
vn -0.6549 -0.2671 -0.7069
vn 0.0332 0.9438 0.3289
vn -0.6550 -0.4820 -0.5819
vn 0.6600 -0.5822 -0.4748
vn -0.5862 0.7708 -0.2494
vn -0.5862 0.6480 -0.4864
vn -0.6551 -0.6448 -0.3939
vn 0.9446 -0.0166 0.3279
vn 0.6600 -0.7048 -0.2600
vn -0.9113 0.0865 -0.4026
vn -0.9109 -0.0208 0.4120
vn 0.9113 0.1777 0.3714
vn -0.9446 -0.3136 -0.0965
vn -0.9112 -0.1140 -0.3958
vn -0.9112 0.1531 -0.3824
vn -0.9108 0.3177 -0.2635
vn -0.9113 0.4037 -0.0808
vn -0.9109 0.3690 0.1846
vn -0.9446 0.2300 0.2342
vn 0.9112 0.3852 -0.1463
vn 0.9111 0.2141 -0.3522
vn 0.9113 0.0866 -0.4025
vn 0.9119 -0.3833 0.1467
vn 0.9108 -0.3178 0.2635
vn -0.9798 -0.1109 -0.1666
vn 0.9798 -0.0819 -0.1826
vn 0.0157 -0.2039 -0.9789
vn -0.0634 -0.5048 -0.8609
vn 0.9798 -0.1368 -0.1461
vn 0.6600 -0.7158 0.2280
vn -0.9446 0.3136 0.0965
vn 0.9798 -0.1767 -0.0937
vn -0.9798 -0.1898 -0.0633
vn -0.9798 -0.2000 0.0018
vn -0.0634 -0.9968 -0.0480
vn 0.9446 0.3136 0.0966
vn -0.9446 0.3279 -0.0106
vn 0.9798 -0.1976 -0.0312
vn 0.9120 0.4067 0.0536
vn -0.6239 -0.3502 -0.6987
vn -0.9424 -0.3334 -0.0258
vn 0.9798 -0.1970 0.0347
vn -0.9798 -0.1886 0.0667
vn -0.0635 -0.9584 0.2783
vn -0.1675 -0.7748 0.6096
vn 0.0332 -0.6735 -0.7385
vn -0.9798 -0.1079 0.1685
vn 0.9798 -0.1342 0.1484
vn -0.9446 0.1704 -0.2805
vn -0.6240 -0.7763 -0.0889
vn -0.9798 -0.0473 0.1945
vn 0.9798 -0.0788 0.1840
vn 0.0157 -0.2863 0.9580
vn -0.9111 0.0207 -0.4116
vn -0.9798 0.0183 0.1993
vn -0.6239 -0.4989 0.6016
vn 0.9798 0.0508 0.1936
vn 0.9102 -0.1159 -0.3977
vn -0.9798 0.0820 0.1825
vn -0.0635 0.6395 0.7662
vn -0.9446 -0.2299 -0.2342
vn -0.9798 0.1368 0.1460
vn -0.6238 -0.0244 0.7812
vn -0.9798 0.1768 0.0936
vn 0.9798 0.1898 0.0633
vn 0.9112 -0.3938 -0.1207
vn -0.9798 0.1976 0.0311
vn 0.0332 -0.0869 0.9957
vn -0.9798 0.1970 -0.0347
vn 0.0036 0.9822 0.1878
vn -0.0634 0.8995 -0.4323
vn 0.0169 0.8939 -0.4479
vn 0.9798 0.1080 -0.1685
vn 0.6599 -0.3966 -0.6382
vn 0.9798 0.0474 -0.1944
vn 0.9798 -0.0182 -0.1993
vn -0.9100 0.1161 0.3980
vn 0.9446 0.1414 0.2963
vn -0.7221 -0.2589 0.6415
vn -0.9446 -0.2935 -0.1468
vn -0.9107 -0.2901 -0.2941
vn -0.0370 0.8813 -0.4712
vn -0.5635 0.5870 -0.5813
vn -0.9424 -0.0568 -0.3297
vn 0.5712 0.3235 -0.7543
vn -0.0371 0.6805 -0.7318
vn -0.9424 -0.1608 -0.2933
vn -0.5026 0.2475 -0.8284
vn -0.6238 -0.1044 -0.7746
vn -0.9424 -0.2474 -0.2252
vn 0.0960 -0.8026 -0.5887
vn -0.0372 0.4061 -0.9131
vn -0.6551 -0.5398 0.5287
vn -0.0370 0.0877 -0.9955
vn -0.9119 0.4068 0.0535
vn 0.0332 -0.3972 -0.9171
vn 0.9446 0.3218 -0.0644
vn 0.5713 -0.4543 -0.6836
vn -0.0370 -0.2400 -0.9701
vn 0.6240 -0.6403 -0.4480
vn 0.1678 -0.8943 0.4147
vn -0.9424 -0.3237 0.0840
vn 0.9446 0.2834 -0.1655
vn -0.9446 0.2834 -0.1655
vn 0.0157 -0.8143 0.5802
vn 0.9446 0.2143 -0.2486
vn -0.0372 -0.7852 -0.6182
vn 0.6240 -0.7804 0.0400
vn -0.9424 -0.2040 0.2651
vn 0.0634 -0.4444 0.8936
vn 0.6660 0.4722 0.5774
vn 0.5028 -0.8288 0.2457
vn -0.0369 -0.9993 -0.0053
vn 0.0334 -0.9865 0.1604
vn -0.9424 -0.1069 0.3170
vn 0.0634 0.1978 0.9782
vn -0.0370 -0.9468 0.3197
vn -0.9424 0.0018 0.3346
vn 0.5713 -0.4432 0.6908
vn -0.0157 0.5107 0.8596
vn -0.0371 -0.7917 0.6098
vn -0.9424 0.1103 0.3159
vn 0.0960 0.6948 0.7128
vn -0.9424 0.2068 0.2629
vn -0.0371 -0.5507 0.8339
vn -0.9118 -0.3667 -0.1846
vn 0.6238 0.1043 0.7746
vn -0.9119 -0.4068 -0.0536
vn 0.0634 0.9271 0.3695
vn -0.9424 0.2809 0.1815
vn 0.5026 0.3130 0.8059
vn -0.0370 0.0772 0.9963
vn 0.9121 -0.4099 0.0122
vn 0.6599 0.3170 -0.6812
vn 0.5026 0.5576 0.6606
vn -0.0371 0.3964 0.9173
vn 0.9446 -0.3067 0.1165
vn -0.9424 0.3331 -0.0296
vn -0.6240 0.6405 0.4477
vn 0.5027 0.7419 0.4437
vn 0.9446 -0.2523 0.2099
vn -0.0371 0.6728 0.7389
vn 0.6599 -0.1680 -0.7324
vn 0.0960 0.6526 -0.7516
vn -0.5027 0.8637 0.0367
vn -0.0372 0.8762 0.4805
vn -0.9424 0.2448 -0.2279
vn -0.6240 0.7250 -0.2914
vn -0.0370 0.9848 0.1696
vn 0.0157 0.4402 -0.8978
vn -0.9424 0.0531 -0.3304
vn 0.9112 0.0455 0.4095
vn 0.5714 0.7185 -0.3966
vn -0.0370 0.9865 -0.1594
vn -0.0213 -0.0159 -0.9996
vn -0.9107 -0.3179 0.2636
vn 0.9112 0.3939 0.1208
vn 0.9115 -0.2676 0.3122
vn 0.0331 0.5501 -0.8344
vn 0.6030 0.1210 -0.7885
vn 0.0331 -0.9851 -0.1690
vn 0.9798 0.1109 0.1666
vn 0.6379 -0.4683 0.6114
vn 0.6379 0.4774 0.6043
vn -0.6240 0.7804 -0.0403
vn 0.7223 -0.2590 0.6413
vn 0.6380 0.7669 -0.0694
vn 0.6033 0.7260 -0.3301
vn 0.9446 0.2653 0.1932
vn -0.9446 -0.1220 0.3047
vn -0.9446 -0.0908 -0.3154
vn -0.7222 -0.1936 -0.6641
vn 0.9103 0.1550 -0.3838
vn 0.9111 0.0208 -0.4116
vn 0.7248 -0.5576 -0.4046
vn 0.1677 -0.3393 -0.9256
vn -0.0227 -0.3319 -0.9430
vn -0.9113 0.2350 0.3380
vn 0.6408 -0.7670 -0.0335
vn -0.9117 0.3327 0.2413
vn -0.4277 -0.9005 -0.0790
vn 0.6408 -0.7363 0.2174
vn -0.9446 0.2299 0.2342
vn 0.6380 0.3612 -0.6801
vn 0.6661 -0.6142 0.4232
vn -0.9446 0.2935 0.1468
vn -0.0228 -0.9710 -0.2380
vn 0.1678 -0.9604 -0.2223
vn -0.9424 -0.3070 -0.1327
vn 0.6660 -0.4435 0.5998
vn -0.4275 -0.5585 0.7109
vn 0.6660 -0.2248 0.7113
vn -0.0226 -0.9957 0.0904
vn -0.0371 -0.5420 -0.8396
vn 0.6660 0.0182 0.7458
vn 0.6380 -0.5703 -0.5174
vn 0.1678 -0.7110 0.6828
vn -0.0223 -0.7300 0.6831
vn -0.9424 -0.2789 0.1846
vn 0.6660 0.2592 0.6995
vn 0.9446 0.1221 -0.3047
vn -0.0370 -0.9434 -0.3296
vn -0.9446 0.1220 -0.3048
vn -0.9446 0.0165 -0.3279
vn 0.6382 -0.7677 -0.0578
vn -0.0157 -0.1246 0.9921
vn 0.9446 0.0166 -0.3279
vn 0.6408 0.7510 0.1595
vn -0.0226 0.1722 0.9848
vn 0.0036 0.0591 0.9982
vn -0.4277 0.8752 0.2262
vn -0.9446 -0.1882 -0.2688
vn -0.0153 -0.6987 0.7153
vn 0.5754 -0.3569 0.7359
vn -0.0223 0.7404 0.6718
vn 0.6662 0.6754 -0.3164
vn 0.6407 0.5440 -0.5418
vn -0.0370 -0.2503 0.9675
vn -0.0222 0.9185 0.3947
vn -0.6239 0.4603 0.6315
vn -0.6550 0.4454 -0.6104
vn -0.9447 -0.3217 0.0645
vn 0.6030 0.2687 0.7511
vn 0.5713 0.5605 0.5995
vn -0.4276 0.4338 -0.7931
vn -0.5026 0.6589 0.5597
vn 0.6660 0.1047 -0.7386
vn -0.6240 0.7511 0.2155
vn -0.6549 -0.0232 -0.7553
vn -0.5027 0.8049 0.3154
vn 0.6379 0.6478 0.4165
vn 0.4275 -0.2894 -0.8564
vn 0.6379 0.7479 0.1836
vn 0.5027 0.8580 -0.1059
vn -0.9424 0.1575 -0.2952
vn -0.5756 0.8111 -0.1037
vn 0.6408 -0.5845 -0.4977
vn -0.4276 -0.6619 -0.6156
vn -0.5755 0.7335 -0.3616
vn 0.6661 -0.6901 -0.2830
vn 0.7248 0.6756 -0.1350
vn 0.7218 0.1936 0.6645
vn 0.9798 -0.1751 0.0968
vn 0.9446 -0.2653 -0.1932
vn -0.7246 -0.6758 0.1352
vn 0.9798 0.2000 -0.0018
vn 0.9798 0.1568 -0.1243
vn -0.9111 -0.0866 0.4029
vn -0.9446 0.0377 0.3261
vn 0.3098 -0.9194 0.2422
vn -0.9446 -0.2522 0.2099
vn -0.3097 0.7052 0.6378
vn -0.3098 0.9195 -0.2420
vn -0.9115 -0.2349 -0.3377
vn -0.9114 0.3164 -0.2633
vn -0.9115 0.2675 -0.3123
vn -0.9114 0.4034 -0.0809
vn -0.7243 0.6439 -0.2466
vn 0.7252 0.6583 0.2018
vn 0.9115 0.3162 -0.2631
vn 0.9116 0.2677 -0.3121
vn 0.9107 -0.2901 -0.2942
vn 0.9115 0.4032 -0.0808
vn 0.9110 -0.3687 -0.1845
vn 0.7242 -0.6441 0.2465
vn 0.9112 -0.3557 0.2077
vn -0.5026 0.5030 -0.7032
vn 0.0333 0.7912 -0.6106
vn 0.4562 -0.1863 -0.8701
vn 0.5713 0.5508 -0.6084
vn -0.6239 0.1525 -0.7665
vn 0.5755 0.4732 -0.6671
vn 0.1678 -0.8361 -0.5223
vn 0.4564 -0.6813 -0.5723
vn -0.7251 0.6584 0.2018
vn 0.0462 -0.8080 -0.5874
vn 0.6238 0.0245 -0.7812
vn -0.5025 -0.0347 -0.8639
vn -0.0214 -0.8454 -0.5337
vn -0.5025 -0.3132 -0.8058
vn 0.6239 -0.2303 -0.7468
vn 0.4564 -0.8303 -0.3200
vn -0.5634 -0.1653 -0.8095
vn 0.9446 0.3252 0.0436
vn 0.6378 -0.1324 -0.7587
vn 0.0084 -0.9966 -0.0815
vn 0.4564 -0.8892 -0.0329
vn -0.5754 -0.4206 -0.7014
vn -0.5634 -0.4190 -0.7120
vn -0.5714 -0.7248 -0.3849
vn -0.4564 -0.7975 0.3946
vn 0.4564 -0.8516 0.2577
vn -0.6406 -0.0969 0.7617
vn -0.0227 -0.9122 0.4091
vn -0.5714 -0.8105 -0.1285
vn -0.5755 -0.7627 -0.2950
vn 0.4564 -0.7217 0.5204
vn 0.5714 -0.7783 -0.2604
vn 0.0169 -0.8079 0.5890
vn -0.5715 -0.8083 0.1419
vn 0.5756 -0.8008 -0.1656
vn -0.0084 -0.4744 0.8802
vn -0.4563 -0.3869 0.8013
vn -0.9103 0.1549 -0.3838
vn 0.5714 -0.7740 0.2728
vn -0.5756 -0.7830 0.2358
vn 0.6661 0.6340 0.3928
vn 0.6380 -0.7450 0.1947
vn -0.5636 -0.7928 0.2318
vn -0.5714 -0.5507 0.6085
vn 0.6239 -0.5912 0.5111
vn 0.5027 -0.7041 0.5015
vn 0.7224 -0.1935 -0.6639
vn 0.9446 -0.0907 -0.3155
vn -0.5755 -0.6640 0.4775
vn -0.5713 -0.3233 0.7544
vn 0.5755 -0.5764 0.5801
vn -0.5754 -0.4730 0.6672
vn 0.9446 -0.1882 -0.2689
vn 0.6662 0.7415 -0.0798
vn -0.5712 -0.0610 0.8185
vn 0.0463 0.7002 0.7125
vn 0.5712 -0.1950 0.7973
vn -0.4564 0.6814 0.5722
vn -0.5712 0.2079 0.7940
vn 0.4564 0.7662 0.4524
vn 0.0466 0.8936 0.4463
vn -0.4565 0.8303 0.3197
vn -0.5025 0.4415 0.7433
vn 0.5713 0.3356 0.7490
vn -0.6034 0.1393 0.7852
vn -0.4276 0.6678 -0.6093
vn 0.6660 0.3388 -0.6646
vn 0.0168 0.9909 -0.1333
vn -0.0082 0.9691 -0.2467
vn 0.5714 0.7247 0.3850
vn 0.0223 0.9124 -0.4086
vn -0.4275 0.1530 -0.8910
vn 0.6660 -0.1406 -0.7326
vn 0.0633 0.5853 -0.8083
vn 0.4564 0.6262 -0.6321
vn 0.6241 0.7763 0.0889
vn 0.6660 -0.3707 -0.6473
vn -0.5636 0.8076 0.1738
vn -0.0226 0.3171 -0.9481
vn -0.4276 -0.4263 -0.7972
vn 0.6240 0.7631 -0.1682
vn 0.0333 0.9994 0.0043
vn -0.5714 0.6433 -0.5096
vn 0.5027 0.7771 -0.3788
vn 0.9112 -0.0866 0.4027
vn 0.0467 0.0496 -0.9977
vn -0.7218 0.1938 0.6645
vn 0.7240 0.2977 0.6223
vn -0.9117 -0.3550 0.2066
vn -0.9929 0.0443 -0.1107
vn 0.9114 0.2883 0.2937
vn 0.9929 -0.0514 -0.1076
vn -0.3097 0.3003 -0.9022
vn -0.9798 0.1751 -0.0968
vn 0.3096 -0.1651 -0.9364
vn -0.9798 0.0787 -0.1840
vn 0.3098 -0.7053 -0.6377
vn -0.9929 -0.0330 -0.1146
vn 0.3098 -0.8742 -0.3740
vn -0.9113 -0.4080 -0.0546
vn -0.9100 -0.0476 -0.4120
vn -0.9446 0.1882 0.2688
vn -0.7153 -0.3158 -0.6233
vn 0.0224 -0.1716 -0.9849
vn 0.0463 -0.2770 -0.9598
vn -0.4276 -0.8260 -0.3673
vn 0.9424 -0.1104 -0.3159
vn 0.0083 -0.4767 -0.8790
vn -0.4564 -0.5780 -0.6765
vn -0.7248 0.4839 0.4905
vn 0.0960 -0.5679 -0.8175
vn 0.0166 -0.5199 -0.8541
vn 0.6661 -0.7183 0.2008
vn -0.1678 -0.7389 -0.6526
vn -0.0229 -0.6201 -0.7842
vn -0.4277 -0.8773 0.2179
vn -0.6036 0.2510 -0.7568
vn 0.6407 -0.6258 0.4448
vn -0.4564 -0.7664 -0.4520
vn -0.4277 -0.7589 0.4911
vn -0.6034 -0.0083 -0.7974
vn 0.6407 -0.4475 0.6240
vn -0.7155 -0.6944 -0.0765
vn 0.0167 -0.9349 -0.3546
vn -0.6693 -0.3212 0.6700
vn 0.5026 -0.4413 -0.7434
vn 0.4275 -0.4337 0.7932
vn -0.5714 -0.5606 -0.5994
vn 0.6378 -0.3715 -0.6747
vn 0.0228 -0.9672 0.2531
vn 0.5714 -0.6515 -0.4991
vn 0.4275 -0.1528 0.8910
vn -0.5635 -0.6275 -0.5373
vn -0.4275 -0.0043 0.9040
vn -0.6035 -0.6719 -0.4294
vn 0.4275 0.1446 0.8924
vn -0.5636 -0.7679 -0.3043
vn 0.6381 -0.7074 -0.3041
vn -0.6407 0.3911 0.6607
vn 0.6407 0.4946 0.5872
vn 0.0225 -0.6079 0.7937
vn 0.5715 -0.8206 0.0066
vn 0.9424 -0.1575 0.2952
vn 0.5756 -0.8111 0.1035
vn 0.0224 -0.3173 0.9481
vn -0.4276 0.5516 0.7162
vn -0.0226 -0.1568 0.9874
vn -0.4276 0.7543 0.4982
vn 0.7154 0.0962 0.6921
vn 0.0225 0.0076 0.9997
vn 0.0465 0.1152 0.9923
vn 0.6661 0.7272 0.1655
vn -0.5636 -0.6746 0.4768
vn 0.0960 0.4258 0.8997
vn -0.6035 -0.5809 0.5462
vn 0.0333 -0.6799 0.7325
vn -0.6033 -0.3721 0.7054
vn -0.4277 0.9012 -0.0704
vn -0.7245 -0.5579 -0.4048
vn 0.6408 0.6904 -0.3357
vn -0.5634 -0.2397 0.7906
vn 0.5712 0.0743 0.8174
vn -0.4277 0.8294 -0.3593
vn 0.0226 0.8409 0.5408
vn 0.7247 -0.6831 -0.0901
vn 0.9424 0.3070 0.1327
vn -0.5634 0.0299 0.8256
vn 0.4564 0.8716 0.1789
vn -0.7155 0.6975 -0.0389
vn 0.0332 0.2410 0.9700
vn 0.9114 -0.4036 0.0809
vn -0.9424 0.3247 0.0803
vn 0.4564 0.8824 -0.1140
vn 0.0151 0.3713 0.9284
vn 0.0156 0.9923 -0.1225
vn 0.4275 0.2973 -0.8537
vn -0.4564 0.8515 -0.2580
vn -0.4564 0.7216 -0.5206
vn 0.4564 0.7975 -0.3944
vn 0.0332 0.7859 0.6175
vn -0.0223 0.8325 -0.5536
vn -0.0229 0.6075 -0.7940
vn -0.4564 0.5135 -0.7267
vn 0.0219 0.7304 -0.6826
vn 0.0169 0.7000 -0.7140
vn -0.5715 0.7739 -0.2729
vn 0.4564 0.3871 -0.8012
vn -0.6037 0.7951 0.0576
vn 0.6660 -0.5608 -0.4918
vn 0.0168 0.4302 -0.9026
vn 0.0087 0.1630 -0.9866
vn 0.4563 0.1061 -0.8835
vn 0.6408 -0.7145 -0.2809
vn 0.0331 0.9467 -0.3205
vn -0.9114 -0.4035 0.0809
vn 0.9120 0.3832 -0.1467
vn 0.3099 -0.9482 -0.0697
vn -0.3098 -0.9468 0.0872
vn 0.7244 0.5579 0.4049
vn 0.9446 0.2935 0.1469
vn 0.3097 -0.7910 0.5276
vn -0.9930 -0.1160 0.0233
vn 0.3097 -0.5767 0.7559
vn -0.3097 -0.4447 0.8405
vn -0.3097 -0.1479 0.9393
vn -0.9929 -0.0916 0.0762
vn -0.7219 0.1453 -0.6766
vn -0.3097 0.4600 0.8322
vn 0.3097 0.5908 0.7450
vn 0.3098 0.8007 0.5128
vn 0.3098 0.9238 0.2249
vn -0.3098 0.9482 0.0700
vn 0.3098 0.9468 -0.0875
vn 0.9798 0.1589 0.1216
vn 0.3098 0.8670 -0.3902
vn 0.3097 0.6933 -0.6507
vn 0.9929 0.1192 -0.0038
vn -0.3097 0.5769 -0.7558
vn 0.3097 0.4446 -0.8405
vn 0.9798 0.1886 -0.0666
vn -0.3096 -0.0088 -0.9508
vn -0.9446 -0.2143 0.2486
vn 0.9110 -0.2142 0.3524
vn -0.3097 -0.3168 -0.8965
vn 0.3097 -0.4602 -0.8321
vn -0.3097 -0.5907 -0.7451
vn 0.9446 0.0376 0.3261
vn -0.3098 -0.8006 -0.5129
vn -0.7239 -0.0347 0.6891
vn -0.9798 -0.0509 -0.1936
vn -0.9102 -0.1550 0.3841
vn 0.9446 0.2299 0.2343
vn 0.9446 -0.0703 0.3206
vn -0.7229 -0.4496 0.5247
vn -0.7247 -0.6832 -0.0901
vn -0.7243 -0.2977 -0.6219
vn -0.9112 0.3556 -0.2078
vn -0.7231 0.4493 -0.5246
vn 0.7239 -0.0349 0.6890
vn 0.7245 0.6890 -0.0207
vn 0.7246 0.5958 -0.3465
vn 0.9446 0.0702 -0.3207
vn 0.7228 0.2587 -0.6408
vn 0.7245 0.0349 -0.6884
vn 0.7230 -0.3943 -0.5673
vn 0.7236 -0.5314 0.4405
vn 0.1891 -0.1718 -0.9668
vn -0.1891 -0.3287 -0.9253
vn -0.0041 -0.0588 -0.9983
vn 0.6662 -0.7445 -0.0434
vn 0.1891 -0.4762 -0.8587
vn 0.7154 -0.4139 -0.5630
vn -0.0040 -0.3797 -0.9251
vn -0.9929 -0.0964 -0.0701
vn -0.0219 -0.8409 -0.5407
vn 0.0888 -0.6763 -0.7312
vn -0.0888 -0.7877 -0.6096
vn -0.9111 0.3939 0.1211
vn 0.0166 -0.7691 -0.6389
vn -0.5713 -0.3357 -0.7490
vn -0.7245 0.6890 -0.0209
vn 0.1892 -0.9033 -0.3850
vn 0.0887 -0.9829 -0.1615
vn 0.0157 -0.9990 -0.0426
vn -0.6035 -0.2666 -0.7515
vn -0.7155 -0.6816 0.1533
vn -0.5027 -0.7419 -0.4436
vn 0.9930 -0.1106 0.0420
vn -0.0039 -0.9900 0.1412
vn 0.0169 -0.9555 0.2947
vn 0.0888 -0.8745 0.4768
vn -0.5283 -0.4998 0.6864
vn 0.7232 0.4495 -0.5243
vn -0.9929 -0.0619 0.1019
vn -0.5027 -0.8579 0.1060
vn 0.4564 -0.5137 0.7265
vn -0.0038 -0.6943 0.7197
vn 0.0168 -0.5729 0.8194
vn -0.9930 -0.0059 0.1182
vn -0.5714 -0.7184 0.3967
vn -0.7153 -0.0188 0.6985
vn 0.0156 -0.9993 -0.0328
vn -0.6693 0.5703 0.4762
vn 0.0887 -0.3974 0.9133
vn -0.7243 0.0347 -0.6886
vn 0.6407 0.6585 0.3948
vn 0.1891 0.0104 0.9819
vn -0.0038 -0.1061 0.9943
vn 0.9424 0.0569 0.3297
vn -0.9930 0.0679 0.0969
vn -0.9930 0.0327 0.1137
vn -0.7153 0.2089 0.6668
vn -0.0225 0.4824 0.8757
vn 0.1891 0.3285 0.9254
vn -0.4563 0.4588 0.7624
vn 0.0212 0.3393 0.9404
vn 0.6408 0.7620 -0.0932
vn 0.0168 0.3723 0.9280
vn 0.4563 0.5778 0.6767
vn 0.0084 0.6150 0.7885
vn 0.7240 -0.6160 -0.3105
vn 0.0887 0.5468 0.8326
vn 0.0167 0.6534 0.7568
vn -0.5754 -0.2309 0.7846
vn 0.9424 0.2472 0.2253
vn -0.9446 -0.3280 0.0106
vn -0.0039 0.7741 0.6330
vn 0.3787 -0.0467 0.9243
vn -0.5025 0.1763 0.8464
vn 0.0168 0.8637 0.5037
vn -0.9930 0.1130 0.0348
vn 0.6661 0.5361 -0.5186
vn 0.6239 0.3501 0.6987
vn -0.0222 0.9969 0.0749
vn -0.1892 0.9794 0.0705
vn 0.6406 0.3387 -0.6891
vn 0.0889 0.9960 -0.0028
vn -0.0888 0.9820 -0.1669
vn -0.9446 -0.2833 0.1655
vn 0.9929 0.1115 -0.0423
vn 0.9424 0.3237 -0.0839
vn 0.0888 0.9411 -0.3262
vn 0.9929 0.0917 -0.0763
vn -0.6036 0.5920 0.5340
vn 0.6406 -0.1557 -0.7519
vn -0.3787 0.8277 0.4141
vn -0.0038 0.8033 -0.5956
vn 0.5028 0.8458 0.1786
vn -0.5715 0.8206 -0.0068
vn 0.0887 0.5424 -0.8355
vn -0.5282 0.1132 -0.8416
vn 0.7240 -0.3591 0.5890
vn 0.0887 0.2419 -0.9662
vn -0.7239 0.2979 0.6223
vn 0.9101 0.1159 0.3979
vn 0.0156 0.1248 -0.9921
vn -0.6035 0.7708 -0.2038
vn 0.9424 -0.0018 -0.3346
vn -0.1891 -0.0106 -0.9819
vn -0.3098 -0.9238 -0.2252
vn -0.9798 -0.1590 -0.1215
vn -0.3098 -0.8671 0.3901
vn -0.3098 -0.6935 0.6505
vn 0.3097 -0.3001 0.9022
vn 0.3096 0.0089 0.9508
vn -0.3097 0.1650 0.9364
vn 0.3097 0.3170 0.8964
vn 0.9798 -0.0148 0.1996
vn -0.3098 0.8741 0.3741
vn -0.3098 0.7910 -0.5275
vn 0.3096 0.1477 -0.9393
vn -0.7243 -0.2594 0.6388
vn 0.9930 0.0440 -0.1099
vn -0.9446 -0.0165 0.3278
vn -0.9446 0.0908 0.3154
vn -0.9798 0.0147 -0.1996
vn -0.9446 0.1220 -0.3047
vn -0.9119 0.3833 -0.1468
vn 0.9110 0.3688 0.1846
vn 0.7250 -0.1944 -0.6608
vn 0.3789 0.7114 -0.5919
vn 0.9930 -0.0327 -0.1138
vn -0.6695 -0.7281 -0.1472
vn 0.0151 0.8944 -0.4471
vn -0.5713 0.4430 -0.6909
vn 0.9114 0.2349 0.3379
vn -0.7244 0.5581 0.4048
vn -0.6035 0.4831 -0.6344
vn -0.1891 -0.6113 -0.7685
vn 0.7156 -0.5741 -0.3980
vn 0.7248 0.4837 0.4906
vn -0.9929 -0.1139 -0.0350
vn 0.0088 -0.7366 -0.6763
vn 0.5025 0.1081 -0.8578
vn -0.3786 0.0465 -0.9244
vn 0.3787 -0.1060 -0.9194
vn -0.0084 -0.9696 -0.2444
vn -0.5754 -0.1702 -0.8000
vn 0.9929 -0.1136 -0.0359
vn 0.0867 -0.8674 -0.4900
vn 0.5712 -0.2078 -0.7941
vn 0.7156 -0.6975 0.0388
vn 0.9929 -0.1182 -0.0158
vn -0.5026 -0.5578 -0.6605
vn 0.6406 -0.2207 0.7354
vn -0.0084 -0.9964 0.0840
vn 0.1892 -0.9493 0.2512
vn -0.4275 -0.2975 0.8537
vn -0.7154 -0.5949 0.3664
vn 0.9424 -0.3054 0.1362
vn 0.6406 0.0299 0.7673
vn 0.0213 -0.8280 0.5603
vn -0.3789 -0.8845 -0.2721
vn -0.7247 0.2592 -0.6385
vn 0.7155 -0.5265 0.4592
vn 0.1891 -0.8162 0.5460
vn -0.9446 0.2143 -0.2486
vn 0.6407 0.2773 0.7160
vn -0.0213 -0.7244 0.6890
vn -0.1918 -0.4336 0.8805
vn -0.7153 -0.2445 0.6546
vn 0.9446 0.1220 -0.3047
vn 0.5282 -0.1133 0.8415
vn 0.9929 -0.0060 0.1191
vn -0.5282 0.0269 0.8487
vn -0.1891 0.1720 0.9668
vn 0.9929 0.0330 0.1146
vn 0.0887 0.2470 0.9649
vn 0.4563 0.3269 0.8276
vn -0.1918 0.4995 0.8448
vn -0.7244 -0.6593 -0.2015
vn 0.1891 0.8276 0.5285
vn 0.9446 -0.2653 -0.1931
vn -0.7155 0.6724 0.1897
vn 0.9930 0.1173 0.0157
vn 0.1346 0.9797 0.1486
vn 0.7251 -0.6753 0.1347
vn 0.9447 -0.3279 0.0106
vn 0.0888 0.9429 0.3210
vn -0.9929 0.1168 -0.0234
vn -0.7251 -0.6753 0.1348
vn 0.0331 0.5427 0.8393
vn 0.0228 0.9957 -0.0903
vn 0.6406 0.0967 -0.7617
vn -0.5714 0.6517 0.4989
vn 0.0213 0.9091 -0.4161
vn -0.5714 0.7783 0.2602
vn -0.0841 0.8860 -0.4559
vn 0.1345 0.6600 -0.7391
vn 0.6406 -0.3913 -0.6607
vn 0.7154 0.4438 -0.5396
vn 0.9930 0.0773 -0.0896
vn -0.9446 -0.0702 0.3207
vn 0.1891 0.7152 -0.6729
vn -0.9930 0.0614 -0.1011
vn -0.0083 0.3233 -0.9463
vn 0.7154 0.2446 -0.6545
vn 0.1677 0.3007 -0.9389
vn 0.9930 0.0060 -0.1182
vn -0.0841 0.1031 -0.9911
vn 0.7153 0.0190 -0.6985
vn -0.4563 -0.0409 -0.8889
vn 0.9930 -0.0615 0.1011
vn -0.9801 0.1379 0.1425
vn 0.9446 0.1414 0.2962
vn 0.9929 -0.0835 -0.0851
vn -0.9801 0.1306 -0.1493
vn -0.9105 -0.2699 0.3132
vn -0.9446 -0.3137 -0.0965
vn -0.9111 -0.1776 -0.3719
vn -0.9446 0.1883 0.2688
vn 0.7238 0.6162 0.3104
vn 0.7247 0.6831 0.0901
vn 0.9100 -0.0475 -0.4120
vn 0.7252 -0.4834 -0.4902
vn 0.7245 -0.5960 0.3464
vn 0.9446 -0.2833 0.1655
vn 0.9100 -0.0887 0.4050
vn 0.0960 -0.2719 -0.9575
vn 0.0867 -0.0645 -0.9941
vn -0.5755 0.5764 -0.5802
vn -0.0867 -0.2274 -0.9699
vn 0.6030 0.5797 -0.5480
vn 0.4277 -0.8752 -0.2260
vn -0.0212 -0.3396 -0.9403
vn 0.1678 -0.6213 -0.7654
vn -0.0213 -0.6265 -0.7792
vn 0.1343 -0.5543 -0.8214
vn 0.0888 -0.4024 -0.9111
vn 0.0158 -0.5106 -0.8597
vn -0.0840 -0.5271 -0.8456
vn 0.4277 -0.9012 0.0705
vn -0.7225 0.3947 0.5676
vn 0.6031 0.3702 -0.7066
vn -0.5712 -0.0745 -0.8174
vn 0.9426 -0.2796 -0.1825
vn -0.0038 -0.6595 -0.7517
vn 0.1891 -0.7292 -0.6576
vn 0.0157 -0.7620 -0.6473
vn -0.7242 0.6594 0.2015
vn -0.9930 -0.1058 -0.0529
vn 0.4276 -0.8294 0.3595
vn -0.5283 -0.7879 -0.3164
vn 0.0331 0.2494 -0.9678
vn -0.6407 -0.5441 0.5417
vn -0.9447 0.3278 -0.0107
vn 0.0228 -0.9185 -0.3948
vn -0.0841 -0.9353 -0.3436
vn -0.0039 -0.8678 -0.4969
vn 0.9424 -0.3246 -0.0803
vn 0.4276 -0.6677 0.6094
vn -0.5285 -0.8479 -0.0432
vn -0.6407 -0.3388 0.6890
vn 0.1892 -0.9794 -0.0707
vn 0.9447 0.3252 0.0435
vn -0.0842 -0.9962 -0.0209
vn -0.0038 -0.9822 -0.1880
vn 0.1679 -0.9805 0.1018
vn 0.9426 -0.3327 0.0279
vn -0.9929 -0.1114 0.0423
vn -0.5284 -0.8159 0.2345
vn 0.7156 -0.6471 0.2633
vn -0.0842 -0.9490 0.3038
vn 0.0084 -0.9690 0.2469
vn 0.5027 -0.6587 -0.5598
vn 0.0868 -0.9854 0.1466
vn -0.7250 0.5307 -0.4390
vn -0.1892 -0.8948 0.4044
vn -0.0212 -0.9089 0.4164
vn 0.1343 -0.7725 0.6207
vn 0.0842 -0.8861 0.4557
vn -0.0841 -0.7989 0.5956
vn 0.5028 -0.8048 -0.3156
vn 0.0151 -0.7683 -0.6399
vn 0.6033 -0.7344 -0.3109
vn 0.0084 -0.6132 0.7899
vn -0.4275 0.2893 0.8565
vn 0.4275 0.4264 0.7971
vn -0.0213 -0.4614 0.8869
vn 0.1891 -0.5947 0.7814
vn 0.7245 0.3587 -0.5886
vn -0.0841 -0.5622 0.8227
vn 0.0867 -0.6875 0.7210
vn -0.9928 -0.0266 0.1172
vn 0.9426 -0.1587 0.2938
vn 0.0960 -0.2163 0.9716
vn -0.9929 0.0137 0.1184
vn -0.9112 0.0207 -0.4115
vn -0.0038 -0.4231 0.9061
vn 0.1343 -0.2286 0.9642
vn 0.9424 -0.0532 0.3303
vn -0.0888 -0.2415 0.9663
vn -0.0154 -0.9907 0.1351
vn -0.1677 0.0206 0.9856
vn -0.0960 0.2721 0.9575
vn -0.6408 0.7144 0.2810
vn 0.0213 0.0158 0.9996
vn 0.4563 0.0406 0.8889
vn 0.0887 -0.0795 0.9929
vn -0.0867 0.0648 0.9941
vn -0.6037 -0.7266 0.3279
vn 0.6380 -0.6413 0.4262
vn -0.9929 0.0514 0.1076
vn -0.7216 -0.0766 -0.6881
vn -0.0084 0.1658 0.9861
vn 0.1343 0.4115 0.9014
vn 0.1677 0.4868 0.8572
vn -0.0213 0.4896 0.8717
vn 0.9930 0.0510 0.1068
vn -0.9929 0.0835 0.0851
vn 0.0225 0.3316 0.9432
vn 0.0842 0.2240 0.9709
vn -0.7232 -0.4858 -0.4909
vn -0.0841 0.3808 0.9208
vn -0.5026 -0.3805 0.7763
vn -0.0083 0.7363 0.6766
vn 0.0634 0.7568 0.6506
vn -0.0961 0.8027 0.5886
vn 0.5283 0.6423 0.5553
vn -0.0867 0.6615 0.7449
vn 0.0842 0.5270 0.8457
vn 0.0212 0.6263 0.7793
vn -0.9928 0.1070 0.0545
vn -0.9114 -0.2883 -0.2936
vn -0.1891 0.7294 0.6575
vn 0.6379 -0.2444 0.7303
vn 0.4276 0.7588 -0.4912
vn -0.0213 0.9218 0.3870
vn 0.0868 0.7750 0.6260
vn -0.9929 0.1181 0.0158
vn 0.9930 0.1058 0.0530
vn 0.0153 -0.2769 0.9608
vn 0.5025 0.0345 0.8639
vn 0.0157 0.8582 0.5131
vn -0.0842 0.8660 0.4928
vn 0.6378 0.0058 0.7702
vn -0.1892 0.9034 0.3849
vn -0.5713 0.4543 0.6835
vn 0.1678 0.9839 0.0611
vn 0.5284 0.8479 0.0435
vn 0.7252 -0.6583 -0.2018
vn 0.0231 0.9710 0.2380
vn -0.0843 0.9792 0.1847
vn -0.0039 0.9378 0.3473
vn -0.3786 0.3988 0.8352
vn 0.9426 0.3327 0.0275
vn 0.0960 0.9766 -0.1922
vn 0.1892 0.9777 -0.0915
vn 0.0844 0.9962 0.0211
vn 0.1344 0.9748 -0.1780
vn -0.9112 -0.4039 0.0808
vn -0.5283 0.7663 -0.3657
vn 0.6030 0.4980 0.6232
vn 0.1678 0.8139 -0.5563
vn 0.1892 0.8949 -0.4041
vn -0.5283 0.6060 -0.5948
vn 0.1345 0.8643 -0.4847
vn 0.7155 0.5949 -0.3662
vn 0.0843 0.9490 -0.3036
vn -0.0087 0.8361 -0.5485
vn -0.1677 0.4507 -0.8768
vn -0.5283 0.3801 -0.7592
vn -0.0888 0.6722 -0.7350
vn 0.9446 -0.1706 0.2805
vn -0.4275 -0.1444 -0.8924
vn 0.0153 0.8631 0.5048
vn 0.0887 0.7842 -0.6141
vn 0.9424 0.2039 -0.2653
vn -0.0152 0.9355 0.3529
vn -0.0960 0.2162 -0.9716
vn 0.1891 0.4580 -0.8686
vn -0.0888 0.3971 -0.9135
vn -0.4563 0.2498 -0.8540
vn -0.9111 0.0456 0.4097
vn -0.6407 -0.4945 -0.5873
vn 0.9426 0.1083 -0.3159
vn 0.0223 0.4688 -0.8830
vn -0.0037 0.5664 -0.8242
vn -0.0959 -0.1110 -0.9892
vn 0.1343 0.0668 -0.9887
vn 0.1891 0.1513 -0.9702
vn 0.0842 0.2648 -0.9606
vn 0.1677 -0.0203 -0.9856
vn -0.0151 0.9549 -0.2966
vn -0.9801 -0.1125 -0.1633
vn -0.9801 -0.1891 -0.0597
vn -0.9802 -0.1982 0.0050
vn -0.9801 -0.1858 0.0691
vn -0.9801 -0.1534 0.1257
vn 0.9930 -0.0910 0.0757
vn -0.9801 -0.1043 0.1687
vn -0.9801 -0.0439 0.1934
vn 0.7154 -0.3490 0.6053
vn -0.9801 0.0213 0.1972
vn -0.9801 0.0841 0.1796
vn -0.7155 0.5742 0.3979
vn -0.9802 0.1963 0.0278
vn -0.9446 -0.2523 0.2099
vn -0.7239 -0.3589 0.5892
vn 0.9801 -0.0841 -0.1796
vn 0.9801 -0.1378 -0.1426
vn 0.9802 -0.1963 -0.0278
vn 0.9801 -0.1947 0.0375
vn 0.9801 -0.1306 0.1492
vn 0.9801 0.0534 0.1910
vn 0.9801 0.1125 0.1633
vn 0.9802 0.1890 0.0597
vn 0.9802 0.1982 -0.0049
vn 0.9801 0.1043 -0.1687
vn 0.9801 0.0439 -0.1934
vn 0.9801 -0.0213 -0.1972
vn 0.9111 -0.1775 -0.3719
vn 0.7244 0.1945 0.6614
vn 0.1343 -0.2577 -0.9569
vn -0.7154 -0.5010 -0.4870
vn 0.4563 -0.4586 -0.7625
vn -0.0171 -0.6532 -0.7570
vn -0.1917 -0.6317 -0.7512
vn -0.0841 -0.7731 -0.6287
vn -0.7249 0.6755 -0.1350
vn -0.9113 0.4082 0.0546
vn 0.5026 -0.1761 -0.8464
vn -0.1918 -0.9599 -0.2045
vn 0.0213 -0.9975 -0.0669
vn -0.1918 -0.9743 0.1183
vn -0.0213 -0.9949 0.0986
vn 0.7262 0.6416 -0.2470
vn 0.7250 0.5307 -0.4390
vn -0.6035 -0.4961 -0.6243
vn 0.0960 -0.9316 0.3505
vn -0.9928 -0.0929 0.0761
vn -0.0154 -0.6547 -0.7557
vn -0.5028 -0.8458 -0.1785
vn -0.1918 -0.6960 0.6920
vn -0.7243 0.3587 -0.5889
vn -0.0173 -0.7001 0.7138
vn -0.1891 -0.4578 0.8687
vn 0.1678 -0.4510 0.8766
vn 0.9929 -0.0444 0.1107
vn -0.6035 -0.7749 -0.1878
vn -0.0152 -0.9809 -0.1940
vn 0.7154 -0.1336 0.6858
vn 0.7250 0.1429 -0.6737
vn -0.1346 -0.0669 0.9886
vn -0.0841 -0.2648 0.9606
vn 0.1677 0.1822 0.9688
vn 0.9930 0.0136 0.1176
vn 0.4027 0.8746 0.2702
vn -0.5282 0.3008 0.7940
vn 0.9426 0.1590 0.2937
vn -0.1346 0.5542 0.8214
vn -0.7239 -0.6162 -0.3103
vn 0.4027 0.8560 -0.3242
vn 0.4025 0.4764 -0.7817
vn -0.0212 0.9976 0.0666
vn -0.9930 0.1105 -0.0420
vn -0.5284 0.8434 -0.0970
vn 0.7156 0.6815 -0.1531
vn 0.7247 -0.6757 0.1351
vn 0.9930 0.1160 -0.0232
vn -0.0842 0.9861 -0.1434
vn -0.6034 0.3866 0.6975
vn -0.5754 0.5303 0.6226
vn -0.0214 0.9651 -0.2611
vn 0.4025 -0.1038 -0.9095
vn -0.0887 0.8745 -0.4769
vn 0.9930 0.1022 -0.0597
vn 0.9426 0.2793 -0.1829
vn -0.9424 0.3055 -0.1361
vn 0.7251 -0.4471 0.5238
vn 0.7244 -0.2594 0.6387
vn 0.0157 0.7077 -0.7063
vn -0.0842 0.6900 -0.7189
vn -0.0842 0.4192 -0.9040
vn 0.0212 0.4616 -0.8868
vn -0.3789 0.9074 -0.1819
vn 0.4025 -0.6405 -0.6540
vn -0.9929 0.0060 -0.1191
vn 0.9110 -0.0208 0.4118
vn 0.0212 0.1489 -0.9886
vn -0.1345 -0.0967 -0.9862
vn -0.1917 -0.0373 -0.9807
vn -0.0222 -0.0074 -0.9997
vn -0.1677 -0.1826 -0.9688
vn -0.9426 -0.0551 -0.3294
vn 0.5282 -0.3007 -0.7941
vn 0.6239 0.4990 -0.6015
vn 0.0464 -0.9549 -0.2932
vn 0.9930 -0.1183 0.0038
vn -0.9930 -0.0772 0.0896
vn 0.6240 -0.7251 0.2914
vn 0.0152 -0.8086 0.5882
vn -0.7154 0.4140 0.5628
vn -0.9426 0.2052 0.2635
vn 0.1679 0.9504 -0.2618
vn 0.0154 0.6526 0.7576
vn -0.7234 -0.5314 0.4407
vn -0.7243 0.1946 0.6615
vn -0.9426 0.0547 -0.3295
vn -0.9929 -0.0505 -0.1079
vn 0.9930 -0.0679 -0.0970
vn -0.0522 -0.7745 0.6304
vn -0.0522 0.1038 0.9932
vn -0.0522 0.6918 0.7202
vn -0.0521 0.8882 0.4565
vn 0.3247 0.8212 -0.4692
vn 0.3246 0.0565 -0.9442
vn -0.0521 -0.2658 -0.9626
vn -0.7215 -0.1454 0.6769
vn 0.3067 -0.9130 0.2690
vn 0.0522 0.7743 -0.6306
vn -0.9802 0.1947 -0.0375
vn -0.7259 -0.6418 0.2471
vn -0.9801 0.1719 -0.0987
vn 0.0522 -0.4208 -0.9056
vn 0.0523 -0.6920 -0.7200
vn 0.9446 -0.1221 0.3047
vn 0.0521 -0.8883 -0.4563
vn 0.0523 -0.9884 -0.1429
vn -0.9111 -0.1532 0.3828
vn -0.9112 -0.3557 0.2079
vn -0.9102 -0.1160 -0.3977
vn -0.9446 0.0702 -0.3206
vn 0.7244 -0.1431 0.6744
vn 0.9112 0.1139 0.3960
vn 0.7218 -0.0765 -0.6879
vn 0.9114 -0.3164 0.2632
vn -0.3067 -0.9309 -0.1984
vn 0.9446 0.0907 0.3155
vn -0.9929 -0.0684 -0.0977
vn -0.0168 -0.3723 -0.9280
vn -0.9446 0.1415 0.2962
vn 0.0522 -0.9812 0.1859
vn -0.4563 -0.3272 -0.8275
vn 0.7224 0.3947 0.5678
vn -0.7256 0.5575 0.4034
vn -0.3067 -0.9449 0.1149
vn 0.0843 -0.3806 -0.9209
vn 0.9106 0.2901 0.2942
vn 0.0213 -0.4895 -0.8717
vn -0.6393 0.4693 -0.6091
vn -0.9801 -0.1594 -0.1179
vn -0.5712 0.1948 -0.7973
vn -0.0088 -0.8379 -0.5458
vn -0.4027 -0.8561 0.3240
vn 0.0867 -0.6613 -0.7451
vn 0.9929 -0.0958 -0.0709
vn -0.7261 0.6818 0.0887
vn 0.3787 0.1981 -0.9041
vn 0.9929 -0.1066 -0.0534
vn -0.6392 0.2462 -0.7286
vn -0.0170 -0.8636 -0.5038
vn 0.0521 -0.6600 0.7495
vn 0.0212 -0.9218 -0.3872
vn -0.0960 -0.9861 -0.1353
vn 0.7156 -0.6722 -0.1899
vn -0.9929 -0.1191 0.0039
vn -0.0522 -0.5278 0.8477
vn 0.9114 0.4114 -0.0132
vn -0.1347 -0.9797 -0.1485
vn 0.0522 -0.3809 0.9231
vn 0.0867 -0.9795 -0.1816
vn -0.3066 -0.4205 0.8539
vn -0.9426 -0.3327 -0.0274
vn -0.0172 -0.9910 0.1330
vn 0.6030 -0.3886 -0.6967
vn -0.7260 0.6418 -0.2471
vn 0.0522 -0.0607 0.9968
vn 0.1344 -0.9322 0.3360
vn 0.3066 0.0366 0.9511
vn -0.1678 -0.8137 0.5566
vn 0.9446 0.2833 -0.1655
vn -0.1344 -0.8641 0.4851
vn -0.1918 -0.8830 0.4284
vn -0.4564 -0.6261 0.6323
vn -0.6406 0.1555 0.7519
vn -0.3066 0.1924 0.9322
vn -0.6394 -0.6455 -0.4177
vn 0.0521 0.5640 0.8241
vn -0.0156 -0.7075 0.7066
vn 0.0213 -0.6014 0.7987
vn -0.1677 -0.3004 0.9389
vn 0.0522 0.8010 0.5963
vn -0.1346 -0.3841 0.9134
vn 0.0634 -0.1303 0.9894
vn -0.9426 -0.1082 0.3160
vn 0.0867 -0.4162 0.9051
vn 0.0522 0.9513 0.3037
vn -0.4563 -0.1059 0.8835
vn 0.0867 -0.0999 0.9912
vn -0.0522 0.9883 0.1432
vn -0.0841 0.0613 0.9946
vn -0.3788 -0.7113 0.5920
vn 0.0522 0.9984 -0.0218
vn -0.0172 0.2143 0.9766
vn -0.7249 -0.2978 -0.6212
vn -0.6408 0.7670 0.0338
vn -0.3067 0.9509 0.0422
vn 0.3067 0.9448 -0.1151
vn 0.7246 -0.2974 -0.6217
vn 0.9929 0.0684 0.0977
vn 0.5283 0.4272 0.7338
vn 0.4277 0.9005 0.0787
vn -0.1891 0.4764 0.8586
vn 0.3787 -0.3441 0.8592
vn 0.1344 0.6818 0.7191
vn 0.1891 0.6111 0.7686
vn 0.9929 0.0964 0.0702
vn 0.7259 -0.6136 -0.3107
vn -0.3067 0.9130 -0.2689
vn -0.0038 0.5268 0.8500
vn -0.0172 0.7688 0.6392
vn -0.1678 0.8362 0.5221
vn -0.3067 0.7761 -0.5510
vn -0.7263 -0.6871 0.0196
vn -0.9930 0.1182 -0.0038
vn -0.6407 0.6259 -0.4447
vn -0.6393 -0.1229 0.7591
vn 0.7156 0.6318 0.2980
vn -0.1678 0.9605 0.2221
vn 0.0521 0.5276 -0.8479
vn -0.0174 0.9347 0.3551
vn -0.1918 0.9131 0.3598
vn 0.6030 0.0104 0.7977
vn 0.5753 0.1701 0.8000
vn 0.7262 -0.6817 -0.0890
vn -0.6407 0.4476 -0.6238
vn -0.0522 0.3812 -0.9230
vn 0.0868 0.9362 0.3405
vn 0.0153 0.0499 0.9986
vn -0.0170 0.9994 0.0317
vn 0.0522 0.2239 -0.9732
vn -0.0867 0.9796 0.1814
vn -0.0153 0.2163 0.9762
vn -0.3066 0.2742 -0.9115
vn 0.9112 -0.3852 0.1463
vn 0.6240 0.5579 0.5472
vn -0.0174 0.9555 -0.2943
vn 0.0522 -0.1041 -0.9932
vn -0.6406 -0.0297 -0.7673
vn 0.9801 0.1534 -0.1257
vn -0.1678 0.7110 -0.6829
vn -0.9928 0.0791 -0.0904
vn -0.0172 0.8081 -0.5888
vn 0.6033 0.6732 0.4277
vn -0.7154 0.3488 -0.6055
vn -0.9930 0.0253 -0.1156
vn -0.0522 -0.5638 -0.8242
vn -0.6394 0.7055 0.3057
vn 0.3788 0.8845 0.2723
vn 0.0867 0.7967 -0.5981
vn -0.9446 -0.1705 0.2805
vn -0.0172 0.5731 -0.8193
vn 0.0867 0.5594 -0.8244
vn -0.9110 -0.0207 0.4119
vn -0.3066 -0.6128 -0.7283
vn 0.9929 0.0255 -0.1165
vn 0.0466 0.3706 -0.9276
vn 0.5714 0.8083 -0.1418
vn -0.0174 0.2762 -0.9610
vn -0.0157 0.2862 -0.9580
vn -0.6407 -0.6584 -0.3950
vn -0.7153 -0.0964 -0.6921
vn 0.9927 -0.0129 -0.1195
vn -0.0522 -0.9512 -0.3040
vn -0.0037 0.2681 -0.9634
vn -0.9801 -0.0534 -0.1910
vn -0.9446 -0.2142 0.2486
vn -0.9447 -0.3216 0.0645
vn -0.9113 -0.3329 -0.2423
vn -0.9446 -0.1883 -0.2689
vn -0.9106 0.2698 -0.3130
vn -0.9111 0.3852 -0.1465
vn -0.9111 0.3332 0.2425
vn -0.9110 0.1778 0.3722
vn 0.9115 0.3930 0.1210
vn 0.7262 0.6817 0.0889
vn 0.7238 0.5312 -0.4404
vn 0.9101 0.0887 -0.4048
vn 0.9106 -0.2699 0.3130
vn 0.5754 0.6640 -0.4774
vn 0.0633 -0.3562 -0.9323
vn -0.1678 -0.4870 -0.8571
vn 0.0888 -0.0849 -0.9924
vn -0.1918 -0.3536 -0.9155
vn 0.7243 0.0741 0.6855
vn -0.7248 0.3921 0.5665
vn -0.6037 0.6627 -0.4432
vn -0.0841 -0.2241 -0.9709
vn -0.0151 0.8068 -0.5906
vn -0.1342 -0.4118 -0.9013
vn -0.0157 -0.3621 -0.9320
vn 0.1917 -0.4992 -0.8450
vn -0.6408 -0.7621 0.0930
vn 0.9426 -0.2051 -0.2635
vn 0.5026 0.3806 -0.7762
vn -0.1346 -0.6818 -0.7191
vn -0.0867 -0.5300 -0.8435
vn -0.5754 0.3567 -0.7360
vn -0.0633 -0.7570 -0.6504
vn -0.0151 0.5713 -0.8206
vn -0.0960 -0.8887 -0.4483
vn 0.5284 -0.7249 -0.4419
vn 0.9113 0.3329 0.2424
vn 0.1344 -0.7910 -0.5969
vn 0.9118 0.3667 0.1847
vn 0.5712 0.0611 -0.8185
vn 0.0225 -0.7406 -0.6715
vn -0.9928 -0.1145 -0.0362
vn 0.4026 -0.7910 0.4607
vn -0.7237 0.6164 0.3103
vn -0.1891 -0.8277 -0.5284
vn -0.7155 -0.6320 -0.2979
vn 0.5284 -0.8292 -0.1825
vn -0.3786 -0.2560 -0.8894
vn 0.9930 -0.1131 -0.0348
vn -0.9426 -0.3058 -0.1339
vn -0.4027 -0.7045 0.5845
vn 0.0888 -0.8772 -0.4719
vn 0.0153 0.1151 -0.9932
vn -0.0170 -0.9805 -0.1959
vn -0.0152 -0.0528 -0.9985
vn -0.0888 -0.9430 -0.3207
vn 0.5284 -0.8435 0.0968
vn -0.3787 -0.5308 -0.7581
vn 0.3787 -0.3987 -0.8352
vn 0.1346 -0.9908 0.0147
vn 0.0153 -0.2135 -0.9768
vn 0.0634 -0.9912 0.1165
vn -0.9928 -0.1126 0.0418
vn 0.4025 -0.3412 0.8494
vn -0.0867 -0.9961 -0.0175
vn -0.0961 -0.9766 0.1924
vn 0.1918 -0.9415 0.2770
vn 0.9928 -0.1042 0.0598
vn 0.7243 0.6439 -0.2465
vn 0.5754 -0.5302 -0.6227
vn -0.9426 -0.3236 0.0822
vn 0.9426 -0.3056 0.1343
vn 0.0156 -0.9586 0.2844
vn 0.0842 -0.9861 0.1431
vn -0.9930 -0.1021 0.0597
vn -0.7246 0.5957 -0.3466
vn -0.0867 -0.9477 0.3070
vn -0.5755 -0.6255 -0.5268
vn -0.0156 -0.8986 0.4385
vn 0.0867 -0.8844 0.4586
vn 0.9929 -0.0779 0.0903
vn 0.0083 -0.8364 0.5481
vn 0.5283 -0.6061 0.5946
vn 0.3788 -0.8276 -0.4142
vn 0.0960 -0.7674 0.6339
vn -0.1346 -0.6599 0.7392
vn 0.9426 -0.2455 0.2263
vn -0.9929 -0.0451 0.1103
vn -0.7253 0.4467 -0.5238
vn -0.0867 -0.7966 0.5983
vn -0.0087 -0.7344 0.6787
vn 0.1342 -0.5291 0.8379
vn 0.1918 -0.5727 0.7970
vn 0.7253 0.3588 -0.5875
vn 0.0843 -0.6900 0.7189
vn -0.6394 -0.7462 -0.1853
vn 0.0960 -0.5199 0.8488
vn -0.0172 -0.4305 0.9024
vn -0.9929 -0.0069 0.1189
vn -0.7225 0.2587 -0.6411
vn -0.0887 -0.5421 0.8356
vn -0.3788 -0.9250 0.0300
vn 0.6032 -0.7956 -0.0555
vn 0.3788 -0.9074 0.1818
vn -0.0213 -0.1487 0.9887
vn 0.1891 -0.3089 0.9321
vn 0.9930 -0.0253 0.1156
vn -0.4026 0.6403 0.6541
vn -0.6037 -0.7937 0.0741
vn 0.4026 0.7394 0.5396
vn -0.0172 -0.1143 0.9933
vn 0.0465 -0.2131 0.9759
vn -0.7247 -0.0742 -0.6851
vn -0.1891 -0.1511 0.9703
vn 0.4277 0.8261 0.3671
vn 0.5282 0.1660 0.8327
vn 0.9929 0.0128 0.1185
vn 0.1343 0.0967 0.9862
vn -0.9426 0.0002 0.3340
vn 0.3788 -0.7992 0.4666
vn 0.5714 -0.6435 0.5094
vn 0.0156 -0.9558 0.2936
vn -0.9928 0.0510 0.1088
vn 0.6033 -0.6618 0.4451
vn -0.0213 0.1802 0.9834
vn -0.5026 -0.6118 0.6108
vn 0.3788 -0.6044 0.7009
vn 0.0634 0.5046 0.8610
vn 0.0867 0.2272 0.9700
vn 0.9446 -0.0908 -0.3154
vn -0.9426 0.1086 0.3159
vn 0.7253 -0.3915 -0.5662
vn 0.9114 -0.2882 -0.2937
vn 0.6239 -0.3931 0.6754
vn -0.0171 0.5197 0.8542
vn 0.6031 -0.4816 0.6359
vn -0.9929 0.0958 0.0708
vn -0.7227 -0.3946 -0.5674
vn -0.0887 0.4026 0.9111
vn -0.1678 0.6213 0.7654
vn -0.0887 0.6766 0.7310
vn 0.0222 0.6198 0.7845
vn 0.9119 -0.3665 -0.1847
vn 0.6238 -0.1527 0.7665
vn 0.1678 0.7387 0.6528
vn -0.1347 0.7908 0.5971
vn -0.9929 0.1135 0.0359
vn -0.7257 -0.5573 -0.4033
vn -0.5284 0.7250 0.4418
vn -0.0214 0.7461 0.6655
vn 0.6030 -0.2490 0.7579
vn -0.0157 0.9310 0.3646
vn 0.1918 0.8412 0.5055
vn -0.7251 -0.6584 -0.2018
vn 0.1678 0.9107 0.3775
vn 0.9929 0.1140 0.0351
vn 0.0842 0.7730 0.6288
vn 0.0082 0.8375 0.5464
vn -0.1348 0.9418 0.3079
vn -0.0867 0.8675 0.4898
vn -0.5753 0.0363 0.8171
vn -0.1677 0.9805 -0.1021
vn 0.9928 0.1201 -0.0030
vn 0.9115 -0.4078 -0.0546
vn -0.9426 0.3236 0.0818
vn 0.0213 0.9729 0.2303
vn 0.0634 0.9968 0.0483
vn -0.1346 0.9908 -0.0150
vn -0.4565 0.8891 0.0327
vn 0.6378 0.2554 0.7266
vn 0.4025 0.1969 -0.8940
vn 0.0868 0.9961 0.0179
vn 0.5284 0.8160 -0.2344
vn 0.7246 -0.6888 0.0206
vn -0.9929 0.1029 -0.0601
vn 0.3788 0.5307 0.7582
vn -0.6406 0.2209 -0.7354
vn -0.6393 0.3690 0.6747
vn 0.7258 -0.5952 0.3449
vn 0.9446 -0.3217 0.0645
vn -0.1919 0.9415 -0.2772
vn -0.3787 0.6484 0.6604
vn -0.0960 0.9316 -0.3506
vn -0.0226 0.9672 -0.2529
vn -0.0213 0.8280 -0.5603
vn 0.1918 0.8830 -0.4283
vn -0.7154 0.5265 -0.4594
vn 0.9929 0.1033 -0.0593
vn -0.9426 0.3056 -0.1344
vn 0.9929 0.0785 -0.0897
vn 0.5755 0.6254 0.5269
vn 0.0960 0.8613 -0.4990
vn -0.0039 0.9532 -0.3023
vn -0.1347 0.7725 -0.6205
vn -0.1892 0.8160 -0.5462
vn -0.4025 -0.2520 -0.8801
vn -0.0213 0.6012 -0.7988
vn 0.5283 0.4999 -0.6863
vn -0.1891 0.5945 -0.7815
vn 0.9929 0.0620 -0.1019
vn 0.5714 0.8105 0.1286
vn 0.0082 0.7348 -0.6782
vn -0.9928 0.0455 -0.1112
vn 0.0465 0.6519 -0.7569
vn -0.1344 0.5290 -0.8379
vn -0.9113 -0.2142 0.3516
vn -0.0633 0.4441 -0.8937
vn -0.1891 0.3087 -0.9322
vn 0.5283 0.2502 -0.8114
vn 0.9111 -0.1532 0.3825
vn 0.3789 0.9250 -0.0297
vn -0.9426 0.1588 -0.2938
vn 0.0157 0.9803 0.1970
vn 0.0635 0.2914 -0.9545
vn -0.1347 0.2288 -0.9641
vn -0.9929 -0.0128 -0.1185
vn -0.7240 -0.0348 0.6889
vn -0.1677 0.1418 -0.9756
vn -0.0156 0.9994 0.0300
vn 0.1918 0.1246 -0.9735
vn 0.9099 0.0476 0.4122
vn -0.7211 0.0767 0.6885
vn 0.3788 0.8652 -0.3286
vn 0.0960 0.0535 -0.9939
vn 0.0154 0.9911 -0.1322
vn -0.0169 -0.0509 -0.9986
vn 0.6380 0.7027 -0.3149
vn 0.4276 -0.7543 -0.4981
vn -0.0887 0.0794 -0.9929
vn 0.9801 -0.0751 0.1836
vn -0.9801 0.1766 0.0900
vn 0.9929 -0.0676 -0.0981
vn 0.9801 -0.1766 -0.0901
vn 0.9447 0.3217 -0.0645
vn 0.9801 -0.1720 0.0987
vn -0.7243 -0.5960 0.3467
vn -0.9798 0.1341 -0.1485
vn -0.9801 0.0751 -0.1836
vn 0.9113 -0.0455 -0.4093
vn 0.7555 -0.1763 -0.6309
vn 0.9929 -0.0321 -0.1148
vn 0.3251 -0.9454 0.0215
vn 0.1016 0.0156 -0.9947
vn 0.9426 -0.1085 -0.3159
vn 0.0213 -0.1800 -0.9834
vn -0.7555 -0.2779 -0.5933
vn 0.3068 -0.9508 -0.0421
vn 0.7555 -0.3716 -0.5396
vn 0.7246 0.2978 0.6215
vn -0.0522 -0.9373 0.3447
vn 0.0153 0.7008 -0.7132
vn -0.9426 -0.1590 -0.2936
vn -0.9930 -0.0829 -0.0844
vn 0.9446 0.1882 0.2689
vn -0.9103 0.2374 0.3390
vn 0.0522 -0.8676 0.4945
vn -0.0868 -0.7751 -0.6258
vn 0.7255 0.5574 0.4036
vn 0.0843 -0.6590 -0.7474
vn -0.1345 -0.8784 -0.4585
vn -0.9929 -0.1179 -0.0167
vn 0.9424 -0.2809 -0.1815
vn 0.4026 -0.5984 0.6927
vn 0.0843 -0.8660 -0.4930
vn 0.0961 -0.9503 -0.2962
vn 0.9426 -0.3236 -0.0818
vn -0.9114 0.3934 0.1206
vn -0.4565 -0.8716 -0.1787
vn -0.0157 -0.9784 -0.2063
vn 0.9928 -0.1180 0.0227
vn 0.3246 -0.2111 0.9220
vn 0.6239 -0.4603 -0.6316
vn 0.0843 -0.9791 -0.1848
vn -0.1346 -0.9748 0.1779
vn -0.9113 0.4116 -0.0134
vn -0.4564 -0.8824 0.1141
vn 0.7250 0.6755 -0.1349
vn -0.4025 -0.1971 0.8939
vn 0.0153 -0.5190 -0.8546
vn -0.0169 -0.8939 0.4479
vn 0.0522 0.2661 0.9625
vn -0.7555 -0.5682 0.3263
vn 0.6031 -0.5937 -0.5327
vn -0.1678 -0.5888 0.7906
vn 0.3247 0.3994 0.8574
vn -0.9426 -0.2794 0.1828
vn 0.3066 0.3432 0.8878
vn -0.7154 -0.4437 0.5398
vn -0.0960 -0.3730 0.9228
vn 0.3790 -0.9172 -0.1229
vn -0.5282 -0.2500 0.8115
vn 0.5283 -0.3803 0.7592
vn -0.3066 0.4845 0.8193
vn -0.1016 -0.6229 0.7756
vn 0.7249 0.2592 -0.6382
vn -0.7248 0.1428 -0.6740
vn 0.3066 0.6129 0.7283
vn -0.0960 -0.0533 0.9940
vn -0.3788 -0.8651 0.3289
vn 0.1015 -0.4870 0.8675
vn 0.0213 -0.3095 0.9506
vn -0.0867 -0.2614 0.9613
vn 0.6031 -0.7706 0.2059
vn -0.1917 0.1983 0.9612
vn 0.7247 0.0350 -0.6882
vn -0.6552 0.7008 0.2822
vn 0.1015 -0.1790 0.9786
vn -0.3067 0.8856 0.3489
vn -0.9929 0.0321 0.1147
vn -0.1346 0.2576 0.9568
vn 0.9929 0.0505 0.1080
vn 0.3247 0.9291 -0.1770
vn 0.7236 -0.4854 -0.4907
vn -0.0038 0.2224 0.9750
vn 0.0522 0.9372 -0.3450
vn -0.9928 0.0835 0.0863
vn -0.7555 0.3718 0.5395
vn -0.6239 -0.2766 0.7310
vn 0.7155 0.5008 0.4871
vn 0.9930 0.0829 0.0845
vn -0.1017 0.5985 0.7946
vn -0.6408 0.7363 -0.2172
vn 0.0867 0.5298 0.8437
vn -0.3786 -0.1979 0.9041
vn -0.9426 0.2796 0.1825
vn 0.1343 0.8785 0.4585
vn -0.0523 0.6602 -0.7493
vn 0.5284 0.7878 0.3165
vn -0.9929 0.1190 -0.0030
vn 0.3066 0.6748 -0.6713
vn -0.7556 0.6247 0.1973
vn -0.0152 -0.1121 0.9936
vn 0.1919 0.9598 0.2048
vn 0.7156 0.6943 0.0766
vn -0.1918 0.9805 0.0436
vn -0.3066 0.5553 -0.7731
vn 0.0843 0.9353 0.3437
vn -0.7246 -0.6889 0.0208
vn -0.1018 0.9926 -0.0667
vn 0.0082 0.9965 -0.0837
vn -0.1347 0.9322 -0.3358
vn 0.0466 0.9793 -0.1969
vn -0.7241 -0.6441 0.2466
vn -0.4025 0.0472 -0.9142
vn -0.0867 0.8843 -0.4589
vn -0.9930 0.0909 -0.0757
vn -0.7250 -0.4470 0.5239
vn -0.0867 0.6874 -0.7211
vn 0.7230 -0.4496 0.5245
vn -0.9426 0.2455 -0.2264
vn 0.0841 0.7990 -0.5954
vn -0.3788 0.9173 0.1228
vn 0.6031 0.7757 0.1859
vn 0.3066 -0.4847 -0.8192
vn -0.0867 0.4160 -0.9052
vn 0.9446 -0.1220 0.3047
vn 0.7216 -0.1456 0.6768
vn -0.0522 -0.8010 -0.5964
vn 0.0842 0.5623 -0.8226
vn -0.7153 0.1334 -0.6860
vn 0.9424 0.1068 -0.3171
vn -0.4026 -0.7393 -0.5397
vn -0.1016 0.1789 -0.9786
vn 0.5282 -0.0267 -0.8487
vn 0.3067 -0.8857 -0.3486
vn -0.5282 -0.1661 -0.8327
vn -0.0157 -0.0404 -0.9991
vn 0.9801 -0.0115 0.1980
vn 0.3067 -0.7243 -0.6175
vn -0.9113 -0.3164 0.2634
vn -0.9115 -0.3931 -0.1209
vn -0.9446 -0.1415 -0.2962
vn 0.9111 0.1776 0.3720
vn -0.4026 -0.8745 -0.2704
vn -0.5283 -0.6424 -0.5551
vn 0.1016 -0.3080 -0.9459
vn -0.4027 -0.9149 0.0283
vn -0.9928 -0.0966 -0.0714
vn 0.9424 -0.2069 -0.2629
vn 0.9446 0.2299 0.2342
vn -0.3067 -0.8563 0.4156
vn 0.0152 0.4313 -0.9021
vn 0.7257 0.6139 0.3107
vn -0.6407 -0.6906 0.3355
vn -0.9426 -0.2457 -0.2261
vn -0.1678 -0.9108 -0.3772
vn -0.0156 0.2741 -0.9616
vn -0.3245 -0.6242 0.7107
vn -0.7262 0.6872 -0.0197
vn 0.9928 -0.1190 -0.0169
vn -0.1016 -0.9047 -0.4138
vn 0.3246 -0.4989 0.8036
vn -0.9928 -0.1200 0.0030
vn 0.3067 -0.5551 0.7732
vn 0.9929 -0.1169 0.0234
vn 0.0225 -0.9969 -0.0751
vn -0.0153 -0.3740 -0.9273
vn 0.3066 -0.2741 0.9115
vn -0.1892 -0.9776 0.0917
vn 0.9424 -0.3331 0.0295
vn 0.5284 -0.7663 0.3655
vn 0.9929 -0.0922 0.0755
vn 0.3246 0.0995 0.9406
vn -0.1891 -0.7150 0.6730
vn 0.1015 -0.9171 0.3856
vn -0.4025 0.1037 0.9095
vn 0.1918 -0.8005 0.5678
vn -0.9928 -0.0631 0.1022
vn 0.0466 -0.7675 0.6394
vn -0.9930 -0.0440 0.1098
vn 0.6599 0.4962 0.5641
vn 0.4563 -0.2501 0.8540
vn 0.3248 0.8417 0.4313
vn 0.3067 0.8162 0.4897
vn -0.3248 0.9455 -0.0218
vn -0.4563 0.1865 0.8701
vn 0.7555 0.2778 0.5934
vn 0.0156 0.3622 0.9320
vn 0.9424 0.1608 0.2934
vn -0.0867 0.3839 0.9193
vn 0.9801 0.1594 0.1179
vn -0.6393 -0.3626 0.6781
vn -0.9930 0.0956 0.0696
vn 0.4277 0.8772 -0.2181
vn -0.3247 0.7326 -0.5982
vn 0.9929 0.1062 0.0541
vn 0.0960 0.8886 0.4486
vn -0.0960 0.9950 -0.0291
vn 0.7557 0.6485 0.0919
vn 0.9446 -0.3279 0.0105
vn -0.9928 0.1179 -0.0227
vn 0.3066 0.4202 -0.8540
vn -0.0085 0.9967 0.0811
vn 0.0634 0.9585 -0.2781
vn -0.7154 0.6471 -0.2635
vn 0.9802 0.1858 -0.0690
vn 0.1017 0.9900 0.0978
vn 0.3066 0.1204 -0.9442
vn -0.0960 0.7672 -0.6342
vn 0.0868 0.9479 -0.3067
vn 0.7556 0.5682 -0.3261
vn 0.0466 0.8624 -0.5041
vn 0.0085 0.9152 -0.4030
vn 0.3247 -0.2529 -0.9114
vn -0.3246 -0.3997 -0.8573
vn 0.3246 -0.5350 -0.7800
vn 0.5756 0.7626 0.2952
vn -0.4026 -0.5239 -0.7506
vn 0.9929 0.0451 -0.1103
vn -0.3248 -0.8419 -0.4310
vn 0.0867 0.2615 -0.9613
vn -0.3788 0.7991 -0.4668
vn -0.9111 0.1141 0.3961
vn 0.3249 -0.9012 -0.2868
vn 0.9929 -0.0137 -0.1185
vn 0.0227 0.1567 -0.9874
vn -0.6239 0.5910 -0.5113
vn -0.9100 -0.0886 0.4051
vn -0.9112 -0.4117 0.0134
vn -0.9110 -0.3688 -0.1845
vn -0.9111 0.2140 -0.3522
vn -0.9446 0.2833 -0.1656
vn 0.9104 0.2372 0.3389
vn 0.9108 0.2697 -0.3128
vn 0.9116 -0.3928 -0.1210
vn 0.7259 -0.6420 0.2469
vn 0.1917 -0.1979 -0.9613
vn 0.5027 0.6120 -0.6106
vn -0.3788 0.6042 -0.7010
vn -0.0888 -0.2472 -0.9649
vn 0.9446 0.0908 0.3155
vn 0.9928 -0.0510 -0.1088
vn -0.0522 -0.9984 0.0215
vn 0.0842 -0.0611 -0.9946
vn -0.6408 -0.7509 -0.1596
vn 0.7154 -0.2088 -0.6668
vn -0.6393 0.6416 -0.4239
vn 0.0082 -0.1653 -0.9862
vn -0.1017 -0.1483 -0.9837
vn 0.4027 -0.9071 -0.1224
vn -0.0461 -0.4314 -0.9010
vn 0.6379 0.5625 -0.5260
vn -0.9928 -0.0682 -0.0989
vn -0.7245 0.2980 0.6215
vn -0.5282 -0.4274 -0.7337
vn -0.0961 -0.4258 -0.8997
vn -0.0084 -0.3258 -0.9454
vn -0.3249 -0.9290 0.1772
vn 0.3786 0.4808 -0.7908
vn 0.4026 -0.8977 0.1789
vn 0.7248 0.3918 0.5666
vn -0.9113 0.2885 0.2938
vn 0.9928 -0.0835 -0.0864
vn 0.7229 0.4860 0.4911
vn 0.0463 -0.5735 -0.8179
vn 0.3249 -0.8872 0.3276
vn 0.5283 -0.5422 -0.6534
vn 0.0868 -0.3836 -0.9194
vn 0.0633 -0.6394 -0.7662
vn 0.6239 0.2766 -0.7309
vn 0.0226 -0.4822 -0.8758
vn -0.9929 -0.0828 -0.0856
vn -0.1016 -0.4595 -0.8823
vn -0.0464 -0.7002 -0.7124
vn -0.7231 0.4859 0.4910
vn -0.7555 -0.4554 -0.4709
vn -0.0887 -0.5470 -0.8324
vn -0.3788 0.3439 -0.8592
vn -0.0959 -0.6950 -0.7126
vn -0.0083 -0.6150 -0.7885
vn -0.3250 -0.8211 0.4693
vn 0.7556 -0.5266 -0.3896
vn 0.9930 -0.0957 -0.0697
vn 0.9118 0.3324 0.2412
vn 0.5754 0.2310 -0.7846
vn 0.9928 -0.1070 -0.0546
vn 0.7243 0.6593 0.2016
vn 0.3248 -0.7327 0.5980
vn 0.1918 -0.7465 -0.6371
vn 0.0633 -0.8536 -0.5171
vn 0.1016 -0.5984 -0.7947
vn 0.0213 -0.7460 -0.6656
vn -0.9929 -0.1061 -0.0541
vn -0.7257 0.6139 0.3106
vn -0.9446 0.3136 0.0964
vn -0.0463 -0.8937 -0.4462
vn -0.1918 -0.8414 -0.5053
vn -0.7556 -0.5836 -0.2974
vn -0.5754 0.0986 -0.8119
vn -0.0157 -0.8583 -0.5128
vn -0.1016 -0.7212 -0.6853
vn 0.6378 0.1210 -0.7606
vn 0.3067 -0.7761 0.5511
vn -0.1678 -0.9839 -0.0609
vn 0.5753 -0.0362 -0.8171
vn 0.7556 -0.6246 -0.1974
vn 0.9446 0.2934 0.1468
vn 0.1345 -0.9419 -0.3077
vn 0.0080 -0.9160 -0.4010
vn 0.9114 0.4079 0.0546
vn -0.3067 -0.6749 0.6712
vn 0.1918 -0.9130 -0.3600
vn -0.6392 -0.0036 -0.7690
vn 0.1016 -0.8241 -0.5572
vn 0.0634 -0.9753 -0.2117
vn -0.0462 -0.9902 -0.1318
vn 0.6029 -0.1415 -0.7851
vn -0.7247 0.6832 0.0899
vn -0.9930 -0.1172 -0.0157
vn -0.7555 -0.6487 -0.0917
vn -0.1892 -0.9544 -0.2308
vn -0.0867 -0.9364 -0.3402
vn -0.0213 -0.9729 -0.2301
vn -0.3246 -0.3597 0.8748
vn -0.4025 -0.4765 0.7816
vn 0.1919 -0.9804 -0.0439
vn 0.7556 -0.6549 0.0162
vn 0.7262 0.6872 -0.0195
vn 0.9929 -0.1191 0.0029
vn 0.5754 -0.2994 -0.7611
vn -0.0522 -0.2241 0.9732
vn -0.1018 -0.9900 -0.0977
vn -0.6392 -0.2530 -0.7262
vn 0.1016 -0.9604 -0.2594
vn 0.0960 -0.9950 0.0287
vn -0.1678 -0.9504 0.2620
vn -0.9929 -0.1169 0.0225
vn 0.0464 -0.9984 0.0327
vn -0.7248 0.6756 -0.1352
vn -0.0465 -0.9793 0.1970
vn -0.7555 -0.6433 0.1240
vn -0.0888 -0.9960 0.0029
vn -0.0157 -0.9923 0.1227
vn -0.3246 -0.0563 0.9442
vn -0.0960 -0.8611 0.4992
vn 0.4025 -0.0471 0.9142
vn -0.5284 -0.6955 0.4869
vn 0.7555 -0.6141 0.2281
vn 0.9929 -0.1117 0.0415
vn 0.9114 0.4036 -0.0807
vn 0.9113 0.3555 -0.2076
vn 0.3788 -0.6482 -0.6605
vn 0.9929 -0.1030 0.0601
vn -0.1017 -0.9680 0.2293
vn 0.7261 0.5949 -0.3448
vn 0.0466 -0.9335 0.3554
vn -0.3066 -0.1206 0.9442
vn 0.0888 -0.9820 0.1668
vn 0.0212 -0.9651 0.2608
vn -0.6393 -0.4750 -0.6047
vn 0.1014 -0.9926 0.0670
vn 0.0634 -0.8996 0.4322
vn -0.9929 -0.1033 0.0593
vn -0.7259 0.5950 -0.3451
vn -0.0462 -0.8621 0.5046
vn -0.3246 0.2532 0.9114
vn -0.0888 -0.9411 0.3263
vn -0.3787 -0.7483 -0.5447
vn -0.0085 -0.9150 0.4033
vn -0.0960 -0.6524 0.7518
vn 0.7556 -0.5067 0.4152
vn 0.9928 -0.0792 0.0904
vn -0.1017 -0.8411 0.5312
vn 0.9929 -0.0627 0.1014
vn -0.0522 0.4205 0.9058
vn 0.5755 -0.7036 -0.4167
vn 0.6241 -0.7510 -0.2156
vn -0.0040 -0.8904 0.4551
vn 0.0633 -0.7103 0.7010
vn 0.0229 -0.8325 0.5535
vn -0.9929 -0.0784 0.0896
vn -0.0465 -0.6517 0.7570
vn -0.7251 0.3587 -0.5879
vn -0.7237 0.5312 -0.4406
vn -0.3248 0.5352 0.7798
vn 0.4025 0.2522 0.8800
vn -0.7555 -0.4314 0.4930
vn -0.0888 -0.7840 0.6143
vn -0.0156 -0.8646 -0.5022
vn 0.9424 -0.2447 0.2280
vn -0.4025 0.3933 0.8266
vn 0.0157 -0.5817 0.8132
vn 0.7554 -0.3445 0.5573
vn 0.7255 0.4468 -0.5235
vn -0.9101 0.0886 -0.4048
vn 0.9929 -0.0264 0.1162
vn 0.9927 -0.0455 0.1112
vn 0.1016 -0.7423 0.6624
vn 0.0152 -0.9345 -0.3556
vn -0.9426 -0.2049 0.2637
vn 0.7222 0.1454 -0.6762
vn 0.9112 0.1531 -0.3824
vn 0.3247 0.6561 0.6813
vn 0.0887 -0.6724 0.7349
vn 0.5027 -0.8637 -0.0368
vn -0.0465 -0.3707 0.9276
vn 0.0466 -0.5183 0.8540
vn -0.9929 -0.0255 0.1165
vn -0.3250 0.7593 0.5638
vn 0.4025 0.5241 0.7505
vn -0.7554 -0.2480 0.6065
vn -0.0867 -0.5593 0.8244
vn -0.5756 -0.8171 -0.0314
vn -0.6241 -0.7630 0.1683
vn -0.0226 -0.4687 0.8831
vn 0.1917 -0.2831 0.9397
vn 0.7554 -0.1450 0.6390
vn 0.9927 -0.0070 0.1200
vn -0.6394 -0.7659 0.0671
vn -0.6407 0.5844 0.4979
vn -0.3067 0.7242 0.6177
vn 0.0842 -0.4193 0.9039
vn 0.0085 -0.3234 0.9462
vn 0.1677 -0.1420 0.9755
vn -0.9928 0.0129 0.1194
vn 0.9426 -0.0548 0.3295
vn -0.9113 -0.0456 -0.4093
vn -0.7244 0.0348 -0.6885
vn 0.4276 0.6621 0.6155
vn -0.0465 -0.0495 0.9977
vn -0.3245 0.9015 0.2865
vn -0.7554 -0.0378 0.6542
vn -0.1917 -0.1244 0.9735
vn -0.1016 -0.3374 0.9359
vn -0.0084 -0.1632 0.9866
vn -0.5027 -0.7770 0.3789
vn 0.1917 0.0372 0.9807
vn -0.0887 0.0851 0.9924
vn 0.7554 0.0702 0.6515
vn 0.7249 -0.0740 -0.6849
vn 0.9446 0.0165 -0.3278
vn 0.3250 0.9361 0.1345
vn 0.9927 0.0324 0.1158
vn 0.0842 -0.1033 0.9911
vn -0.4027 0.8180 0.4107
vn -0.1017 -0.0155 0.9947
vn 0.9112 -0.1139 -0.3958
vn 0.9426 0.0551 0.3294
vn 0.5755 -0.7336 0.3615
vn 0.0960 0.1107 0.9892
vn -0.6393 -0.7026 0.3124
vn 0.0084 0.0012 1.0000
vn -0.0465 0.2769 0.9598
vn -0.0152 -0.8931 0.4497
vn -0.9929 0.0676 0.0981
vn -0.7247 -0.1945 -0.6611
vn -0.9446 -0.0908 -0.3155
vn -0.7554 0.1766 0.6310
vn -0.0157 0.2041 0.9788
vn 0.3067 0.9310 0.1981
vn -0.1678 0.3393 0.9256
vn -0.0960 0.5681 0.8173
vn 0.1917 0.3535 0.9156
vn -0.3787 -0.4806 0.7909
vn -0.5283 0.5423 0.6534
vn 0.7251 -0.2975 -0.6211
vn 0.9104 -0.2372 -0.3389
vn 0.9928 0.0682 0.0990
vn -0.0523 0.9812 -0.1857
vn 0.9929 0.0828 0.0857
vn 0.0465 0.4310 0.9012
vn -0.4027 0.9071 0.1228
vn 0.7154 0.3156 0.6234
vn 0.5026 -0.5031 0.7030
vn 0.1015 0.1483 0.9837
vn -0.6394 -0.5631 0.5235
vn 0.0084 0.3256 0.9455
vn 0.4027 0.9149 -0.0286
vn -0.0464 0.5735 0.8179
vn -0.7251 -0.3918 -0.5663
vn -0.3247 0.8872 -0.3279
vn -0.0084 0.4769 0.8789
vn -0.1017 0.3081 0.9459
vn 0.5026 -0.2477 0.8283
vn 0.1918 0.6315 0.7513
vn 0.7555 0.4554 0.4710
vn 0.9113 -0.3329 -0.2424
vn 0.9928 0.0966 0.0715
vn -0.0841 0.6591 0.7474
vn 0.7257 -0.5572 -0.4035
vn 0.9426 0.2458 0.2261
vn -0.0521 0.8677 -0.4943
vn -0.4027 0.8977 -0.1787
vn 0.1015 0.4595 0.8823
vn 0.0152 -0.5737 0.8189
vn 0.0157 0.6451 0.7640
vn -0.0464 0.8079 0.5875
vn -0.9929 0.1066 0.0533
vn -0.7259 -0.6137 -0.3105
vn -0.7249 -0.4838 -0.4904
vn -0.1918 0.7468 0.6369
vn -0.7555 0.5268 0.3895
vn -0.0158 0.7621 0.6472
vn -0.0153 -0.4286 0.9034
vn -0.5025 -0.1079 0.8578
vn 0.3067 0.8562 -0.4158
vn -0.0960 0.9504 0.2959
vn 0.0888 0.7876 0.6098
vn 0.7555 0.5836 0.2976
vn -0.7263 -0.6817 -0.0888
vn 0.9928 0.1146 0.0362
vn -0.6034 -0.1230 0.7879
vn 0.7245 -0.6591 -0.2016
vn 0.9929 0.1180 0.0167
vn 0.3249 0.6243 -0.7104
vn -0.4027 0.7910 -0.4606
vn 0.5753 -0.0987 0.8119
vn 0.1015 0.7212 0.6853
vn 0.0213 0.8454 0.5337
vn -0.9928 0.1189 0.0168
vn -0.1017 0.8241 0.5572
vn 0.9426 0.3057 0.1340
vn -0.0468 0.9549 0.2933
vn -0.3246 0.4987 -0.8037
vn 0.4026 0.7043 -0.5847
vn -0.5284 0.8292 0.1824
vn -0.0888 0.8773 0.4717
vn -0.3787 0.1062 0.9194
vn -0.0085 0.9162 0.4005
vn -0.4026 0.5986 -0.6925
vn 0.1892 0.9543 0.2311
vn 0.3247 0.3599 -0.8747
vn 0.3788 0.2558 0.8894
vn -0.1019 0.9604 0.2595
vn 0.7262 -0.6872 0.0195
vn 0.9929 0.1170 -0.0225
vn -0.6392 0.1301 0.7579
vn 0.1016 0.9046 0.4140
vn 0.0084 0.9696 0.2446
vn 0.0961 0.9861 0.1356
vn -0.5754 0.2995 0.7611
vn 0.0466 0.9901 0.1321
vn -0.9929 0.1116 -0.0415
vn 0.4275 0.5583 -0.7110
vn -0.0463 0.9984 -0.0331
vn -0.3247 0.2109 -0.9220
vn -0.7555 0.6549 -0.0164
vn -0.0888 0.9829 0.1611
vn 0.9424 0.3335 0.0258
vn -0.4025 0.3414 -0.8494
vn 0.1918 0.9743 -0.1181
vn -0.0867 0.9854 -0.1467
vn 0.7556 0.6432 -0.1238
vn 0.9928 0.1126 -0.0418
vn 0.9115 -0.4033 0.0806
vn 0.5754 0.4205 0.7015
vn -0.0522 0.0610 -0.9968
vn -0.0040 0.9997 0.0237
vn -0.9426 0.3327 -0.0278
vn 0.0212 0.9949 -0.0984
vn -0.1678 0.8942 -0.4149
vn -0.9928 0.1041 -0.0598
vn -0.0467 0.9336 -0.3554
vn 0.9426 0.3236 -0.0821
vn -0.7258 -0.5951 0.3450
vn -0.9110 -0.3854 0.1465
vn -0.1892 0.9492 -0.2515
vn -0.7556 0.6140 -0.2281
vn -0.0152 0.5215 0.8531
vn -0.0158 0.9585 -0.2845
vn -0.3247 -0.0997 -0.9406
vn 0.9928 0.0930 -0.0762
vn -0.9114 -0.2678 0.3125
vn -0.3066 -0.0363 -0.9512
vn 0.3788 0.7481 0.5448
vn 0.5284 0.6957 -0.4867
vn 0.0635 0.8162 -0.5743
vn 0.1017 0.9681 -0.2292
vn 0.6240 0.7053 0.3364
vn -0.6393 0.5681 0.5182
vn -0.9929 0.0921 -0.0755
vn -0.9929 0.0778 -0.0903
vn -0.7247 -0.5310 0.4392
vn 0.4275 0.0041 -0.9040
vn -0.0465 0.7674 -0.6394
vn -0.7555 0.5067 -0.4153
vn -0.1918 0.8003 -0.5680
vn -0.5755 0.7037 0.4167
vn -0.1017 0.9170 -0.3856
vn 0.9424 0.2789 -0.1846
vn -0.0155 0.7702 0.6377
vn 0.3066 -0.1926 -0.9322
vn -0.1918 0.5726 -0.7971
vn 0.7554 0.4316 -0.4931
vn 0.9928 0.0632 -0.1022
vn 0.7249 -0.5309 0.4389
vn -0.9109 -0.2142 0.3526
vn -0.7244 -0.1429 0.6744
vn -0.9446 -0.0701 0.3207
vn 0.9446 -0.1704 0.2804
vn -0.6407 -0.2771 -0.7160
vn 0.7248 -0.3591 0.5879
vn -0.3066 -0.3432 -0.8878
vn 0.1918 0.6962 -0.6918
vn 0.1678 0.5890 -0.7905
vn 0.1014 0.8410 -0.5314
vn -0.6039 0.7331 0.3128
vn 0.0213 0.7245 -0.6890
vn -0.5756 0.8008 0.1655
vn -0.9929 0.0626 -0.1013
vn 0.9426 0.2049 -0.2637
vn -0.9929 0.0263 -0.1162
vn -0.7248 -0.3590 0.5880
vn -0.9446 -0.1704 0.2805
vn -0.0466 0.5181 -0.8541
vn -0.3245 -0.6563 -0.6812
vn 0.4025 -0.3936 -0.8265
vn -0.7555 0.3444 -0.5573
vn -0.1017 0.7421 -0.6625
vn -0.0960 0.5198 -0.8489
vn -0.0085 0.6129 -0.7901
vn 0.1918 0.4338 -0.8803
vn -0.1918 0.2828 -0.9398
vn 0.7554 0.2481 -0.6065
vn 0.5756 0.8171 0.0315
vn 0.9446 -0.0702 0.3206
vn 0.9927 0.0266 -0.1172
vn -0.6396 0.7664 0.0599
vn -0.1018 0.4870 -0.8674
vn 0.1341 0.3839 -0.9136
vn 0.7241 -0.0350 0.6888
vn 0.9102 -0.1550 0.3839
vn 0.3244 -0.7594 -0.5640
vn 0.1015 0.6230 -0.7756
vn 0.0961 0.3733 -0.9227
vn 0.0085 0.4745 -0.8802
vn 0.4275 -0.5517 -0.7161
vn -0.0466 0.2132 -0.9759
vn -0.9928 0.0069 -0.1199
vn -0.7554 0.1449 -0.6391
vn -0.5027 0.8287 -0.2458
vn -0.0213 0.3093 -0.9507
vn 0.6032 0.7939 -0.0762
vn -0.9801 0.0114 -0.1980
vn 0.7554 0.0379 -0.6542
vn 0.9929 0.0069 -0.1190
vn -0.9930 -0.0510 -0.1068
vn 0.1016 0.3378 -0.9357
vn 0.7212 0.0765 0.6885
vn -0.3067 -0.8160 -0.4900
vn 0.5756 0.7830 -0.2357
vn 0.0634 -0.0341 -0.9974
vn -0.6394 0.7445 -0.1923
vn 0.6239 0.6672 -0.4068
vn -0.9930 -0.0136 -0.1175
vn -0.0462 -0.1154 -0.9923
vn 0.9426 -0.0001 -0.3340
vn -0.9928 -0.0324 -0.1157
vn -0.9098 0.0476 0.4123
vn -0.7243 0.0742 0.6855
vn 0.4026 -0.8181 -0.4106
vn -0.7554 -0.0704 -0.6515
vn -0.0867 0.0996 -0.9912
vn 0.0169 0.1142 -0.9933
vn -0.0083 -0.0011 -1.0000
vn -0.5026 0.7040 -0.5018
vn -0.3247 -0.9362 -0.1342
s 0
usemtl rim_red
f 1//1 2//1 3//1
f 1//2 3//2 4//2
f 4//2 3//2 5//2
f 4//3 5//3 6//3
f 6//3 5//3 7//3
f 1//4 4//4 8//4
f 6//5 7//5 9//5
f 9//5 7//5 10//5
f 4//6 6//6 11//6
f 8//7 4//7 11//7
f 6//8 9//8 12//8
f 11//9 6//9 12//9
f 9//10 10//10 13//10
f 13//10 10//10 14//10
f 12//11 9//11 15//11
f 9//12 13//12 15//12
f 13//13 14//13 16//13
f 16//13 14//13 17//13
f 15//14 13//14 18//14
f 13//15 16//15 18//15
f 16//16 17//16 19//16
f 19//16 17//16 20//16
f 18//17 16//17 21//17
f 16//18 19//18 21//18
f 19//19 20//19 22//19
f 22//19 20//19 23//19
f 21//20 19//20 24//20
f 19//21 22//21 24//21
f 22//22 23//22 25//22
f 25//22 23//22 26//22
f 24//23 22//23 27//23
f 22//24 25//24 27//24
f 25//25 26//25 28//25
f 28//25 26//25 29//25
f 27//26 25//26 30//26
f 25//27 28//27 30//27
f 28//28 29//28 31//28
f 31//28 29//28 32//28
f 30//29 28//29 33//29
f 28//30 31//30 33//30
f 31//31 32//31 34//31
f 34//31 32//31 35//31
f 33//32 31//32 36//32
f 31//33 34//33 36//33
f 34//34 35//34 37//34
f 37//34 35//34 38//34
f 36//35 34//35 39//35
f 34//36 37//36 39//36
f 37//37 38//37 40//37
f 40//37 38//37 41//37
f 39//38 37//38 42//38
f 37//39 40//39 42//39
f 40//40 41//40 43//40
f 43//40 41//40 44//40
f 42//41 40//41 45//41
f 40//42 43//42 45//42
f 43//43 44//43 46//43
f 46//43 44//43 47//43
f 45//44 43//44 48//44
f 43//45 46//45 48//45
f 42//46 45//46 49//46
f 46//47 50//47 51//47
f 51//47 47//47 52//47
f 48//48 46//48 53//48
f 46//49 51//49 53//49
f 45//50 48//50 54//50
f 49//46 45//46 54//46
f 51//51 52//51 55//51
f 55//51 52//51 56//51
f 53//52 51//52 57//52
f 51//53 55//53 57//53
f 48//54 53//54 58//54
f 54//50 48//50 58//50
f 55//55 56//55 59//55
f 59//55 56//55 60//55
f 57//56 55//56 61//56
f 55//57 59//57 61//57
f 53//58 57//58 62//58
f 58//54 53//54 62//54
f 59//59 60//59 63//59
f 63//59 60//59 64//59
f 61//60 59//60 65//60
f 59//61 63//61 65//61
f 57//62 61//62 66//62
f 62//58 57//58 66//58
f 63//63 64//63 67//63
f 67//63 64//63 68//63
f 65//64 63//64 69//64
f 63//65 67//65 69//65
f 61//66 65//66 70//66
f 66//62 61//62 70//62
f 67//67 68//67 71//67
f 71//67 68//67 72//67
f 69//68 67//68 73//68
f 67//69 71//69 73//69
f 65//70 69//70 74//70
f 70//66 65//66 74//66
f 71//71 72//71 75//71
f 75//71 72//71 76//71
f 73//72 71//72 77//72
f 71//73 75//73 77//73
f 69//74 73//74 78//74
f 74//70 69//70 78//70
f 75//75 76//75 79//75
f 79//75 76//75 80//75
f 77//76 75//76 81//76
f 75//77 79//77 81//77
f 73//78 77//78 82//78
f 78//74 73//74 82//74
f 79//79 80//79 83//79
f 83//79 80//79 84//79
f 81//80 79//80 85//80
f 79//81 83//81 85//81
f 77//82 81//82 86//82
f 82//78 77//78 86//78
f 83//83 84//83 87//83
f 87//83 84//83 88//83
f 85//84 83//84 89//84
f 83//85 87//85 89//85
f 81//86 85//86 90//86
f 86//82 81//82 90//82
f 87//87 88//87 91//87
f 91//87 88//87 92//87
f 89//88 87//88 93//88
f 87//89 91//89 93//89
f 85//90 89//90 94//90
f 90//86 85//86 94//86
f 91//91 92//91 95//91
f 95//91 92//91 96//91
f 93//92 91//92 97//92
f 91//93 95//93 97//93
f 89//94 93//94 98//94
f 94//90 89//90 98//90
f 95//95 96//95 99//95
f 99//95 96//95 100//95
f 97//96 95//96 101//96
f 99//97 101//97 95//97
f 93//98 97//98 102//98
f 98//94 93//94 102//94
f 99//99 100//99 103//99
f 103//99 100//99 104//99
f 105//100 101//100 99//100
f 99//101 103//101 105//101
f 97//102 101//102 106//102
f 102//98 97//98 106//98
f 103//103 104//103 107//103
f 107//103 104//103 108//103
f 105//104 103//104 109//104
f 103//105 107//105 109//105
f 101//106 105//106 110//106
f 106//102 101//102 110//102
f 107//107 108//107 111//107
f 111//107 108//107 112//107
f 111//1 112//1 1//1
f 107//108 111//108 113//108
f 109//109 107//109 113//109
f 111//110 1//110 114//110
f 113//111 111//111 114//111
f 114//112 1//112 8//112
f 105//113 109//113 115//113
f 110//106 105//106 115//106
f 109//114 113//114 116//114
f 115//113 109//113 116//113
f 113//115 114//115 117//115
f 116//114 113//114 117//114
f 114//116 8//116 118//116
f 117//117 114//117 118//117
f 115//118 119//118 110//118
f 115//119 116//119 120//119
f 120//118 119//118 115//118
f 121//120 110//120 119//120
f 121//121 119//121 120//121
f 106//120 110//120 121//120
f 120//122 116//122 122//122
f 120//121 122//121 121//121
f 116//123 117//123 122//123
f 123//124 106//124 121//124
f 121//121 122//121 123//121
f 102//125 106//125 123//125
f 122//123 117//123 124//123
f 122//121 124//121 123//121
f 117//126 118//126 124//126
f 125//127 102//127 123//127
f 123//121 124//121 125//121
f 98//128 102//128 125//128
f 124//129 118//129 126//129
f 124//121 126//121 125//121
f 127//130 98//130 125//130
f 125//121 126//121 127//121
f 94//130 98//130 127//130
f 118//131 128//131 126//131
f 118//132 8//132 128//132
f 8//133 11//133 128//133
f 126//121 129//121 127//121
f 126//134 128//134 129//134
f 130//135 94//135 127//135
f 127//121 129//121 130//121
f 90//136 94//136 130//136
f 128//133 11//133 131//133
f 128//137 131//137 129//137
f 11//138 12//138 131//138
f 132//139 90//139 130//139
f 86//140 90//140 132//140
f 129//121 133//121 130//121
f 130//121 133//121 132//121
f 129//141 131//141 133//141
f 134//142 86//142 132//142
f 133//121 134//121 132//121
f 82//142 86//142 134//142
f 131//138 12//138 135//138
f 131//143 135//143 133//143
f 12//144 15//144 135//144
f 136//121 134//121 133//121
f 133//145 135//145 136//145
f 137//146 82//146 134//146
f 134//121 136//121 137//121
f 78//146 82//146 137//146
f 135//144 15//144 138//144
f 135//147 138//147 136//147
f 15//148 18//148 138//148
f 137//121 136//121 139//121
f 136//149 138//149 139//149
f 140//150 78//150 137//150
f 139//121 140//121 137//121
f 74//150 78//150 140//150
f 138//148 18//148 141//148
f 138//151 141//151 139//151
f 18//152 21//152 141//152
f 142//121 140//121 139//121
f 139//153 141//153 142//153
f 143//154 74//154 140//154
f 142//121 143//121 140//121
f 70//154 74//154 143//154
f 141//152 21//152 144//152
f 141//155 144//155 142//155
f 21//156 24//156 144//156
f 145//121 143//121 142//121
f 142//157 144//157 145//157
f 146//158 70//158 143//158
f 145//121 146//121 143//121
f 66//159 70//159 146//159
f 144//156 24//156 147//156
f 144//160 147//160 145//160
f 24//161 27//161 147//161
f 148//121 146//121 145//121
f 145//162 147//162 148//162
f 149//163 66//163 146//163
f 148//121 149//121 146//121
f 62//164 66//164 149//164
f 147//161 27//161 150//161
f 147//165 150//165 148//165
f 27//166 30//166 150//166
f 151//121 149//121 148//121
f 148//167 150//167 151//167
f 152//168 62//168 149//168
f 151//121 152//121 149//121
f 58//168 62//168 152//168
f 150//169 30//169 153//169
f 150//170 153//170 151//170
f 30//171 33//171 153//171
f 154//121 152//121 151//121
f 151//172 153//172 154//172
f 155//173 58//173 152//173
f 154//121 155//121 152//121
f 54//174 58//174 155//174
f 153//171 33//171 156//171
f 153//175 156//175 154//175
f 33//176 36//176 156//176
f 154//175 156//175 157//175
f 157//121 155//121 154//121
f 156//176 36//176 158//176
f 156//177 158//177 157//177
f 36//178 39//178 158//178
f 157//121 159//121 155//121
f 157//177 158//177 159//177
f 160//179 54//179 155//179
f 155//121 159//121 160//121
f 49//180 54//180 160//180
f 158//178 39//178 161//178
f 158//181 161//181 159//181
f 39//182 42//182 161//182
f 161//182 42//182 49//182
f 159//121 162//121 160//121
f 159//181 161//181 162//181
f 162//183 49//183 160//183
f 161//183 49//183 162//183
f 163//184 164//184 165//184
f 165//185 166//185 163//185
f 163//186 166//186 167//186
f 165//187 164//187 168//187
f 169//188 168//188 164//188
f 170//189 166//189 165//189
f 165//189 168//189 170//189
f 166//190 171//190 167//190
f 167//191 171//191 172//191
f 173//192 168//192 169//192
f 174//193 173//193 169//193
f 171//194 175//194 172//194
f 172//195 175//195 176//195
f 177//189 171//189 166//189
f 177//189 166//189 170//189
f 178//189 175//189 171//189
f 178//189 171//189 177//189
f 175//196 179//196 176//196
f 176//197 179//197 180//197
f 181//189 175//189 178//189
f 181//189 179//189 175//189
f 179//198 182//198 180//198
f 180//199 182//199 183//199
f 184//189 179//189 181//189
f 184//189 182//189 179//189
f 182//200 185//200 183//200
f 183//201 185//201 186//201
f 187//189 182//189 184//189
f 187//189 185//189 182//189
f 185//202 188//202 186//202
f 186//203 188//203 189//203
f 190//189 185//189 187//189
f 190//189 188//189 185//189
f 188//204 191//204 189//204
f 189//205 191//205 192//205
f 193//189 188//189 190//189
f 193//189 191//189 188//189
f 191//206 194//206 192//206
f 192//207 194//207 195//207
f 196//189 191//189 193//189
f 196//189 194//189 191//189
f 194//208 197//208 195//208
f 195//209 197//209 198//209
f 199//189 194//189 196//189
f 199//189 197//189 194//189
f 197//210 200//210 198//210
f 198//211 200//211 201//211
f 202//189 197//189 199//189
f 202//189 200//189 197//189
f 200//212 203//212 201//212
f 201//213 203//213 204//213
f 205//189 200//189 202//189
f 205//189 203//189 200//189
f 203//214 206//214 204//214
f 204//215 206//215 207//215
f 208//189 203//189 205//189
f 208//189 206//189 203//189
f 206//216 209//216 207//216
f 207//217 209//217 210//217
f 211//189 206//189 208//189
f 211//189 209//189 206//189
f 209//218 212//218 210//218
f 210//219 212//219 213//219
f 214//189 209//189 211//189
f 214//189 212//189 209//189
f 212//220 215//220 213//220
f 213//221 215//221 216//221
f 217//189 212//189 214//189
f 217//189 215//189 212//189
f 215//222 218//222 216//222
f 216//223 218//223 219//223
f 220//189 215//189 217//189
f 220//189 218//189 215//189
f 218//224 221//224 219//224
f 219//225 221//225 222//225
f 223//189 218//189 220//189
f 223//189 221//189 218//189
f 221//226 224//226 222//226
f 222//227 224//227 225//227
f 226//189 221//189 223//189
f 226//189 224//189 221//189
f 224//228 227//228 225//228
f 225//229 227//229 228//229
f 229//189 224//189 226//189
f 229//189 227//189 224//189
f 227//230 230//230 228//230
f 228//231 230//231 231//231
f 232//189 227//189 229//189
f 232//189 230//189 227//189
f 230//232 233//232 231//232
f 231//233 233//233 234//233
f 235//189 230//189 232//189
f 235//189 233//189 230//189
f 233//234 236//234 234//234
f 234//235 236//235 237//235
f 238//189 233//189 235//189
f 238//189 236//189 233//189
f 236//236 239//236 237//236
f 237//237 239//237 240//237
f 241//189 236//189 238//189
f 241//189 239//189 236//189
f 239//238 242//238 240//238
f 240//239 242//239 243//239
f 244//189 239//189 241//189
f 244//189 242//189 239//189
f 242//240 245//240 243//240
f 243//241 245//241 246//241
f 247//189 242//189 244//189
f 247//189 245//189 242//189
f 245//242 248//242 246//242
f 246//243 248//243 249//243
f 250//189 245//189 247//189
f 250//189 248//189 245//189
f 248//244 251//244 249//244
f 249//245 251//245 252//245
f 253//189 248//189 250//189
f 253//189 251//189 248//189
f 251//246 254//246 252//246
f 252//247 254//247 174//247
f 254//248 173//248 174//248
f 255//189 251//189 253//189
f 255//189 254//189 251//189
f 256//189 173//189 254//189
f 256//189 254//189 255//189
f 257//189 173//189 256//189
f 257//189 168//189 173//189
f 255//249 258//249 256//249
f 259//189 168//189 257//189
f 170//189 168//189 259//189
f 256//250 260//250 257//250
f 258//251 260//251 256//251
f 257//252 261//252 259//252
f 260//253 261//253 257//253
f 170//254 259//254 262//254
f 262//255 259//255 261//255
f 262//223 263//223 170//223
f 170//256 263//256 177//256
f 262//34 261//34 264//34
f 264//37 263//37 262//37
f 263//257 265//257 177//257
f 177//258 265//258 178//258
f 266//37 263//37 264//37
f 266//40 265//40 263//40
f 265//259 267//259 178//259
f 178//260 267//260 181//260
f 268//40 265//40 266//40
f 268//43 267//43 265//43
f 267//261 269//261 181//261
f 181//229 269//229 184//229
f 270//43 267//43 268//43
f 270//47 269//47 267//47
f 269//230 271//230 184//230
f 184//262 271//262 187//262
f 272//47 269//47 270//47
f 272//263 271//263 269//263
f 271//264 273//264 187//264
f 187//265 273//265 190//265
f 274//263 271//263 272//263
f 274//266 273//266 271//266
f 273//267 275//267 190//267
f 190//268 275//268 193//268
f 276//266 273//266 274//266
f 276//59 275//59 273//59
f 275//236 277//236 193//236
f 193//269 277//269 196//269
f 278//59 275//59 276//59
f 278//63 277//63 275//63
f 277//270 279//270 196//270
f 196//271 279//271 199//271
f 280//63 277//63 278//63
f 280//67 279//67 277//67
f 279//272 281//272 199//272
f 199//241 281//241 202//241
f 282//67 279//67 280//67
f 282//71 281//71 279//71
f 281//242 283//242 202//242
f 202//273 283//273 205//273
f 284//71 281//71 282//71
f 284//75 283//75 281//75
f 283//274 285//274 205//274
f 205//245 285//245 208//245
f 286//75 283//75 284//75
f 286//79 285//79 283//79
f 285//246 287//246 208//246
f 208//246 287//246 211//246
f 288//79 285//79 286//79
f 288//83 287//83 285//83
f 287//275 289//275 211//275
f 211//276 289//276 214//276
f 290//83 287//83 288//83
f 290//87 289//87 287//87
f 289//277 291//277 214//277
f 214//278 291//278 217//278
f 292//87 289//87 290//87
f 292//91 291//91 289//91
f 291//279 293//279 217//279
f 217//280 293//280 220//280
f 294//91 291//91 292//91
f 294//281 293//281 291//281
f 293//282 295//282 220//282
f 220//283 295//283 223//283
f 296//281 293//281 294//281
f 296//284 295//284 293//284
f 295//285 297//285 223//285
f 223//286 297//286 226//286
f 298//284 295//284 296//284
f 298//103 297//103 295//103
f 297//287 299//287 226//287
f 226//288 299//288 229//288
f 300//103 297//103 298//103
f 300//289 299//289 297//289
f 299//290 301//290 229//290
f 229//291 301//291 232//291
f 302//289 299//289 300//289
f 302//1 301//1 299//1
f 301//292 303//292 232//292
f 232//293 303//293 235//293
f 304//1 301//1 302//1
f 304//2 303//2 301//2
f 303//294 305//294 235//294
f 235//295 305//295 238//295
f 306//2 303//2 304//2
f 306//3 305//3 303//3
f 305//202 307//202 238//202
f 238//203 307//203 241//203
f 308//3 305//3 306//3
f 308//5 307//5 305//5
f 307//204 309//204 241//204
f 241//205 309//205 244//205
f 310//5 307//5 308//5
f 310//10 309//10 307//10
f 309//296 311//296 244//296
f 244//297 311//297 247//297
f 312//10 309//10 310//10
f 312//13 311//13 309//13
f 311//298 313//298 247//298
f 247//299 313//299 250//299
f 314//13 311//13 312//13
f 314//16 313//16 311//16
f 313//300 315//300 250//300
f 250//301 315//301 253//301
f 316//16 313//16 314//16
f 316//19 315//19 313//19
f 315//302 317//302 253//302
f 253//303 317//303 255//303
f 317//304 258//304 255//304
f 318//19 315//19 316//19
f 318//305 317//305 315//305
f 319//25 258//25 317//25
f 319//305 317//305 318//305
f 320//25 258//25 319//25
f 320//28 260//28 258//28
f 318//306 321//306 319//306
f 322//28 260//28 320//28
f 322//31 261//31 260//31
f 319//307 323//307 320//307
f 321//308 323//308 319//308
f 324//31 261//31 322//31
f 264//34 261//34 324//34
f 320//309 325//309 322//309
f 323//310 325//310 320//310
f 322//311 326//311 324//311
f 325//312 326//312 322//312
f 264//313 324//313 327//313
f 327//314 324//314 326//314
f 327//315 328//315 264//315
f 264//316 328//316 266//316
f 327//317 326//317 329//317
f 329//318 328//318 327//318
f 328//319 330//319 266//319
f 266//320 330//320 268//320
f 331//318 328//318 329//318
f 331//321 330//321 328//321
f 330//322 332//322 268//322
f 268//323 332//323 270//323
f 333//321 330//321 331//321
f 333//324 332//324 330//324
f 332//325 334//325 270//325
f 270//326 334//326 272//326
f 335//327 332//327 333//327
f 335//328 334//328 332//328
f 334//329 336//329 272//329
f 272//330 336//330 274//330
f 337//331 334//331 335//331
f 337//332 336//332 334//332
f 336//333 338//333 274//333
f 274//334 338//334 276//334
f 339//335 336//335 337//335
f 339//336 338//336 336//336
f 338//337 340//337 276//337
f 276//338 340//338 278//338
f 341//336 338//336 339//336
f 341//339 340//339 338//339
f 340//340 342//340 278//340
f 278//341 342//341 280//341
f 343//339 340//339 341//339
f 343//342 342//342 340//342
f 342//343 344//343 280//343
f 280//344 344//344 282//344
f 345//342 342//342 343//342
f 345//345 344//345 342//345
f 344//346 346//346 282//346
f 282//347 346//347 284//347
f 347//345 344//345 345//345
f 347//348 346//348 344//348
f 346//349 348//349 284//349
f 284//350 348//350 286//350
f 349//348 346//348 347//348
f 349//351 348//351 346//351
f 348//352 350//352 286//352
f 286//353 350//353 288//353
f 351//354 348//354 349//354
f 351//355 350//355 348//355
f 350//356 352//356 288//356
f 288//357 352//357 290//357
f 353//355 350//355 351//355
f 353//358 352//358 350//358
f 352//359 354//359 290//359
f 290//360 354//360 292//360
f 355//358 352//358 353//358
f 355//361 354//361 352//361
f 354//362 356//362 292//362
f 292//363 356//363 294//363
f 357//361 354//361 355//361
f 357//364 356//364 354//364
f 356//365 358//365 294//365
f 294//366 358//366 296//366
f 359//364 356//364 357//364
f 359//367 358//367 356//367
f 355//368 360//368 357//368
f 358//369 361//369 296//369
f 296//370 361//370 298//370
f 360//371 362//371 357//371
f 357//371 362//371 359//371
f 363//372 360//372 355//372
f 353//373 363//373 355//373
f 364//189 362//189 360//189
f 362//374 364//374 359//374
f 363//189 364//189 360//189
f 365//367 358//367 359//367
f 359//374 364//374 365//374
f 365//375 361//375 358//375
f 366//189 364//189 363//189
f 364//376 366//376 365//376
f 367//377 363//377 353//377
f 363//189 367//189 366//189
f 351//378 367//378 353//378
f 365//379 366//379 368//379
f 368//375 361//375 365//375
f 366//189 367//189 369//189
f 366//380 369//380 368//380
f 370//378 367//378 351//378
f 367//189 370//189 369//189
f 349//381 370//381 351//381
f 368//382 371//382 361//382
f 361//383 371//383 298//383
f 298//384 371//384 300//384
f 368//385 369//385 372//385
f 372//382 371//382 368//382
f 371//386 373//386 300//386
f 372//387 373//387 371//387
f 300//388 373//388 302//388
f 369//389 374//389 372//389
f 369//189 370//189 374//189
f 375//390 373//390 372//390
f 372//391 374//391 375//391
f 373//392 376//392 302//392
f 375//393 376//393 373//393
f 302//394 376//394 304//394
f 377//395 370//395 349//395
f 370//189 377//189 374//189
f 347//396 377//396 349//396
f 374//397 378//397 375//397
f 374//189 377//189 378//189
f 379//398 376//398 375//398
f 375//397 378//397 379//397
f 376//399 380//399 304//399
f 379//400 380//400 376//400
f 304//401 380//401 306//401
f 378//402 381//402 379//402
f 377//189 381//189 378//189
f 382//400 380//400 379//400
f 379//403 381//403 382//403
f 380//404 383//404 306//404
f 382//405 383//405 380//405
f 306//406 383//406 308//406
f 384//407 377//407 347//407
f 384//189 381//189 377//189
f 345//408 384//408 347//408
f 381//409 385//409 382//409
f 384//189 385//189 381//189
f 386//410 384//410 345//410
f 386//189 385//189 384//189
f 343//411 386//411 345//411
f 382//412 385//412 387//412
f 387//413 383//413 382//413
f 385//189 386//189 388//189
f 385//414 388//414 387//414
f 389//415 386//415 343//415
f 388//189 386//189 389//189
f 341//416 389//416 343//416
f 383//417 390//417 308//417
f 387//418 390//418 383//418
f 308//419 390//419 310//419
f 387//420 388//420 391//420
f 391//418 390//418 387//418
f 390//421 392//421 310//421
f 391//422 392//422 390//422
f 310//423 392//423 312//423
f 388//424 393//424 391//424
f 389//189 393//189 388//189
f 394//422 392//422 391//422
f 391//425 393//425 394//425
f 392//426 395//426 312//426
f 394//427 395//427 392//427
f 312//428 395//428 314//428
f 396//429 389//429 341//429
f 396//189 393//189 389//189
f 339//430 396//430 341//430
f 393//431 397//431 394//431
f 396//189 397//189 393//189
f 398//432 396//432 339//432
f 398//189 397//189 396//189
f 337//433 398//433 339//433
f 394//434 397//434 399//434
f 399//435 395//435 394//435
f 398//189 400//189 397//189
f 397//436 400//436 399//436
f 401//437 398//437 337//437
f 401//189 400//189 398//189
f 335//438 401//438 337//438
f 395//439 402//439 314//439
f 399//440 402//440 395//440
f 314//441 402//441 316//441
f 399//442 400//442 403//442
f 403//440 402//440 399//440
f 402//443 404//443 316//443
f 403//444 404//444 402//444
f 316//445 404//445 318//445
f 404//446 321//446 318//446
f 400//447 405//447 403//447
f 401//189 405//189 400//189
f 406//444 404//444 403//444
f 406//448 321//448 404//448
f 403//447 405//447 406//447
f 407//449 401//449 335//449
f 407//189 405//189 401//189
f 333//450 407//450 335//450
f 405//451 408//451 406//451
f 407//189 408//189 405//189
f 409//448 321//448 406//448
f 406//452 408//452 409//452
f 409//453 323//453 321//453
f 410//450 407//450 333//450
f 410//189 408//189 407//189
f 331//454 410//454 333//454
f 408//455 411//455 409//455
f 410//189 411//189 408//189
f 412//453 323//453 409//453
f 409//456 411//456 412//456
f 412//457 325//457 323//457
f 413//458 410//458 331//458
f 413//189 411//189 410//189
f 329//459 413//459 331//459
f 411//460 414//460 412//460
f 413//189 414//189 411//189
f 415//457 325//457 412//457
f 412//461 414//461 415//461
f 415//462 326//462 325//462
f 416//189 414//189 413//189
f 416//463 413//463 329//463
f 414//464 417//464 415//464
f 416//189 417//189 414//189
f 418//462 326//462 415//462
f 415//464 417//464 418//464
f 329//317 326//317 418//317
f 416//465 418//465 417//465
f 329//466 418//466 416//466
usemtl tyre
f 419//467 420//467 421//467
f 422//468 423//468 424//468
f 425//469 426//469 427//469
f 428//470 429//470 430//470
f 431//471 432//471 433//471
f 434//472 435//472 436//472
f 437//473 438//473 439//473
f 440//474 441//474 442//474
f 443//475 444//475 445//475
f 446//476 447//476 448//476
f 449//477 450//477 451//477
f 452//478 453//478 454//478
f 455//479 456//479 457//479
f 458//480 459//480 460//480
f 461//481 462//481 463//481
f 464//482 465//482 466//482
f 467//483 468//483 469//483
f 470//484 471//484 472//484
f 473//485 474//485 475//485
f 476//486 477//486 478//486
f 479//487 480//487 481//487
f 482//488 483//488 484//488
f 485//489 486//489 487//489
f 488//490 489//490 490//490
f 491//491 492//491 493//491
f 494//492 495//492 496//492
f 497//493 498//493 499//493
f 500//494 501//494 502//494
f 503//495 504//495 505//495
f 506//496 507//496 508//496
f 509//497 510//497 511//497
f 512//498 513//498 514//498
f 515//499 516//499 517//499
f 518//500 519//500 520//500
f 521//501 522//501 523//501
f 524//502 525//502 526//502
f 527//503 528//503 529//503
f 530//504 531//504 532//504
f 533//505 534//505 535//505
f 536//506 537//506 538//506
f 539//507 540//507 541//507
f 542//508 543//508 544//508
f 545//509 546//509 547//509
f 548//510 549//510 550//510
f 551//511 552//511 553//511
f 554//512 555//512 556//512
f 557//513 558//513 559//513
f 560//514 561//514 423//514
f 562//515 563//515 564//515
f 565//516 566//516 567//516
f 568//517 569//517 570//517
f 571//518 572//518 573//518
f 574//519 575//519 576//519
f 577//520 578//520 579//520
f 580//521 581//521 582//521
f 583//522 584//522 585//522
f 586//523 587//523 588//523
f 589//524 590//524 591//524
f 592//525 593//525 594//525
f 595//526 596//526 597//526
f 598//527 599//527 600//527
f 601//528 602//528 603//528
f 604//529 605//529 474//529
f 606//530 607//530 608//530
f 609//531 610//531 611//531
f 612//532 613//532 614//532
f 615//533 616//533 617//533
f 618//534 619//534 620//534
f 621//535 622//535 623//535
f 624//536 625//536 626//536
f 627//537 628//537 629//537
f 630//538 631//538 632//538
f 633//539 634//539 635//539
f 636//540 637//540 638//540
f 639//541 640//541 641//541
f 642//542 643//542 644//542
f 645//543 646//543 647//543
f 648//544 649//544 650//544
f 651//545 652//545 653//545
f 654//546 655//546 656//546
f 657//547 658//547 659//547
f 660//548 661//548 662//548
f 663//549 664//549 665//549
f 666//550 667//550 492//550
f 668//551 669//551 670//551
f 671//552 672//552 673//552
f 674//553 675//553 676//553
f 677//554 678//554 679//554
f 680//555 681//555 682//555
f 683//556 684//556 685//556
f 686//557 687//557 688//557
f 689//558 690//558 691//558
f 692//559 693//559 498//559
f 694//560 695//560 696//560
f 697//561 698//561 699//561
f 700//562 701//562 702//562
f 519//563 703//563 704//563
f 705//564 706//564 707//564
f 708//565 709//565 710//565
f 711//566 505//566 712//566
f 713//567 714//567 715//567
f 716//568 717//568 718//568
f 719//569 720//569 721//569
f 722//570 723//570 724//570
f 725//571 726//571 727//571
f 728//572 729//572 730//572
f 731//573 732//573 733//573
f 734//574 735//574 736//574
f 737//575 738//575 739//575
f 740//576 741//576 742//576
f 743//577 744//577 510//577
f 745//578 746//578 747//578
f 748//579 749//579 750//579
f 751//580 752//580 753//580
f 754//581 755//581 756//581
f 757//582 758//582 759//582
f 760//583 761//583 762//583
f 763//584 764//584 765//584
f 766//585 767//585 768//585
f 769//586 770//586 771//586
f 772//587 420//587 773//587
f 774//588 775//588 776//588
f 777//589 430//589 778//589
f 779//590 780//590 432//590
f 781//591 782//591 435//591
f 459//592 783//592 784//592
f 785//593 786//593 787//593
f 484//594 788//594 789//594
f 790//595 791//595 792//595
f 451//596 793//596 794//596
f 795//597 796//597 797//597
f 798//598 799//598 534//598
f 800//599 801//599 543//599
f 802//600 803//600 804//600
f 805//601 550//601 806//601
f 807//602 564//602 808//602
f 439//603 809//603 810//603
f 811//604 812//604 578//604
f 470//605 813//605 471//605
f 814//606 588//606 815//606
f 816//607 817//607 818//607
f 819//608 820//608 599//608
f 821//609 822//609 613//609
f 823//610 632//610 824//610
f 825//611 826//611 827//611
f 828//612 635//612 829//612
f 830//613 653//613 831//613
f 832//614 625//614 833//614
f 834//615 665//615 835//615
f 836//616 676//616 837//616
f 838//617 839//617 524//617
f 840//618 691//618 841//618
f 842//619 699//619 843//619
f 844//620 710//620 845//620
f 846//621 727//621 847//621
f 848//622 739//622 849//622
f 850//623 756//623 851//623
f 852//624 768//624 853//624
f 854//625 855//625 856//625
f 426//626 857//626 858//626
f 859//627 860//627 861//627
f 862//628 863//628 443//628
f 864//629 865//629 866//629
f 867//630 868//630 869//630
f 870//631 871//631 872//631
f 873//632 548//632 462//632
f 874//633 556//633 875//633
f 876//634 565//634 465//634
f 877//635 878//635 879//635
f 880//636 881//636 882//636
f 472//637 883//637 884//637
f 885//638 886//638 887//638
f 888//639 889//639 890//639
f 891//640 608//640 892//640
f 893//641 894//641 606//641
f 895//642 620//642 896//642
f 897//643 621//643 480//643
f 898//644 899//644 900//644
f 901//645 638//645 902//645
f 903//646 904//646 645//646
f 905//647 647//647 906//647
f 907//648 908//648 909//648
f 910//649 911//649 912//649
f 913//650 914//650 671//650
f 915//651 673//651 916//651
f 917//652 918//652 919//652
f 920//653 447//653 921//653
f 922//654 685//654 923//654
f 924//655 696//655 925//655
f 502//656 501//656 926//656
f 927//657 928//657 929//657
f 930//658 733//658 931//658
f 932//659 722//659 507//659
f 933//660 934//660 935//660
f 936//661 753//661 937//661
f 938//662 748//662 513//662
f 939//663 760//663 516//663
f 940//664 765//664 941//664
f 426//665 942//665 943//665
f 430//666 944//666 945//666
f 946//667 947//667 948//667
f 419//668 949//668 420//668
f 446//669 950//669 951//669
f 528//670 952//670 953//670
f 455//671 457//671 539//671
f 461//672 463//672 954//672
f 955//673 555//673 956//673
f 464//674 466//674 957//674
f 958//675 567//675 554//675
f 959//676 960//676 469//676
f 961//677 962//677 963//677
f 580//678 582//678 468//678
f 584//679 964//679 965//679
f 966//680 885//680 595//680
f 473//681 475//681 967//681
f 968//682 596//682 969//682
f 970//683 971//683 972//683
f 476//684 478//684 973//684
f 974//685 607//685 975//685
f 976//686 977//686 441//686
f 615//687 617//687 477//687
f 479//688 481//688 978//688
f 979//689 980//689 619//689
f 981//690 623//690 618//690
f 485//691 487//691 639//691
f 982//692 637//692 983//692
f 984//693 898//693 636//693
f 985//694 986//694 490//694
f 445//695 444//695 987//695
f 654//696 489//696 488//696
f 988//697 646//697 989//697
f 491//698 493//698 990//698
f 667//699 991//699 658//699
f 494//700 496//700 992//700
f 993//701 672//701 994//701
f 680//702 682//702 495//702
f 995//703 917//703 683//703
f 921//704 519//704 996//704
f 497//705 499//705 997//705
f 998//706 684//706 999//706
f 1000//707 1001//707 695//707
f 1002//708 707//708 694//708
f 704//709 1003//709 1004//709
f 1005//710 1006//710 926//710
f 504//711 1007//711 720//711
f 1008//712 1009//712 523//712
f 711//713 712//713 1010//713
f 1011//714 1012//714 508//714
f 1013//715 1014//715 732//715
f 1015//716 724//716 731//716
f 509//717 511//717 1016//717
f 743//718 1017//718 744//718
f 512//719 514//719 1018//719
f 1019//720 752//720 1020//720
f 1021//721 750//721 751//721
f 1022//722 762//722 763//722
f 515//723 517//723 1023//723
f 1024//724 1025//724 787//724
f 1026//725 764//725 1027//725
f 1028//726 1029//726 624//726
f 1030//727 1031//727 856//727
f 1032//728 1033//728 1034//728
f 1035//729 1036//729 857//729
f 429//730 832//730 1037//730
f 827//731 433//731 1038//731
f 1039//732 436//732 779//732
f 1040//733 424//733 781//733
f 460//734 459//734 1041//734
f 803//735 1042//735 1043//735
f 1044//736 442//736 816//736
f 484//737 483//737 1045//737
f 863//738 862//738 1046//738
f 451//739 1047//739 449//739
f 795//740 450//740 1048//740
f 536//741 538//741 1049//741
f 1050//742 531//742 530//742
f 1051//743 541//743 540//743
f 529//744 865//744 537//744
f 1052//745 546//745 545//745
f 1053//746 872//746 871//746
f 560//747 1054//747 561//747
f 1055//748 558//748 557//748
f 874//749 875//749 1056//749
f 568//750 570//750 1057//750
f 573//751 878//751 569//751
f 861//752 860//752 1058//752
f 1059//753 961//753 423//753
f 1060//754 575//754 574//754
f 439//755 1061//755 437//755
f 572//756 581//756 1062//756
f 883//757 471//757 1063//757
f 1064//758 590//758 589//758
f 592//759 594//759 1065//759
f 585//760 881//760 593//760
f 888//761 597//761 889//761
f 604//762 886//762 605//762
f 891//763 892//763 1066//763
f 1067//764 610//764 609//764
f 780//765 1068//765 432//765
f 894//766 616//766 1069//766
f 895//767 896//767 1070//767
f 1071//768 628//768 627//768
f 1072//769 641//769 640//769
f 1073//770 1028//770 626//770
f 901//771 902//771 1074//771
f 904//772 655//772 1075//772
f 1076//773 649//773 648//773
f 1077//774 421//774 444//774
f 905//775 906//775 1078//775
f 659//776 908//776 669//776
f 1079//777 1080//777 525//777
f 912//649 911//649 1081//649
f 668//778 670//778 1082//778
f 914//779 681//779 1083//779
f 915//780 916//780 1084//780
f 1085//781 687//781 686//781
f 1086//782 520//782 447//782
f 922//783 923//783 1087//783
f 692//784 918//784 693//784
f 924//785 925//785 1088//785
f 500//786 705//786 501//786
f 1089//501 522//501 521//501
f 721//787 928//787 717//787
f 932//788 507//788 506//788
f 1090//789 741//789 740//789
f 1091//790 935//790 934//790
f 1092//791 758//791 757//791
f 1093//792 770//792 769//792
f 1094//793 1095//793 868//793
f 1096//794 1097//794 1098//794
f 1099//795 1100//795 1101//795
f 775//796 526//796 1036//796
f 777//797 778//797 839//797
f 533//798 535//798 1102//798
f 456//799 952//799 528//799
f 540//800 457//800 1103//800
f 543//801 801//801 1104//801
f 542//802 544//802 1105//802
f 463//803 462//803 1106//803
f 551//804 805//804 806//804
f 567//805 566//805 1107//805
f 466//806 465//806 1108//806
f 563//807 957//807 1109//807
f 807//808 808//808 1110//808
f 467//809 469//809 960//809
f 577//810 579//810 1111//810
f 422//811 1112//811 423//811
f 470//812 964//812 813//812
f 809//813 1113//813 818//813
f 588//814 587//814 1114//814
f 814//815 815//815 1115//815
f 600//816 599//816 1116//816
f 601//817 603//817 820//817
f 475//818 474//818 1117//818
f 817//819 442//819 948//819
f 782//820 970//820 435//820
f 1118//821 973//821 478//821
f 947//822 977//822 789//822
f 612//823 614//823 1119//823
f 824//824 632//824 1120//824
f 481//825 480//825 1121//825
f 631//826 629//826 978//826
f 1122//827 619//827 1123//827
f 633//828 642//828 634//828
f 828//829 829//829 1124//829
f 485//830 899//830 486//830
f 640//831 487//831 1125//831
f 652//832 650//832 986//832
f 830//833 831//833 1126//833
f 490//834 489//834 1127//834
f 665//835 664//835 1128//835
f 1129//836 909//836 908//836
f 834//837 835//837 1130//837
f 493//838 492//838 1131//838
f 675//839 992//839 1132//839
f 496//840 495//840 1133//840
f 836//841 837//841 1134//841
f 838//842 524//842 774//842
f 841//843 691//843 1135//843
f 425//844 776//844 426//844
f 690//845 688//845 997//845
f 499//846 498//846 1136//846
f 697//847 700//847 698//847
f 842//848 843//848 1137//848
f 518//849 703//849 519//849
f 1138//850 695//850 1001//850
f 708//851 713//851 709//851
f 844//852 845//852 1139//852
f 1003//853 1140//853 794//853
f 712//854 505//854 1141//854
f 720//855 1007//855 1142//855
f 725//856 728//856 726//856
f 793//857 1143//857 797//857
f 846//858 847//858 1144//858
f 1145//859 732//859 1014//859
f 738//860 1016//860 1146//860
f 734//861 745//861 747//861
f 848//862 849//862 1147//862
f 511//863 510//863 1148//863
f 750//864 749//864 1149//864
f 850//865 851//865 1150//865
f 1151//866 1018//866 514//866
f 517//867 516//867 1152//867
f 786//868 1153//868 1024//868
f 768//869 767//869 1154//869
f 852//870 853//870 1155//870
f 1156//871 761//871 1027//871
f 1157//872 1158//872 1159//872
f 1160//873 1061//873 859//873
f 1161//587 420//587 772//587
f 452//874 454//874 1048//874
f 873//875 549//875 548//875
f 1162//876 876//876 1163//876
f 897//877 622//877 621//877
f 1164//878 661//878 660//878
f 1165//879 666//879 1166//879
f 1167//880 503//880 1168//880
f 746//881 1017//881 933//881
f 453//882 1169//882 1170//882
f 1171//883 938//883 1172//883
f 1173//884 939//884 1174//884
f 1175//885 1176//885 1177//885
f 1178//886 1179//886 1180//886
f 1037//887 833//887 944//887
f 1181//888 429//888 1182//888
f 790//889 483//889 1046//889
f 443//890 863//890 1183//890
f 950//891 1184//891 951//891
f 530//892 532//892 799//892
f 866//893 1185//893 1186//893
f 867//894 869//894 802//894
f 1187//895 865//895 1188//895
f 458//896 804//896 459//896
f 1189//897 954//897 547//897
f 1190//898 872//898 1191//898
f 1043//899 1042//899 783//899
f 1192//900 873//900 1193//900
f 1194//901 555//901 955//901
f 1041//902 784//902 1054//902
f 879//903 1195//903 1196//903
f 574//904 576//904 812//904
f 469//905 468//905 1197//905
f 1198//906 878//906 877//906
f 1199//907 884//907 591//907
f 1200//908 881//908 880//908
f 882//909 1201//909 1202//909
f 598//910 600//910 1203//910
f 1204//911 596//911 968//911
f 1205//912 604//912 1206//912
f 609//913 611//913 822//913
f 975//914 1207//914 1208//914
f 478//915 477//915 1209//915
f 1210//916 607//916 974//916
f 788//917 1045//917 792//917
f 823//918 824//918 1211//918
f 1068//919 825//919 1038//919
f 826//920 625//920 624//920
f 1212//921 897//921 1213//921
f 900//922 983//922 637//922
f 791//923 862//923 445//923
f 1214//924 646//924 1215//924
f 989//925 1216//925 1217//925
f 654//926 656//926 489//926
f 1218//927 990//927 662//927
f 778//928 945//928 1080//928
f 1219//929 991//929 666//929
f 1220//930 677//930 674//930
f 994//931 1221//931 1222//931
f 1223//932 672//932 993//932
f 1224//933 684//933 1225//933
f 840//934 841//934 1226//934
f 999//935 1227//935 1228//935
f 707//936 706//936 1000//936
f 502//937 926//937 1006//937
f 942//938 1089//938 943//938
f 1229//939 500//939 1230//939
f 710//940 709//940 1231//940
f 1232//941 1010//941 715//941
f 716//942 719//942 721//942
f 1233//943 928//943 927//943
f 724//944 723//944 1013//944
f 506//945 508//945 1012//945
f 930//946 1015//946 731//946
f 1234//947 932//947 1235//947
f 1236//948 735//948 935//948
f 454//597 796//597 795//597
f 1237//949 743//949 1238//949
f 754//950 757//950 755//950
f 514//951 513//951 1239//951
f 1240//952 1021//952 936//952
f 1241//953 752//953 1242//953
f 1243//954 1023//954 771//954
f 1244//955 1022//955 940//955
f 1245//956 764//956 1026//956
f 1044//957 438//957 1246//957
f 1247//958 1033//958 1153//958
f 1248//959 602//959 601//959
f 1081//960 911//960 448//960
f 1249//961 427//961 1009//961
f 1250//962 701//962 700//962
f 1251//963 729//963 728//963
f 1031//964 1101//964 854//964
f 856//965 855//965 1095//965
f 553//966 552//966 1252//966
f 1253//967 1254//967 1159//967
f 643//968 1255//968 644//968
f 678//969 1256//969 679//969
f 428//970 430//970 777//970
f 779//971 436//971 972//971
f 431//972 1039//972 432//972
f 781//973 424//973 963//973
f 1040//974 434//974 1257//974
f 1160//975 1258//975 1061//975
f 441//976 977//976 946//976
f 484//977 976//977 482//977
f 949//978 950//978 910//978
f 1113//979 438//979 816//979
f 446//980 1086//980 447//980
f 1259//704 519//704 921//704
f 1047//981 1260//981 449//981
f 451//982 450//982 1143//982
f 536//983 527//983 529//983
f 455//984 952//984 456//984
f 1261//985 1262//985 798//985
f 534//986 799//986 1051//986
f 550//987 549//987 870//987
f 1263//988 545//988 800//988
f 557//989 559//989 563//989
f 1264//990 1265//990 562//990
f 1266//991 460//991 1112//991
f 1267//992 876//992 464//992
f 808//993 564//993 1109//993
f 874//994 958//994 554//994
f 1107//995 566//995 956//995
f 568//996 571//996 573//996
f 579//997 578//997 959//997
f 1268//998 1269//998 811//998
f 582//999 581//999 572//999
f 1058//1000 860//1000 810//1000
f 1196//1001 580//1001 1270//1001
f 883//1002 1271//1002 815//1002
f 1272//1003 1273//1003 586//1003
f 1274//1004 583//1004 592//1004
f 813//1005 964//1005 584//1005
f 595//1006 885//1006 887//1006
f 1275//1007 966//1007 1276//1007
f 1277//1008 1278//1008 819//1008
f 1279//1009 473//1009 967//1009
f 969//1010 1280//1010 1205//1010
f 606//1011 894//1011 1069//1011
f 1281//1012 893//1012 891//1012
f 1282//1013 1283//1013 821//1013
f 613//1014 822//1014 1118//1014
f 615//1015 477//1015 476//1015
f 618//1016 623//1016 979//1016
f 1284//1017 627//1017 630//1017
f 622//1018 1285//1018 980//1018
f 1286//1019 981//1019 1287//1019
f 1029//1020 433//1020 827//1020
f 635//1021 634//1021 1072//1021
f 1288//1022 984//1022 901//1022
f 1289//1023 637//1023 982//1023
f 1290//1024 485//1024 1291//1024
f 486//1025 899//1025 898//1025
f 645//1026 904//1026 1075//1026
f 831//1027 653//1027 985//1027
f 651//1028 648//1028 652//1028
f 1077//1029 1292//1029 421//1029
f 987//1030 444//1030 772//1030
f 1293//1031 903//1031 905//1031
f 659//1032 658//1032 1129//1032
f 1294//1033 660//1033 663//1033
f 1295//1034 657//1034 668//1034
f 773//1035 420//1035 912//1035
f 1296//1036 908//1036 907//1036
f 671//1037 914//1037 1083//1037
f 1297//1038 680//1038 494//1038
f 676//1039 675//1039 1132//1039
f 1298//1040 913//1040 1299//1040
f 683//1041 917//1041 919//1041
f 1300//1042 1301//1042 689//1042
f 1302//1043 692//1043 497//1043
f 1303//1044 995//1044 1304//1044
f 924//1045 1002//1045 694//1045
f 699//1046 698//1046 1005//1046
f 1305//1047 1306//1047 1137//1047
f 1307//1048 1006//1048 702//1048
f 1308//1049 695//1049 1138//1049
f 503//1050 505//1050 711//1050
f 1007//1051 1309//1051 929//1051
f 727//1052 726//1052 1011//1052
f 1310//1053 1311//1053 508//1053
f 1312//1054 1012//1054 730//1054
f 1313//1055 732//1055 1145//1055
f 738//1056 742//1056 1016//1056
f 1314//1057 1315//1057 737//1057
f 849//1058 739//1058 1146//1058
f 1316//1059 935//1059 1091//1059
f 744//1060 1017//1060 746//1060
f 1020//1061 1317//1061 1171//1061
f 1318//1062 1018//1062 759//1062
f 851//1063 756//1063 1151//1063
f 938//1064 749//1064 748//1064
f 763//1065 762//1065 1156//1065
f 766//1066 769//1066 767//1066
f 787//1067 1170//1067 785//1067
f 1319//1068 939//1068 515//1068
f 1094//1069 868//1069 1320//1069
f 1033//1070 1321//1070 1034//1070
f 1008//1071 523//1071 1322//1071
f 1178//1072 1323//1072 1179//1072
f 1324//1073 1325//1073 1175//1073
f 1326//1074 1096//1074 1098//1074
f 714//1075 1327//1075 715//1075
f 716//1076 718//1076 1328//1076
f 931//1077 733//1077 1329//1077
f 734//1078 736//1078 1330//1078
f 937//1079 753//1079 1331//1079
f 1332//1080 1333//1080 1334//1080
f 941//1081 765//1081 1335//1081
f 426//1082 776//1082 1035//1082
f 524//796 526//796 775//796
f 1181//1083 626//1083 832//1083
f 803//1084 1336//1084 1042//1084
f 1049//1085 1337//1085 1338//1085
f 1103//1086 1339//1086 540//1086
f 1340//1087 455//1087 539//1087
f 1341//1088 541//1088 532//1088
f 1186//1089 864//1089 866//1089
f 463//1090 1342//1090 544//1090
f 1343//1091 805//1091 1344//1091
f 1345//1092 802//1092 804//1092
f 801//1093 954//1093 1104//1093
f 873//1094 462//1094 461//1094
f 1191//1095 872//1095 1053//1095
f 551//1096 806//1096 552//1096
f 871//1097 1346//1097 1192//1097
f 1347//1098 957//1098 559//1098
f 1348//1099 1108//1099 1110//1099
f 1349//1100 555//1100 1194//1100
f 1350//1101 958//1101 1351//1101
f 1352//1102 960//1102 576//1102
f 423//514 561//514 1059//514
f 1353//1103 1197//1103 1111//1103
f 1354//1104 878//1104 1198//1104
f 1057//1105 1355//1105 1356//1105
f 580//1106 468//1106 467//1106
f 472//1107 471//1107 883//1107
f 586//1108 589//1108 587//1108
f 1357//1109 593//1109 881//1109
f 585//1110 584//1110 965//1110
f 1202//1111 470//1111 1358//1111
f 1117//1112 1359//1112 475//1112
f 599//1113 820//1113 1116//1113
f 1360//1114 597//1114 596//1114
f 605//1115 886//1115 885//1115
f 1361//1116 973//1116 611//1116
f 1362//1117 1209//1117 1119//1117
f 1363//1118 608//1118 607//1118
f 617//1119 616//1119 894//1119
f 1208//1120 615//1120 1364//1120
f 1365//1121 479//1121 978//1121
f 1366//1122 619//1122 1122//1122
f 1121//1123 1367//1123 481//1123
f 632//1124 631//1124 1120//1124
f 1212//1125 1123//1125 980//1125
f 1368//1126 642//1126 633//1126
f 1125//1127 1369//1127 640//1127
f 1370//1128 641//1128 644//1128
f 983//1129 1371//1129 1290//1129
f 1372//1130 986//1130 650//1130
f 1373//1131 1076//1131 1374//1131
f 1127//1132 1375//1132 490//1132
f 1376//1133 654//1133 488//1133
f 1215//1134 646//1134 988//1134
f 656//1135 655//1135 904//1135
f 664//1136 990//1136 1128//1136
f 1377//1137 1131//1137 1130//1137
f 666//1138 991//1138 667//1138
f 1378//1139 1133//1139 1134//1139
f 1379//1140 992//1140 679//1140
f 839//1141 838//1141 1380//1141
f 1381//1142 672//1142 1223//1142
f 682//1143 681//1143 914//1143
f 691//1144 690//1144 1135//1144
f 1382//1145 997//1145 688//1145
f 1136//1146 1383//1146 499//1146
f 1384//1147 518//1147 520//1147
f 1228//1148 998//1148 999//1148
f 693//1149 918//1149 917//1149
f 1385//1150 1386//1150 697//1150
f 1088//1151 1387//1151 1388//1151
f 500//1152 706//1152 705//1152
f 704//1153 1047//1153 1140//1153
f 926//1154 501//1154 1306//1154
f 1389//1155 1390//1155 708//1155
f 1139//1156 845//1156 1391//1156
f 1231//1157 1010//1157 712//1157
f 1392//1158 717//1158 928//1158
f 1393//1159 719//1159 1394//1159
f 1395//1160 1015//1160 1396//1160
f 1397//1161 1398//1161 725//1161
f 932//1162 723//1162 722//1162
f 1014//1163 1399//1163 1234//1163
f 934//1164 1400//1164 1237//1164
f 1401//1165 745//1165 1402//1165
f 1148//1166 1403//1166 511//1166
f 743//1167 510//1167 509//1167
f 751//1168 750//1168 1149//1168
f 1404//1169 1405//1169 754//1169
f 1406//1170 1239//1170 1150//1170
f 1242//1171 752//1171 1019//1171
f 938//1172 513//1172 512//1172
f 517//1173 1407//1173 853//1173
f 1408//1174 1409//1174 766//1174
f 1410//1175 764//1175 1245//1175
f 939//1176 761//1176 760//1176
f 521//1177 427//1177 943//1177
f 440//1178 442//1178 1044//1178
f 538//1179 537//1179 1411//1179
f 546//1180 1412//1180 547//1180
f 1413//1181 1414//1181 1325//1181
f 1415//1182 1416//1182 861//1182
f 875//1183 556//1183 1417//1183
f 961//1184 1418//1184 962//1184
f 570//1185 569//1185 1419//1185
f 590//1186 1420//1186 591//1186
f 602//1187 1421//1187 603//1187
f 970//1188 1422//1188 971//1188
f 1029//1189 1028//1189 1423//1189
f 628//1190 1424//1190 629//1190
f 896//1191 620//1191 1425//1191
f 902//1192 638//1192 1426//1192
f 906//1193 647//1193 1427//1193
f 661//1194 1428//1194 662//1194
f 670//1195 669//1195 1429//1195
f 1430//1196 678//1196 677//1196
f 916//1197 673//1197 1431//1197
f 448//476 447//476 920//476
f 923//1198 685//1198 1432//1198
f 1433//1199 996//1199 1004//1199
f 701//1200 1434//1200 702//1200
f 925//1201 696//1201 1435//1201
f 1436//1202 714//1202 713//1202
f 729//1203 1437//1203 730//1203
f 1254//1204 1438//1204 1159//1204
f 454//1205 453//1205 1439//1205
f 741//1206 1440//1206 742//1206
f 736//1207 735//1207 1441//1207
f 758//1208 1442//1208 759//1208
f 1025//1209 1024//1209 1443//1209
f 770//1210 1444//1210 771//1210
f 1445//1211 1031//1211 1030//1211
f 940//1212 941//1212 1446//1212
f 1101//1213 1100//1213 1447//1213
f 1448//1214 1324//1214 1177//1214
f 1449//1215 1450//1215 1451//1215
f 1157//1216 1452//1216 1453//1216
f 776//1217 425//1217 1454//1217
f 429//1218 428//1218 1455//1218
f 436//1219 435//1219 972//1219
f 1039//1220 431//1220 1456//1220
f 785//1221 1457//1221 786//1221
f 437//1222 1458//1222 438//1222
f 1113//603 809//603 439//603
f 441//1223 440//1223 1459//1223
f 862//1224 791//1224 790//1224
f 1046//1225 483//1225 1460//1225
f 1183//1226 863//1226 1461//1226
f 949//1227 419//1227 1462//1227
f 1048//1228 450//1228 1463//1228
f 1464//1229 798//1229 534//1229
f 1465//1230 528//1230 527//1230
f 1102//1231 1466//1231 533//1231
f 1188//1232 865//1232 864//1232
f 1467//1233 800//1233 543//1233
f 1468//1234 1052//1234 1263//1234
f 1105//1235 1469//1235 542//1235
f 783//1236 1470//1236 784//1236
f 956//1237 1162//1237 1163//1237
f 1471//1238 564//1238 807//1238
f 1472//1239 565//1239 567//1239
f 560//1240 460//1240 1041//1240
f 876//1241 465//1241 464//1241
f 573//1242 572//1242 1062//1242
f 1473//1243 422//1243 424//1243
f 1474//1244 811//1244 578//1244
f 1475//1245 588//1245 814//1245
f 1114//1246 884//1246 883//1246
f 1271//1247 1063//1247 1115//1247
f 962//591 782//591 781//591
f 1065//1248 1476//1248 1274//1248
f 888//1249 966//1249 595//1249
f 817//1250 1477//1250 818//1250
f 1203//1251 1478//1251 598//1251
f 604//1252 474//1252 473//1252
f 1479//1253 613//1253 612//1253
f 1480//1254 1481//1254 893//1254
f 976//1255 1482//1255 482//1255
f 780//1256 1483//1256 1068//1256
f 895//1257 981//1257 618//1257
f 1484//1258 1284//1258 630//1258
f 1211//1259 1485//1259 823//1259
f 897//1260 480//1260 479//1260
f 826//1261 1486//1261 625//1261
f 636//1262 898//1262 900//1262
f 1074//1263 1487//1263 1288//1263
f 1124//1264 829//1264 1369//1264
f 639//1265 487//1265 640//1265
f 1488//1266 635//1266 828//1266
f 1489//1267 1028//1267 1073//1267
f 1490//1268 637//1268 1289//1268
f 1491//1269 651//1269 653//1269
f 1126//1270 1492//1270 830//1270
f 1217//1271 988//1271 989//1271
f 945//1272 1493//1272 1080//1272
f 833//1273 1494//1273 944//1273
f 1078//1274 1495//1274 1293//1274
f 909//1275 1219//1275 1165//1275
f 1496//1276 663//1276 665//1276
f 1497//1277 657//1277 1295//1277
f 1079//502 525//502 524//502
f 1128//1278 493//1278 835//1278
f 1498//1279 908//1279 1296//1279
f 666//1280 492//1280 491//1280
f 1499//1281 1220//1281 674//1281
f 496//1282 1378//1282 837//1282
f 951//1283 1500//1283 1086//1283
f 1501//1284 676//1284 836//1284
f 680//1285 495//1285 494//1285
f 1299//1286 913//1286 915//1286
f 1222//1287 993//1287 994//1287
f 858//1288 942//1288 426//1288
f 1226//1289 1502//1289 840//1289
f 1301//1290 1085//1290 686//1290
f 922//1291 995//1291 683//1291
f 692//1292 498//1292 497//1292
f 1036//1293 1503//1293 857//1293
f 1225//1294 684//1294 998//1294
f 843//1295 699//1295 1005//1295
f 1001//1296 1229//1296 1230//1296
f 1504//1297 707//1297 1002//1297
f 1505//1298 695//1298 1308//1298
f 1506//1299 710//1299 844//1299
f 1507//1300 504//1300 720//1300
f 522//1301 1508//1301 523//1301
f 1509//1302 1003//1302 794//1302
f 1167//1303 927//1303 929//1303
f 1510//1304 727//1304 846//1304
f 1511//1305 793//1305 797//1305
f 1311//1306 1310//1306 1144//1306
f 1512//1307 732//1307 1313//1307
f 1396//1308 930//1308 1513//1308
f 1147//1309 1514//1309 848//1309
f 737//1310 740//1310 738//1310
f 747//1311 746//1311 933//1311
f 1515//1312 756//1312 850//1312
f 1516//1313 1517//1313 1021//1313
f 453//1314 452//1314 1518//1314
f 1519//1315 768//1315 852//1315
f 868//1316 867//1316 1520//1316
f 1153//1317 1033//1317 1521//1317
f 1154//1318 1023//1318 517//1318
f 1407//1319 1152//1319 1155//1319
f 1174//1320 1026//1320 1027//1320
f 1522//1321 762//1321 1022//1321
f 531//1322 1523//1322 532//1322
f 551//1323 553//1323 1524//1323
f 558//1324 1525//1324 559//1324
f 575//1325 1526//1325 576//1325
f 594//1326 593//1326 1527//1326
f 889//1327 597//1327 1528//1327
f 610//1328 1529//1328 611//1328
f 892//1329 608//1329 1530//1329
f 1531//1330 643//1330 642//1330
f 649//1331 1532//1331 650//1331
f 687//1332 1533//1332 688//1332
f 718//1333 717//1333 1534//1333
f 1535//1334 1100//1334 1099//1334
f 1449//1335 1536//1335 1537//1335
f 1538//1336 855//1336 854//1336
f 1539//1337 1332//1337 1334//1337
f 936//1338 937//1338 1540//1338
f 1038//1339 825//1339 827//1339
f 434//1340 1040//1340 435//1340
f 1416//1341 1160//1341 859//1341
f 977//667 947//667 946//667
f 421//1342 1292//1342 1541//1342
f 1262//1343 1050//1343 530//1343
f 1096//1344 1542//1344 1543//1344
f 539//1345 457//1345 540//1345
f 1102//1346 535//1346 1339//1346
f 529//1347 528//1347 953//1347
f 1034//1348 1544//1348 1032//1348
f 804//1349 458//1349 1345//1349
f 1342//1350 1106//1350 1105//1350
f 1545//1351 550//1351 805//1351
f 1264//1352 1055//1352 1265//1352
f 1325//1353 1546//1353 1413//1353
f 1054//1354 1547//1354 561//1354
f 466//1355 1348//1355 808//1355
f 562//1356 557//1356 563//1356
f 1351//1357 874//1357 1056//1357
f 1269//1358 1060//1358 574//1358
f 581//1359 1195//1359 879//1359
f 1356//1360 571//1360 568//1360
f 861//1361 1548//1361 1549//1361
f 1550//1362 577//1362 1551//1362
f 578//1363 812//1363 959//1363
f 1272//1364 1064//1364 1273//1364
f 1552//1365 1058//1365 810//1365
f 592//1366 583//1366 585//1366
f 1357//1367 881//1367 1200//1367
f 964//1368 1201//1368 882//1368
f 1553//1369 819//1369 599//1369
f 1279//1370 967//1370 603//1370
f 890//1371 1275//1371 1276//1371
f 1205//1372 968//1372 969//1372
f 1360//1373 596//1373 1204//1373
f 1118//1374 478//1374 614//1374
f 1281//1375 891//1375 1066//1375
f 1554//1376 433//1376 1423//1376
f 1282//1377 1067//1377 1283//1377
f 1555//1378 821//1378 613//1378
f 971//1379 780//1379 779//1379
f 1363//1380 607//1380 1210//1380
f 1069//1381 616//1381 975//1381
f 1556//1382 1557//1382 623//1382
f 1070//1383 1286//1383 1287//1383
f 792//1384 1045//1384 790//1384
f 1558//1385 633//1385 1559//1385
f 1560//1386 791//1386 445//1386
f 1487//1387 1561//1387 984//1387
f 1562//1388 904//1388 903//1388
f 1563//1389 987//1389 772//1389
f 1564//1390 665//1390 834//1390
f 912//1035 420//1035 910//1035
f 1565//1391 1294//1391 663//1391
f 1566//1392 1567//1392 658//1392
f 1568//1393 774//1393 1454//1393
f 1569//1394 689//1394 691//1394
f 448//1395 911//1395 446//1395
f 1087//1396 1303//1396 1304//1396
f 996//1397 1570//1397 921//1397
f 502//1398 1307//1398 1571//1398
f 1572//1399 1260//1399 703//1399
f 1004//1400 519//1400 704//1400
f 1573//1401 699//1401 842//1401
f 942//1402 1574//1402 1089//1402
f 1575//1403 427//1403 1249//1403
f 503//1404 1007//1404 504//1404
f 1141//1405 1391//1405 712//1405
f 1392//1406 928//1406 1233//1406
f 721//1407 720//1407 1142//1407
f 1011//1408 508//1408 847//1408
f 731//1409 724//1409 1013//1409
f 507//1410 722//1410 1576//1410
f 509//1411 1577//1411 1238//1411
f 1236//1412 935//1412 1316//1412
f 1314//1413 1090//1413 1315//1413
f 796//1414 1578//1414 797//1414
f 1179//1415 1579//1415 1580//1415
f 1581//1416 737//1416 739//1416
f 1582//1417 1583//1417 1178//1417
f 749//1418 1317//1418 1020//1418
f 1404//1419 1092//1419 1405//1419
f 757//1420 759//1420 755//1420
f 1025//1421 1584//1421 1585//1421
f 516//1422 760//1422 1586//1422
f 1408//1423 1093//1423 1409//1423
f 1587//1424 1022//1424 1244//1424
f 788//1425 1588//1425 789//1425
f 1082//1426 670//1426 1589//1426
f 1098//1427 1097//1427 1590//1427
f 1591//1428 1448//1428 1177//1428
f 1513//1429 931//1429 1592//1429
f 1593//1430 1157//1430 1159//1430
f 775//1431 1036//1431 1035//1431
f 430//1432 429//1432 1037//1432
f 869//1433 1336//1433 803//1433
f 1160//1434 1594//1434 1595//1434
f 1061//1435 1258//1435 437//1435
f 443//1436 1077//1436 444//1436
f 949//1437 1184//1437 950//1437
f 449//1438 1596//1438 450//1438
f 1143//1439 793//1439 451//1439
f 1597//1440 1170//1440 787//1440
f 799//1441 541//1441 1051//1441
f 1598//1442 533//1442 1599//1442
f 1338//1443 527//1443 536//1443
f 1600//1444 1601//1444 456//1444
f 1185//1445 455//1445 1186//1445
f 1187//1446 537//1446 865//1446
f 953//1447 952//1447 866//1447
f 545//1448 547//1448 801//1448
f 870//1449 549//1449 871//1449
f 461//1450 1189//1450 1193//1450
f 1602//1451 543//1451 542//1451
f 1104//1452 954//1452 463//1452
f 462//1453 548//1453 1603//1453
f 1190//1454 552//1454 872//1454
f 1604//1455 867//1455 802//1455
f 1043//592 783//592 459//592
f 1346//1456 873//1456 1192//1456
f 554//1457 567//1457 1107//1457
f 1267//1458 955//1458 1163//1458
f 1110//1459 1605//1459 807//1459
f 1606//1460 562//1460 564//1460
f 1109//1461 957//1461 466//1461
f 1607//1462 460//1462 1266//1462
f 784//1463 1608//1463 1054//1463
f 1349//1464 556//1464 555//1464
f 1350//1465 1609//1465 958//1465
f 876//1466 566//1466 565//1466
f 1352//1467 467//1467 960//1467
f 423//1468 961//1468 963//1468
f 1197//1469 1353//1469 469//1469
f 468//1470 582//1470 1610//1470
f 1111//1471 1611//1471 577//1471
f 1196//1472 877//1472 879//1472
f 1354//1473 569//1473 878//1473
f 1355//1474 1612//1474 571//1474
f 1199//1475 472//1475 884//1475
f 1613//1476 586//1476 588//1476
f 810//1477 860//1477 439//1477
f 471//1478 813//1478 1614//1478
f 1115//1479 1615//1479 814//1479
f 589//1480 591//1480 587//1480
f 1358//1481 880//1481 1202//1481
f 962//1482 1616//1482 782//1482
f 1476//1483 1617//1483 583//1483
f 1277//1484 1248//1484 1278//1484
f 442//607 817//607 816//607
f 474//1485 605//1485 1618//1485
f 475//1486 1359//1486 600//1486
f 819//1487 601//1487 820//1487
f 1619//1488 598//1488 1620//1488
f 1621//1489 436//1489 1456//1489
f 1622//1490 885//1490 966//1490
f 887//1491 886//1491 969//1491
f 476//1492 1361//1492 1364//1492
f 1623//1493 1624//1493 612//1493
f 477//1494 617//1494 1625//1494
f 821//1495 609//1495 822//1495
f 1119//1496 614//1496 1362//1496
f 1207//1497 615//1497 1208//1497
f 481//1498 1367//1498 824//1498
f 1365//1499 978//1499 629//1499
f 1366//1500 620//1500 619//1500
f 979//1501 622//1501 980//1501
f 1626//1502 630//1502 632//1502
f 482//1503 1627//1503 483//1503
f 480//1504 621//1504 1628//1504
f 1629//1505 823//1505 1630//1505
f 1631//1506 1632//1506 825//1506
f 1213//1507 1123//1507 1212//1507
f 634//1508 641//1508 1072//1508
f 625//1509 1633//1509 833//1509
f 626//1510 1028//1510 624//1510
f 1124//1511 1634//1511 828//1511
f 639//1512 1370//1512 1291//1512
f 1290//1513 982//1513 983//1513
f 1635//1514 486//1514 898//1514
f 1371//1515 899//1515 485//1515
f 901//1516 636//1516 638//1516
f 645//1517 1075//1517 646//1517
f 1372//1518 488//1518 986//1518
f 985//1519 490//1519 831//1519
f 1373//1520 1374//1520 651//1520
f 1636//1521 653//1521 830//1521
f 1637//1522 1638//1522 656//1522
f 1375//1523 1127//1523 1126//1523
f 1217//1524 654//1524 1376//1524
f 944//1525 1639//1525 945//1525
f 1182//1526 1073//1526 1181//1526
f 655//1527 1216//1527 989//1527
f 491//1528 1218//1528 1166//1528
f 660//1529 662//1529 664//1529
f 1129//1530 991//1530 909//1530
f 773//1531 1640//1531 772//1531
f 1080//1532 1641//1532 525//1532
f 1131//1533 1377//1533 493//1533
f 1642//1534 1643//1534 834//1534
f 1644//1535 777//1535 1380//1535
f 492//1536 667//1536 1645//1536
f 668//1537 657//1537 659//1537
f 681//1538 1221//1538 994//1538
f 675//1539 679//1539 992//1539
f 671//1540 1083//1540 672//1540
f 1499//1541 674//1541 1646//1541
f 1647//1542 1648//1542 682//1542
f 1649//1543 1650//1543 836//1543
f 1132//1544 496//1544 837//1544
f 1651//1545 1652//1545 526//1545
f 839//1546 778//1546 1079//1546
f 1653//1547 914//1547 913//1547
f 1222//1548 680//1548 1297//1548
f 1224//1549 685//1549 684//1549
f 919//1550 918//1550 999//1550
f 1654//1551 840//1551 1655//1551
f 857//1552 1656//1552 858//1552
f 920//1553 1657//1553 448//1553
f 1226//1554 841//1554 1383//1554
f 689//1555 686//1555 690//1555
f 1135//1556 997//1556 499//1556
f 498//1557 693//1557 1658//1557
f 1228//1558 692//1558 1302//1558
f 1659//1559 917//1559 995//1559
f 694//1560 707//1560 1000//1560
f 700//1561 702//1561 698//1561
f 1385//1562 697//1562 1660//1562
f 520//1563 1086//1563 1384//1563
f 1306//1564 1305//1564 926//1564
f 501//1565 705//1565 1661//1565
f 1137//1566 1662//1566 842//1566
f 1388//1567 924//1567 1088//1567
f 1571//1568 1138//1568 1230//1568
f 709//1569 1010//1569 1231//1569
f 1663//1570 708//1570 710//1570
f 1664//1571 1665//1571 844//1571
f 711//1572 1232//1572 1168//1572
f 1009//1573 427//1573 521//1573
f 1393//1574 1666//1574 719//1574
f 1309//1575 503//1575 1167//1575
f 728//1576 730//1576 726//1576
f 1667//1577 725//1577 727//1577
f 1395//1578 1668//1578 1015//1578
f 506//1579 1312//1579 1235//1579
f 1397//1580 1251//1580 1398//1580
f 1669//1581 1670//1581 846//1581
f 723//1582 1399//1582 1014//1582
f 734//1583 747//1583 735//1583
f 1401//1584 1671//1584 745//1584
f 1672//1585 744//1585 746//1585
f 796//1586 454//1586 1673//1586
f 1577//1587 1016//1587 742//1587
f 1147//1588 849//1588 1403//1588
f 1674//1589 739//1589 848//1589
f 1237//1590 1091//1590 934//1590
f 1400//1591 1017//1591 743//1591
f 751//1592 1149//1592 752//1592
f 1675//1593 754//1593 756//1593
f 1676//1594 748//1594 750//1594
f 1516//1595 1021//1595 1240//1595
f 1030//1596 856//1596 1094//1596
f 1318//1597 512//1597 1018//1597
f 1172//1598 1019//1598 1171//1598
f 1239//1599 1406//1599 514//1599
f 1150//1600 1677//1600 850//1600
f 763//1601 1156//1601 764//1601
f 515//1602 1243//1602 1319//1602
f 1678//1603 766//1603 768//1603
f 1679//1604 1680//1604 852//1604
f 769//1605 771//1605 767//1605
f 1173//1606 761//1606 939//1606
f 1095//965 855//965 1681//965
f 1049//1607 538//1607 1682//1607
f 1177//885 1176//885 1683//885
f 1056//1608 875//1608 1684//1608
f 1057//1609 570//1609 1685//1609
f 1065//1610 594//1610 1686//1610
f 890//1611 889//1611 1687//1611
f 947//1612 1688//1612 948//1612
f 1066//1613 892//1613 1689//1613
f 1070//1614 896//1614 1690//1614
f 1484//1615 1071//1615 1284//1615
f 1074//1616 902//1616 1691//1616
f 1078//1617 906//1617 1692//1617
f 1084//1618 1298//1618 1299//1618
f 1087//1619 923//1619 1693//1619
f 1694//1620 1254//1620 1253//1620
f 1535//1621 1695//1621 1100//1621
f 1696//1622 531//1622 1050//1622
f 1697//1623 546//1623 1052//1623
f 1698//1624 575//1624 1060//1624
f 1699//1625 590//1625 1064//1625
f 1700//1626 610//1626 1067//1626
f 1701//1627 649//1627 1076//1627
f 1702//1628 661//1628 1164//1628
f 1703//1629 687//1629 1085//1629
f 1704//1630 701//1630 1250//1630
f 1705//1631 741//1631 1090//1631
f 1706//1632 758//1632 1092//1632
f 1707//1633 770//1633 1093//1633
f 421//1634 420//1634 1161//1634
f 1321//1635 1033//1635 1247//1635
f 539//1636 1341//1636 1340//1636
f 1524//1637 1343//1637 1344//1637
f 1468//1638 1263//1638 800//1638
f 1708//1639 1191//1639 1053//1639
f 1545//1640 1709//1640 550//1640
f 465//1641 565//1641 1710//1641
f 1473//1642 424//1642 1257//1642
f 423//1643 1112//1643 560//1643
f 811//1644 574//1644 812//1644
f 1612//1645 1711//1645 572//1645
f 1114//1646 883//1646 815//1646
f 1617//1647 1712//1647 584//1647
f 965//1648 964//1648 882//1648
f 1713//1649 440//1649 1246//1649
f 1459//1650 1482//1650 441//1650
f 1359//1651 1117//1651 1203//1651
f 820//1652 967//1652 1116//1652
f 1714//1653 1422//1653 970//1653
f 1280//1654 886//1654 604//1654
f 891//1655 893//1655 606//1655
f 1481//1656 1715//1656 894//1656
f 1554//1657 431//1657 433//1657
f 789//822 977//822 484//822
f 1716//1658 1210//1658 974//1658
f 1556//1659 623//1659 981//1659
f 627//1660 629//1660 631//1660
f 1717//1661 788//1661 792//1661
f 1367//1662 1121//1662 1211//1662
f 1285//1663 622//1663 897//1663
f 1558//1664 1718//1664 1368//1664
f 1719//1665 863//1665 1460//1665
f 1289//1666 1720//1666 1490//1666
f 487//1667 486//1667 1721//1667
f 648//1668 650//1668 652//1668
f 987//1669 1722//1669 445//1669
f 1427//1670 647//1670 1214//1670
f 1495//1671 1562//1671 903//1671
f 1166//1672 907//1672 1165//1672
f 1296//1673 1723//1673 1498//1673
f 1568//1674 838//1674 774//1674
f 1431//1675 673//1675 1381//1675
f 921//653 447//653 1259//653
f 1435//1676 696//1676 1505//1676
f 1000//1677 706//1677 1001//1677
f 1089//1678 1724//1678 522//1678
f 1387//1679 1504//1679 1002//1679
f 1389//1680 1436//1680 1390//1680
f 703//1681 1260//1681 1047//1681
f 1003//1682 1725//1682 1004//1682
f 505//1683 504//1683 1726//1683
f 1391//1684 1141//1684 1139//1684
f 1394//1685 719//1685 716//1685
f 1142//1686 1007//1686 929//1686
f 1329//1687 733//1687 1512//1687
f 1727//1688 722//1688 724//1688
f 793//1689 1728//1689 794//1689
f 1235//1690 1145//1690 1234//1690
f 508//1691 507//1691 1310//1691
f 1729//1692 452//1692 1463//1692
f 1518//1693 1169//1693 453//1693
f 1146//1694 1016//1694 511//1694
f 510//1695 744//1695 1730//1695
f 513//1696 748//1696 1731//1696
f 1151//1697 514//1697 851//1697
f 1240//1698 936//1698 1732//1698
f 1331//1699 753//1699 1241//1699
f 1538//1700 1733//1700 855//1700
f 787//1701 786//1701 1024//1701
f 1154//1702 517//1702 853//1702
f 1245//1703 1734//1703 1410//1703
f 1522//1704 1735//1704 762//1704
f 1027//1705 1173//1705 1174//1705
f 940//1706 763//1706 765//1706
f 432//765 1068//765 1038//765
f 1103//1707 457//1707 1736//1707
f 1261//1708 798//1708 1464//1708
f 535//1709 534//1709 1051//1709
f 1270//1710 580//1710 467//1710
f 809//1711 1737//1711 810//1711
f 971//1712 1738//1712 780//1712
f 829//1713 635//1713 1072//1713
f 1130//1714 835//1714 1377//1714
f 1082//1715 1497//1715 1295//1715
f 1133//1716 495//1716 1739//1716
f 713//1717 715//1717 709//1717
f 1144//1718 847//1718 1311//1718
f 1453//1719 1158//1719 1157//1719
f 1320//1720 868//1720 1520//1720
f 1152//1721 516//1721 1740//1721
f 1333//1722 1741//1722 1334//1722
f 1742//1723 1743//1723 1098//1723
f 1744//1724 1745//1724 558//1724
f 1746//1725 1747//1725 602//1725
f 1748//1726 1749//1726 628//1726
f 1750//1727 1751//1727 643//1727
f 1752//1728 1753//1728 678//1728
f 1754//1729 1755//1729 714//1729
f 1756//1730 1757//1730 729//1730
f 1101//1731 1031//1731 1099//1731
f 553//1732 1252//1732 1758//1732
f 1759//1733 916//1733 1760//1733
f 1088//1734 925//1734 1761//1734
f 1249//1735 1008//1735 1762//1735
f 1328//1736 718//1736 1763//1736
f 1764//1737 931//1737 1765//1737
f 1766//1738 736//1738 1767//1738
f 1768//1739 1449//1739 1537//1739
f 1769//1740 937//1740 1770//1740
f 1771//1741 941//1741 1772//1741
f 1447//1742 1100//1742 1773//1742
f 1322//1743 523//1743 1774//1743
f 1181//1744 832//1744 429//1744
f 827//1745 826//1745 624//1745
f 785//1746 1169//1746 1775//1746
f 1521//1747 1033//1747 1776//1747
f 1183//1748 1292//1748 1077//1748
f 1143//1749 450//1749 795//1749
f 531//1750 1777//1750 1523//1750
f 1543//1751 1097//1751 1096//1751
f 1336//1752 1778//1752 1042//1752
f 1779//1753 1188//1753 864//1753
f 1780//1754 1334//1754 1781//1754
f 1782//1755 538//1755 1783//1755
f 1337//1756 527//1756 1338//1756
f 1034//1757 1784//1757 1544//1757
f 1345//1758 458//1758 1785//1758
f 546//1759 1786//1759 1412//1759
f 1469//1760 1787//1760 542//1760
f 1546//1761 1325//1761 1324//1761
f 1104//1762 463//1762 544//1762
f 1105//1763 1106//1763 1788//1763
f 1789//1764 553//1764 1790//1764
f 806//1765 550//1765 870//1765
f 566//1766 1162//1766 956//1766
f 1525//1767 1347//1767 559//1767
f 1471//1768 807//1768 1791//1768
f 1177//1769 1792//1769 1591//1769
f 1266//1770 422//1770 1793//1770
f 1265//1771 1055//1771 557//1771
f 1549//1772 1415//1772 861//1772
f 1110//1773 1108//1773 1794//1773
f 1795//1774 1194//1774 955//1774
f 1796//1775 875//1775 1797//1775
f 959//1776 469//1776 579//1776
f 573//1777 1062//1777 878//1777
f 1268//1778 1060//1778 1269//1778
f 1059//1779 1798//1779 961//1779
f 1799//1780 1800//1780 575//1780
f 439//1781 438//1781 1113//1781
f 1198//1782 1801//1782 1354//1782
f 1802//1783 570//1783 1803//1783
f 1475//1784 814//1784 1804//1784
f 590//1785 1805//1785 1420//1785
f 1063//1786 471//1786 1806//1786
f 1807//1787 1200//1787 880//1787
f 1201//1788 470//1788 1202//1788
f 1257//1789 434//1789 1808//1789
f 1809//1790 594//1790 1810//1790
f 473//1791 1279//1791 1206//1791
f 889//1792 1528//1792 1811//1792
f 888//1793 595//1793 597//1793
f 948//1794 442//1794 946//1794
f 1204//1795 1812//1795 1360//1795
f 1622//1796 1813//1796 885//1796
f 1480//1797 893//1797 1281//1797
f 1361//1798 476//1798 973//1798
f 610//1799 1814//1799 1529//1799
f 1119//1800 1209//1800 1815//1800
f 1816//1801 892//1801 1817//1801
f 1069//1802 975//1802 607//1802
f 1120//1803 481//1803 824//1803
f 895//1804 618//1804 620//1804
f 1818//1805 896//1805 1819//1805
f 1122//1806 1820//1806 1366//1806
f 634//1807 644//1807 641//1807
f 1125//1808 487//1808 1821//1808
f 1488//1809 828//1809 1822//1809
f 1823//1810 902//1810 1824//1810
f 1487//1811 984//1811 1288//1811
f 1636//1812 830//1812 1825//1812
f 1826//1813 1827//1813 649//1813
f 489//1814 656//1814 1638//1814
f 1293//1815 905//1815 1078//1815
f 1828//1816 906//1816 1829//1816
f 1830//1817 1215//1817 988//1817
f 1455//1818 428//1818 1831//1818
f 1218//1819 491//1819 990//1819
f 661//1820 1832//1820 1428//1820
f 670//1821 1429//1821 1833//1821
f 1541//1822 419//1822 421//1822
f 1834//1823 773//1823 912//1823
f 1565//1824 663//1824 1496//1824
f 1498//1825 669//1825 908//1825
f 1566//1826 658//1826 657//1826
f 1220//1827 1430//1827 677//1827
f 494//1828 1379//1828 1297//1828
f 1646//1829 674//1829 676//1829
f 1835//1830 1081//1830 448//1830
f 1836//1831 1500//1831 951//1831
f 678//1832 1837//1832 1256//1832
f 1134//1833 1649//1833 836//1833
f 1838//1834 1223//1834 993//1834
f 915//1835 671//1835 673//1835
f 687//1836 1839//1836 1533//1836
f 1840//1837 425//1837 1575//1837
f 858//1838 1841//1838 942//1838
f 1382//1839 497//1839 997//1839
f 1226//1840 1136//1840 1842//1840
f 1300//1841 1085//1841 1301//1841
f 922//1842 683//1842 685//1842
f 1843//1843 923//1843 1844//1843
f 1845//1844 1225//1844 998//1844
f 1659//1845 1846//1845 917//1845
f 1227//1846 692//1846 1228//1846
f 1386//1847 700//1847 697//1847
f 1847//1848 518//1848 1384//1848
f 1307//1849 502//1849 1006//1849
f 1848//1850 1849//1850 701//1850
f 1573//1851 842//1851 1850//1851
f 1137//1852 843//1852 1305//1852
f 1851//1853 1308//1853 1138//1853
f 1852//1854 925//1854 1853//1854
f 1854//1855 1661//1855 705//1855
f 1229//1856 706//1856 500//1856
f 714//1857 1855//1857 1327//1857
f 1140//1858 1047//1858 451//1858
f 845//1859 710//1859 1231//1859
f 1856//1860 1233//1860 927//1860
f 1857//1861 718//1861 1858//1861
f 1312//1862 506//1862 1012//1862
f 1859//1863 729//1863 1251//1863
f 930//1864 731//1864 733//1864
f 1860//1865 1861//1865 1254//1865
f 1862//1866 1313//1866 1145//1866
f 1399//1867 932//1867 1234//1867
f 1863//1868 1401//1868 1402//1868
f 1179//1869 1864//1869 1579//1869
f 1865//1870 1866//1870 741//1870
f 1147//1871 1148//1871 1867//1871
f 1315//1872 1090//1872 740//1872
f 1674//1873 848//1873 1868//1873
f 1582//1874 1178//1874 1869//1874
f 1870//1875 1316//1875 1091//1875
f 1515//1876 850//1876 1871//1876
f 856//1877 1031//1877 854//1877
f 758//1878 1872//1878 1442//1878
f 1873//1879 1449//1879 1451//1879
f 1172//1880 938//1880 512//1880
f 756//1881 755//1881 1151//1881
f 1874//1882 1242//1882 1019//1882
f 1149//1883 1020//1883 752//1883
f 1243//1884 515//1884 1023//1884
f 1446//1885 1587//1885 1244//1885
f 1584//1886 1025//1886 1875//1886
f 1876//1887 1877//1887 770//1887
f 1155//1888 1679//1888 852//1888
f 1878//1889 941//1889 1879//1889
f 1159//1890 1438//1890 1593//1890
f 943//1891 1089//1891 521//1891
f 1035//626 857//626 426//626
f 524//1892 839//1892 1079//1892
f 430//1893 945//1893 778//1893
f 432//1894 1039//1894 779//1894
f 435//1895 1040//1895 781//1895
f 459//1896 804//1896 1043//1896
f 869//1897 868//1897 1880//1897
f 859//1898 1061//1898 860//1898
f 437//1899 1258//1899 1881//1899
f 441//1900 1482//1900 976//1900
f 1046//1901 862//1901 790//1901
f 1048//1902 454//1902 795//1902
f 1262//1903 530//1903 798//1903
f 799//1904 532//1904 541//1904
f 536//1905 529//1905 537//1905
f 1598//1906 534//1906 533//1906
f 1465//1907 1600//1907 528//1907
f 1247//1908 786//1908 1457//1908
f 1882//1909 867//1909 1604//1909
f 1339//1910 1103//1910 1102//1910
f 457//1911 456//1911 1601//1911
f 1185//1912 952//1912 455//1912
f 1188//1913 1883//1913 1187//1913
f 953//1914 866//1914 865//1914
f 1467//1915 543//1915 1602//1915
f 1189//1916 461//1916 954//1916
f 1193//1917 1053//1917 1192//1917
f 800//1918 545//1918 801//1918
f 1191//1919 1884//1919 1190//1919
f 1709//1920 1603//1920 548//1920
f 1344//1921 805//1921 551//1921
f 806//1922 872//1922 552//1922
f 1346//1923 549//1923 873//1923
f 554//1924 1107//1924 555//1924
f 1264//1925 562//1925 1606//1925
f 1325//1926 1176//1926 1175//1926
f 464//1927 1347//1927 1267//1927
f 1594//1928 1160//1928 1416//1928
f 564//1929 563//1929 1109//1929
f 1108//1930 1348//1930 466//1930
f 1608//1931 1547//1931 1054//1931
f 1417//1932 556//1932 1349//1932
f 1607//1933 458//1933 460//1933
f 1609//1934 567//1934 958//1934
f 1056//1935 1350//1935 1351//1935
f 1268//1936 811//1936 1474//1936
f 1356//1937 568//1937 1057//1937
f 1058//1938 1548//1938 861//1938
f 1197//1939 468//1939 1885//1939
f 1526//1940 1352//1940 576//1940
f 1550//1941 578//1941 577//1941
f 1111//1942 579//1942 1353//1942
f 1886//1943 1198//1943 877//1943
f 1195//1944 581//1944 580//1944
f 1711//1945 582//1945 572//1945
f 1272//1946 586//1946 1613//1946
f 1274//1947 592//1947 1065//1947
f 1273//1948 1064//1948 589//1948
f 472//1949 1199//1949 1358//1949
f 1115//1950 815//1950 1271//1950
f 587//1951 591//1951 884//1951
f 1418//1952 1616//1952 962//1952
f 1527//1953 593//1953 1357//1953
f 1712//1954 1614//1954 813//1954
f 585//1955 965//1955 881//1955
f 1553//1956 599//1956 1619//1956
f 1477//1957 817//1957 1887//1957
f 1246//1958 440//1958 1044//1958
f 1278//1959 601//1959 819//1959
f 1117//1960 474//1960 1888//1960
f 1206//1961 968//1961 1205//1961
f 1116//1962 967//1962 475//1962
f 1478//1963 1620//1963 598//1963
f 782//1964 1714//1964 970//1964
f 1621//1965 434//1965 436//1965
f 1813//1966 1618//1966 605//1966
f 1276//1967 966//1967 888//1967
f 887//1968 969//1968 596//1968
f 1479//1969 612//1969 1624//1969
f 1889//1970 947//1970 789//1970
f 478//1971 1362//1971 614//1971
f 1282//1972 821//1972 1555//1972
f 1283//1973 1067//1973 609//1973
f 822//1974 973//1974 1118//1974
f 1210//1975 1890//1975 1363//1975
f 1364//1976 974//1976 1208//1976
f 1483//1977 1631//1977 1068//1977
f 1456//1978 431//1978 1891//1978
f 1715//1979 1625//1979 617//1979
f 616//1980 1207//1980 975//1980
f 479//1981 1365//1981 1213//1981
f 1626//1982 632//1982 1629//1982
f 1892//1983 1627//1983 482//1983
f 1485//1984 1630//1984 823//1984
f 1211//1985 1121//1985 1893//1985
f 1045//594 788//594 484//594
f 631//1986 978//1986 1120//1986
f 1894//1987 1122//1987 1123//1987
f 1632//1988 1486//1988 826//1988
f 1423//1989 433//1989 1029//1989
f 1557//1990 621//1990 623//1990
f 1287//1991 895//1991 1070//1991
f 1285//1992 897//1992 1212//1992
f 1368//1993 1531//1993 642//1993
f 900//1994 899//1994 983//1994
f 1559//1995 633//1995 635//1995
f 791//1996 1895//1996 792//1996
f 626//614 625//614 832//614
f 1255//1997 1370//1997 644//1997
f 1369//1998 1125//1998 1124//1998
f 1426//1999 638//1999 1490//1999
f 1896//2000 1289//2000 982//2000
f 1291//2001 485//2001 639//2001
f 1489//2002 1073//2002 1182//2002
f 1561//2003 898//2003 984//2003
f 1214//2004 647//2004 646//2004
f 1373//2005 651//2005 1491//2005
f 445//2006 1722//2006 1560//2006
f 488//2007 1372//2007 1376//2007
f 1127//2008 489//2008 1897//2008
f 1374//2009 1076//2009 648//2009
f 653//2010 652//2010 985//2010
f 1126//2011 831//2011 1375//2011
f 1494//2012 1639//2012 944//2012
f 1216//2013 654//2013 1217//2013
f 1075//2014 655//2014 989//2014
f 905//2015 903//2015 645//2015
f 1294//2016 1164//2016 660//2016
f 664//2017 662//2017 990//2017
f 1564//2018 834//2018 1643//2018
f 772//2019 444//2019 1161//2019
f 1131//2020 492//2020 1898//2020
f 1462//2021 419//2021 1899//2021
f 910//2022 950//2022 911//2022
f 835//2023 665//2023 1128//2023
f 1900//2024 1296//2024 907//2024
f 1219//2025 666//2025 1165//2025
f 1641//2026 1651//2026 525//2026
f 1644//2027 428//2027 777//2027
f 1567//2028 667//2028 658//2028
f 668//2029 659//2029 669//2029
f 1647//2030 682//2030 914//2030
f 1133//2031 1378//2031 496//2031
f 951//2032 1086//2032 446//2032
f 837//2033 676//2033 1132//2033
f 677//2034 679//2034 675//2034
f 1223//2035 1901//2035 1381//2035
f 1652//2036 1503//2036 1036//2036
f 1380//2037 838//2037 1902//2037
f 1298//2038 1653//2038 913//2038
f 1083//2039 681//2039 994//2039
f 1221//2040 680//2040 1222//2040
f 919//2041 999//2041 684//2041
f 1569//2042 691//2042 1654//2042
f 1454//2043 774//2043 776//2043
f 686//2044 688//2044 690//2044
f 1903//2045 920//2045 921//2045
f 1502//2046 1655//2046 840//2046
f 499//2047 1383//2047 841//2047
f 1225//2048 1904//2048 1224//2048
f 1846//2049 1658//2049 693//2049
f 1304//2050 995//2050 922//2050
f 924//2051 694//2051 696//2051
f 1570//2052 996//2052 1433//2052
f 520//2053 519//2053 1259//2053
f 1306//2054 501//2054 1905//2054
f 1005//2055 926//2055 843//2055
f 698//2056 702//2056 1006//2056
f 1308//2057 1906//2057 1505//2057
f 1387//2058 1002//2058 1388//2058
f 1230//2059 500//2059 1571//2059
f 1534//2060 717//2060 1392//2060
f 1506//2061 844//2061 1665//2061
f 1389//2062 708//2062 1663//2062
f 703//2063 518//2063 1572//2063
f 522//2064 1907//2064 1508//2064
f 1390//2065 1908//2065 713//2065
f 1232//2066 711//2066 1010//2066
f 1139//2067 1141//2067 1909//2067
f 1910//2068 1596//2068 449//2068
f 1140//2069 1003//2069 704//2069
f 1666//2070 1507//2070 720//2070
f 1394//2071 716//2071 1911//2071
f 721//2072 1142//2072 928//2072
f 929//2073 1309//2073 1167//2073
f 1013//2074 723//2074 1014//2074
f 1667//2075 727//2075 1510//2075
f 1513//2076 1395//2076 1396//2076
f 794//2077 1728//2077 1509//2077
f 1310//2078 507//2078 1912//2078
f 797//2079 1578//2079 1511//2079
f 1398//2080 728//2080 725//2080
f 726//2081 1012//2081 1011//2081
f 1144//2082 1669//2082 846//2082
f 1313//2083 1913//2083 1512//2083
f 1668//2084 724//2084 1015//2084
f 1440//2085 1577//2085 742//2085
f 933//2086 1017//2086 934//2086
f 1314//2087 737//2087 1581//2087
f 1671//2088 746//2088 745//2088
f 1914//2089 796//2089 1673//2089
f 739//2090 738//2090 1146//2090
f 511//2091 1403//2091 849//2091
f 1583//2092 1323//2092 1178//2092
f 1238//2093 743//2093 509//2093
f 1316//2094 1915//2094 1236//2094
f 1695//2095 1916//2095 1100//2095
f 1180//886 1179//886 1580//886
f 747//2096 935//2096 735//2096
f 1517//2097 750//2097 1021//2097
f 1404//2098 754//2098 1675//2098
f 453//2099 1597//2099 1439//2099
f 1405//2100 1092//2100 757//2100
f 1239//2101 513//2101 1917//2101
f 1150//2102 851//2102 1406//2102
f 755//2103 759//2103 1018//2103
f 1242//2104 1918//2104 1241//2104
f 1733//2105 1919//2105 855//2105
f 1920//2106 1031//2106 1445//2106
f 936//2107 751//2107 753//2107
f 1317//2108 749//2108 938//2108
f 1678//2109 768//2109 1519//2109
f 1024//2110 1153//2110 1521//2110
f 1320//2111 1030//2111 1094//2111
f 1409//2112 1093//2112 769//2112
f 767//2113 1023//2113 1154//2113
f 1155//2114 853//2114 1407//2114
f 1921//2115 1245//2115 1026//2115
f 1174//2116 939//2116 1319//2116
f 1410//2117 765//2117 764//2117
f 1735//2118 760//2118 762//2118
f 1922//2119 628//2119 1071//2119
f 1084//2120 916//2120 1923//2120
f 1098//2121 1743//2121 1326//2121
f 1924//2122 558//2122 1055//2122
f 818//2123 1113//2123 816//2123
f 1925//2124 602//2124 1248//2124
f 1926//2125 1008//2125 1322//2125
f 930//2126 931//2126 1927//2126
f 1330//2127 736//2127 1928//2127
f 459//902 784//902 1041//902
f 1183//2128 1077//2128 443//2128
f 1929//2129 1050//2129 1261//2129
f 1543//2130 1542//2130 1930//2130
f 1696//2131 1931//2131 531//2131
f 1466//2132 1932//2132 1599//2132
f 1340//2133 864//2133 1186//2133
f 1051//2134 540//2134 535//2134
f 1933//2135 1337//2135 1049//2135
f 538//2136 1411//2136 1783//2136
f 1934//2137 1052//2137 1468//2137
f 1034//2138 1321//2138 1935//2138
f 1936//2139 1786//2139 546//2139
f 1105//2140 544//2140 1342//2140
f 1106//2141 462//2141 1788//2141
f 1042//2142 1937//2142 783//2142
f 1590//2143 1938//2143 1098//2143
f 802//2144 869//2144 803//2144
f 1939//2145 553//2145 1758//2145
f 1472//2146 1710//2146 565//2146
f 1940//2147 1414//2147 1413//2147
f 1605//2148 1791//2148 807//2148
f 1194//2149 1941//2149 1349//2149
f 1547//2150 1942//2150 561//2150
f 1163//2151 955//2151 956//2151
f 1419//2152 569//2152 1354//2152
f 1611//2153 1551//2153 577//2153
f 812//2154 960//2154 959//2154
f 1270//2155 877//2155 1196//2155
f 1112//2156 460//2156 560//2156
f 1355//2157 571//2157 1356//2157
f 1062//2158 879//2158 878//2158
f 1737//2159 809//2159 1943//2159
f 1699//2160 1944//2160 590//2160
f 815//2161 588//2161 1114//2161
f 1615//2162 1804//2162 814//2162
f 1200//2163 1945//2163 1357//2163
f 424//2164 423//2164 963//2164
f 1476//2165 583//2165 1274//2165
f 1246//2166 438//2166 1458//2166
f 972//683 971//683 779//683
f 1421//2167 1279//2167 603//2167
f 1203//2168 600//2168 1359//2168
f 1946//2169 1204//2169 968//2169
f 1947//2170 889//2170 1811//2170
f 1948//2171 1275//2171 890//2171
f 1280//2172 604//2172 1205//2172
f 891//2173 606//2173 608//2173
f 1700//2174 1949//2174 610//2174
f 1209//2175 477//2175 1815//2175
f 892//2176 1530//2176 1817//2176
f 1066//2177 1480//2177 1281//2177
f 618//2178 979//2178 619//2178
f 1284//2179 1071//2179 627//2179
f 1286//2180 1556//2180 981//2180
f 1484//2181 630//2181 1626//2181
f 628//2182 1749//2182 1424//2182
f 480//2183 1628//2183 1950//2183
f 1460//2184 483//2184 1627//2184
f 1423//2185 1028//2185 1951//2185
f 896//2186 1425//2186 1819//2186
f 636//2187 900//2187 637//2187
f 1288//2188 901//2188 1074//2188
f 1634//2189 1952//2189 1822//2189
f 1072//2190 640//2190 829//2190
f 1635//2191 1721//2191 486//2191
f 1371//2192 485//2192 1290//2192
f 1562//2193 1637//2193 904//2193
f 1461//2194 863//2194 1719//2194
f 488//2195 490//2195 986//2195
f 1492//2196 1953//2196 1825//2196
f 649//2197 1827//2197 1532//2197
f 1633//2198 1494//2198 833//2198
f 1215//2199 1954//2199 1214//2199
f 772//2200 1640//2200 1563//2200
f 1702//2201 1955//2201 661//2201
f 1462//2202 1184//2202 949//2202
f 1130//2203 1642//2203 834//2203
f 1956//2204 670//2204 1833//2204
f 1493//2205 1641//2205 1080//2205
f 1957//2206 1497//2206 1082//2206
f 658//2207 991//2207 1129//2207
f 1499//2208 1958//2208 1220//2208
f 1081//2209 1959//2209 912//2209
f 495//2210 1648//2210 1960//2210
f 1379//2211 494//2211 992//2211
f 1501//2212 836//2212 1650//2212
f 1299//2213 915//2213 1084//2213
f 1136//2214 498//2214 1842//2214
f 497//2215 1382//2215 1302//2215
f 1961//2216 1839//2216 687//2216
f 1300//2217 689//2217 1569//2217
f 1656//2218 1841//2218 858//2218
f 923//2219 1432//2219 1844//2219
f 1962//2220 1303//2220 1087//2220
f 1227//2221 918//2221 692//2221
f 1660//2222 699//2222 1573//2222
f 1385//2223 1963//2223 1386//2223
f 1504//2224 1854//2224 707//2224
f 701//2225 1849//2225 1434//2225
f 1662//2226 1850//2226 842//2226
f 1575//2227 425//2227 427//2227
f 505//2228 1726//2228 1964//2228
f 712//2229 1391//2229 845//2229
f 1233//2230 1965//2230 1392//2230
f 1168//2231 503//2231 711//2231
f 1009//2232 1008//2232 1249//2232
f 1437//2233 1312//2233 730//2233
f 1727//2234 1576//2234 722//2234
f 1694//2235 1966//2235 1254//2235
f 1453//2236 1452//2236 1967//2236
f 1672//2237 1730//2237 744//2237
f 1463//2238 452//2238 1048//2238
f 1148//2239 510//2239 1867//2239
f 1514//2240 1868//2240 848//2240
f 1402//2241 734//2241 1863//2241
f 1400//2242 743//2242 1237//2242
f 736//2243 1441//2243 1767//2243
f 1676//2244 1731//2244 748//2244
f 1450//2245 1449//2245 1768//2245
f 1170//2246 1169//2246 785//2246
f 1968//2247 1872//2247 758//2247
f 1677//2248 1871//2248 850//2248
f 1732//2249 1516//2249 1240//2249
f 1171//2250 1019//2250 1020//2250
f 787//724 1025//724 1585//724
f 1539//1754 1334//1754 1780//1754
f 1444//2251 1243//2251 771//2251
f 516//2252 1586//2252 1969//2252
f 1408//2253 766//2253 1678//2253
f 941//2254 1335//2254 1772//2254
f 1587//2255 1522//2255 1022//2255
f 1156//2256 1027//2256 764//2256
f 1970//2257 643//2257 1531//2257
f 937//2258 1331//2258 1770//2258
f 1159//2259 1158//2259 1253//2259
f 776//2260 775//2260 1035//2260
f 1037//2261 944//2261 430//2261
f 1776//2262 1033//2262 1032//2262
f 1523//2263 1341//2263 532//2263
f 1343//2264 1545//2264 805//2264
f 1469//2265 1971//2265 1787//2265
f 1412//2266 1189//2266 547//2266
f 1972//2267 1470//2267 783//2267
f 1192//2268 1053//2268 871//2268
f 1177//2269 1324//2269 1175//2269
f 558//2270 1745//2270 1525//2270
f 1110//2271 808//2271 1348//2271
f 1595//2272 1594//2272 1973//2272
f 1347//2273 464//2273 957//2273
f 1108//2274 465//2274 1794//2274
f 874//2275 554//2275 556//2275
f 1162//2276 566//2276 876//2276
f 1684//2277 875//2277 1796//2277
f 1793//2278 422//2278 1473//2278
f 1548//2279 1058//2279 1552//2279
f 468//2280 1610//2280 1974//2280
f 1698//2281 1799//2281 575//2281
f 1942//2282 1975//2282 1059//2282
f 570//2283 1419//2283 1803//2283
f 1976//2284 809//2284 818//2284
f 1063//2285 1271//2285 883//2285
f 1201//2286 964//2286 470//2286
f 594//2287 1527//2287 1810//2287
f 1617//2288 584//2288 583//2288
f 1202//2289 880//2289 882//2289
f 1277//2290 819//2290 1553//2290
f 948//2291 1688//2291 1977//2291
f 1978//2292 1746//2292 602//2292
f 1481//2293 894//2293 893//2293
f 1623//2294 1979//2294 1624//2294
f 1529//2295 1361//2295 611//2295
f 1555//2296 613//2296 1479//2296
f 1738//2297 1483//2297 780//2297
f 1364//2298 615//2298 476//2298
f 1068//2299 1631//2299 825//2299
f 1123//2300 619//2300 980//2300
f 1558//2301 1368//2301 633//2301
f 1980//2302 1750//2302 643//2302
f 902//2303 1426//2303 1824//2303
f 1692//2304 906//2304 1828//2304
f 1495//2305 903//2305 1293//2305
f 1981//2306 1164//2306 1565//2306
f 1128//2307 990//2307 493//2307
f 1165//2308 907//2308 909//2308
f 1567//2309 1645//2309 667//2309
f 1752//2310 678//2310 1430//2310
f 1134//2311 1133//2311 1739//2311
f 525//2312 1651//2312 526//2312
f 1381//2313 673//2313 672//2313
f 1982//2314 916//2314 1759//2314
f 448//2315 1657//2315 1835//2315
f 690//2316 997//2316 1135//2316
f 694//2317 1000//2317 695//2317
f 1983//2318 1250//2318 1385//2318
f 996//2319 519//2319 1004//2319
f 1841//2320 1574//2320 942//2320
f 925//2321 1435//2321 1853//2321
f 706//2322 1229//2322 1001//2322
f 709//2323 715//2323 1010//2323
f 1328//2324 1393//2324 1394//2324
f 1754//2325 714//2325 1436//2325
f 1664//2326 1984//2326 1665//2326
f 523//1301 1508//1301 1774//1301
f 718//2327 1534//2327 1858//2327
f 731//2328 1013//2328 732//2328
f 1510//2329 846//2329 1670//2329
f 1985//2330 1251//2330 1397//2330
f 1235//2331 932//2331 506//2331
f 508//2332 1311//2332 847//2332
f 1859//2333 1756//2333 729//2333
f 1592//2334 931//2334 1764//2334
f 1705//2335 1865//2335 741//2335
f 1315//2336 740//2336 737//2336
f 1442//2337 1318//2337 759//2337
f 1537//2338 1536//2338 1986//2338
f 1987//2339 937//2339 1769//2339
f 1519//2340 852//2340 1680//2340
f 1244//2341 940//2341 1446//2341
f 868//2342 1095//2342 1880//2342
f 1988//1337 1332//1337 1539//1337
f 1707//2343 1876//2343 770//2343
f 1875//2344 1025//2344 1443//2344
f 1152//2345 1407//2345 517//2345
f 762//2346 761//2346 1156//2346
f 854//2347 1101//2347 1447//2347
f 427//2348 426//2348 943//2348
f 774//2349 524//2349 775//2349
f 433//2350 432//2350 1038//2350
f 435//2351 970//2351 972//2351
f 963//677 962//677 781//677
f 1032//2352 1544//2352 1989//2352
f 977//2353 976//2353 484//2353
f 447//2354 520//2354 1259//2354
f 449//2355 1260//2355 1910//2355
f 1464//2356 534//2356 1598//2356
f 798//2357 530//2357 799//2357
f 1338//2358 536//2358 1049//2358
f 1600//2359 456//2359 528//2359
f 1990//2360 1097//2360 1543//2360
f 1542//2361 1096//2361 1326//2361
f 1931//2362 1777//2362 531//2362
f 1466//2363 1599//2363 533//2363
f 1098//2143 1938//2143 1742//2143
f 1341//2364 539//2364 541//2364
f 1261//2365 1050//2365 1262//2365
f 1102//2366 1103//2366 1736//2366
f 540//2367 1339//2367 535//2367
f 457//2368 1601//2368 1991//2368
f 1411//2369 537//2369 1187//2369
f 1883//2370 1188//2370 1779//2370
f 1186//2371 455//2371 1340//2371
f 1992//2372 1778//2372 1336//2372
f 1520//2373 867//2373 1882//2373
f 1337//2374 1465//2374 527//2374
f 529//2375 953//2375 865//2375
f 952//2376 1185//2376 866//2376
f 1682//2377 538//2377 1782//2377
f 1263//2378 1052//2378 545//2378
f 1252//2379 552//2379 1190//2379
f 1935//2380 1784//2380 1034//2380
f 804//2381 803//2381 1043//2381
f 1993//2382 1448//2382 1591//2382
f 1413//2383 1546//2383 1994//2383
f 1193//2384 873//2384 461//2384
f 1697//2385 1936//2385 546//2385
f 1468//2386 800//2386 1467//2386
f 1602//2387 542//2387 1787//2387
f 801//2388 547//2388 954//2388
f 544//2389 543//2389 1104//2389
f 1106//2390 1342//2390 463//2390
f 1995//2391 1996//2391 1042//2391
f 462//2392 1603//2392 1997//2392
f 1884//2393 1191//2393 1708//2393
f 1604//2394 802//2394 1345//2394
f 1998//2395 1343//2395 1524//2395
f 1709//2396 548//2396 550//2396
f 1344//2397 551//2397 1789//2397
f 806//2398 870//2398 872//2398
f 549//2399 1346//2399 871//2399
f 1790//2400 553//2400 1939//2400
f 1999//2401 1055//2401 1264//2401
f 1683//2402 1792//2402 1177//2402
f 1414//2403 1176//2403 1325//2403
f 1265//2404 557//2404 562//2404
f 2000//2405 1415//2405 1549//2405
f 1595//2406 1258//2406 1160//2406
f 2001//2407 1744//2407 558//2407
f 1606//2408 564//2408 1471//2408
f 563//2409 559//2409 957//2409
f 1605//2410 2002//2410 1791//2410
f 1109//2411 466//2411 808//2411
f 1470//2412 1608//2412 784//2412
f 1785//2413 458//2413 1607//2413
f 1041//2414 1054//2414 560//2414
f 1941//2415 1194//2415 1795//2415
f 1609//2416 1472//2416 567//2416
f 2003//2417 1350//2417 1056//2417
f 1351//2418 958//2418 874//2418
f 1107//2419 956//2419 555//2419
f 465//2420 1710//2420 2004//2420
f 1163//2421 876//2421 1267//2421
f 875//2422 1417//2422 1797//2422
f 568//2423 573//2423 569//2423
f 1269//2424 574//2424 811//2424
f 2005//2425 1060//2425 1268//2425
f 861//2426 1416//2426 859//2426
f 467//2427 1352//2427 1270//2427
f 469//2428 1353//2428 579//2428
f 860//2429 1061//2429 439//2429
f 575//2430 1800//2430 1526//2430
f 1474//2431 578//2431 1550//2431
f 1111//2432 1197//2432 1885//2432
f 1611//2433 2006//2433 1551//2433
f 812//2434 576//2434 960//2434
f 1801//2435 1198//2435 1886//2435
f 1195//2436 580//2436 1196//2436
f 1112//2437 422//2437 1266//2437
f 561//2438 2007//2438 1059//2438
f 2008//2439 1355//2439 1057//2439
f 1612//2440 572//2440 571//2440
f 1711//2441 1610//2441 582//2441
f 1062//2442 581//2442 879//2442
f 1685//2443 570//2443 1802//2443
f 1420//2444 1199//2444 591//2444
f 1613//2445 588//2445 1475//2445
f 2009//2446 1064//2446 1272//2446
f 1881//2447 1458//2447 437//2447
f 810//2448 1737//2448 1552//2448
f 1273//2449 589//2449 586//2449
f 1944//2450 1805//2450 590//2450
f 471//2451 1614//2451 2010//2451
f 1115//2452 1063//2452 1806//2452
f 1615//2453 2011//2453 1804//2453
f 587//2454 884//2454 1114//2454
f 592//2455 585//2455 593//2455
f 1798//2456 1418//2456 961//2456
f 1358//2457 470//2457 472//2457
f 1257//2458 424//2458 1040//2458
f 1945//2459 1200//2459 1807//2459
f 2012//2460 1476//2460 1065//2460
f 1712//2461 813//2461 584//2461
f 965//2462 882//2462 881//2462
f 1686//2463 594//2463 1809//2463
f 595//2464 887//2464 596//2464
f 1528//2465 597//2465 1360//2465
f 1275//2466 1622//2466 966//2466
f 2013//2467 2014//2467 1277//2467
f 818//2468 1477//2468 2015//2468
f 816//2469 438//2469 1044//2469
f 442//2470 441//2470 946//2470
f 1278//2471 1248//2471 601//2471
f 1887//2472 817//2472 948//2472
f 474//2473 1618//2473 2016//2473
f 1459//2474 440//2474 1713//2474
f 1206//2475 604//2475 473//2475
f 602//2476 1747//2476 1421//2476
f 1619//2477 599//2477 598//2477
f 1116//2478 475//2478 600//2478
f 1203//2479 1117//2479 1888//2479
f 1478//2480 2017//2480 1620//2480
f 820//2481 603//2481 967//2481
f 1616//2482 1714//2482 782//2482
f 1808//2483 434//2483 1621//2483
f 1812//2484 1204//2484 1946//2484
f 1687//2485 889//2485 1947//2485
f 1813//2486 605//2486 885//2486
f 1276//2487 888//2487 890//2487
f 886//2488 1280//2488 969//2488
f 606//2489 1069//2489 607//2489
f 2018//2490 1067//2490 1282//2490
f 2019//2491 947//2491 1889//2491
f 477//2492 1625//2492 2020//2492
f 789//2493 1588//2493 2021//2493
f 1949//2494 1814//2494 610//2494
f 1283//2495 609//2495 821//2495
f 614//2496 613//2496 1118//2496
f 1119//2497 1623//2497 612//2497
f 822//2498 611//2498 973//2498
f 1209//2499 1362//2499 478//2499
f 1422//2500 1738//2500 971//2500
f 1890//2501 1210//2501 1716//2501
f 1891//2502 431//2502 1554//2502
f 1456//2503 436//2503 1039//2503
f 1689//2504 892//2504 1816//2504
f 1530//2505 608//2505 1363//2505
f 2022//2506 1480//2506 1066//2506
f 1715//2507 617//2507 894//2507
f 1207//2508 616//2508 615//2508
f 1208//2509 974//2509 975//2509
f 1424//2510 1365//2510 629//2510
f 1120//2511 978//2511 481//2511
f 2023//2512 1071//2512 1484//2512
f 482//2513 1482//2513 1892//2513
f 624//2514 1029//2514 827//2514
f 792//2515 1895//2515 2024//2515
f 2025//2516 788//2516 1717//2516
f 1485//2517 2026//2517 1630//2517
f 1211//2518 824//2518 1367//2518
f 1121//2519 480//2519 1893//2519
f 1460//2520 863//2520 1046//2520
f 1045//2521 483//2521 790//2521
f 2027//2522 1748//2522 628//2522
f 1629//2523 632//2523 823//2523
f 630//2524 627//2524 631//2524
f 1820//2525 1122//2525 1894//2525
f 1213//2526 897//2526 479//2526
f 825//2527 1632//2527 826//2527
f 1690//2528 896//2528 1818//2528
f 1425//2529 620//2529 1366//2529
f 2028//2530 1286//2530 1070//2530
f 1557//2531 1628//2531 621//2531
f 1287//2532 981//2532 895//2532
f 623//2533 622//2533 979//2533
f 980//2534 1285//2534 1212//2534
f 1559//2535 635//2535 1488//2535
f 2029//2536 1718//2536 1558//2536
f 2030//2537 791//2537 1560//2537
f 1124//2538 1125//2538 1821//2538
f 1370//2539 639//2539 641//2539
f 643//2540 1751//2540 1255//2540
f 1634//2541 1822//2541 828//2541
f 640//2542 1369//2542 829//2542
f 642//2543 644//2543 634//2543
f 1486//2544 1633//2544 625//2544
f 1291//2545 982//2545 1290//2545
f 1073//2546 626//2546 1181//2546
f 1951//2547 1028//2547 1489//2547
f 1490//2548 638//2548 637//2548
f 1720//2549 1289//2549 1896//2549
f 1691//2550 902//2550 1823//2550
f 2031//2551 1487//2551 1074//2551
f 1561//2552 1635//2552 898//2552
f 487//2553 1721//2553 2032//2553
f 899//2554 1371//2554 983//2554
f 901//2555 984//2555 636//2555
f 1491//2556 653//2556 1636//2556
f 1637//2557 656//2557 904//2557
f 2033//2558 1076//2558 1373//2558
f 1461//2559 1292//2559 1183//2559
f 445//2560 862//2560 443//2560
f 1701//2561 1826//2561 649//2561
f 1722//2562 987//2562 1563//2562
f 1492//2563 1825//2563 830//2563
f 1532//2564 1372//2564 650//2564
f 489//2565 1638//2565 2034//2565
f 444//2566 421//2566 1161//2566
f 1376//2567 988//2567 1217//2567
f 1374//2568 648//2568 651//2568
f 652//2569 986//2569 985//2569
f 1126//2570 1127//2570 1897//2570
f 490//2571 1375//2571 831//2571
f 1954//2572 1215//2572 1830//2572
f 1216//2573 655//2573 654//2573
f 1639//2574 1493//2574 945//2574
f 1182//2575 429//2575 1455//2575
f 832//2576 833//2576 1037//2576
f 2035//2577 1495//2577 1078//2577
f 1075//2578 989//2578 646//2578
f 906//2579 1427//2579 1829//2579
f 905//2580 645//2580 647//2580
f 659//2581 1129//2581 908//2581
f 1496//2582 665//2582 1564//2582
f 1295//2583 668//2583 1082//2583
f 1497//2584 1566//2584 657//2584
f 1899//2585 419//2585 1541//2585
f 420//2586 949//2586 910//2586
f 778//777 1080//777 1079//777
f 1640//2587 773//2587 1834//2587
f 1955//2588 1832//2588 661//2588
f 912//2589 2036//2589 2037//2589
f 1166//2590 666//2590 491//2590
f 1428//2591 1218//2591 662//2591
f 1565//2592 2038//2592 1294//2592
f 663//2593 660//2593 664//2593
f 1642//2594 2039//2594 1643//2594
f 1130//2595 1131//2595 1898//2595
f 493//2596 1377//2596 835//2596
f 1429//2597 669//2597 1498//2597
f 1723//2598 1296//2598 1900//2598
f 1831//2599 428//2599 1644//2599
f 1589//2600 670//2600 1956//2600
f 991//2601 1219//2601 909//2601
f 492//2602 1645//2602 2040//2602
f 674//2603 677//2603 675//2603
f 1646//2604 676//2604 1501//2604
f 2041//2605 1958//2605 1499//2605
f 911//2606 950//2606 446//2606
f 2042//2607 1081//2607 2043//2607
f 495//2608 682//2608 1648//2608
f 951//2609 1184//2609 1836//2609
f 1297//2610 993//2610 1222//2610
f 1753//2611 1837//2611 678//2611
f 1256//2612 1379//2612 679//2612
f 1649//2613 2044//2613 1650//2613
f 1134//2614 837//2614 1378//2614
f 1132//2615 992//2615 496//2615
f 1901//2616 1223//2616 1838//2616
f 526//2617 1652//2617 1036//2617
f 1902//2618 838//2618 1568//2618
f 1380//2619 777//2619 839//2619
f 1653//2620 1647//2620 914//2620
f 2045//2621 1298//2621 1084//2621
f 1083//2622 994//2622 672//2622
f 1221//2623 681//2623 680//2623
f 915//2624 913//2624 671//2624
f 916//2625 1431//2625 1760//2625
f 683//2626 919//2626 684//2626
f 1654//2627 691//2627 840//2627
f 2046//2628 1085//2628 1300//2628
f 1454//2629 425//2629 1840//2629
f 1657//2630 920//2630 1903//2630
f 1383//2631 1136//2631 1226//2631
f 1384//2632 1086//2632 1500//2632
f 921//2633 1570//2633 2047//2633
f 1703//2634 1961//2634 687//2634
f 1533//2635 1382//2635 688//2635
f 1301//2636 686//2636 689//2636
f 1502//2637 2048//2637 1655//2637
f 1135//2638 499//2638 841//2638
f 1503//2639 1656//2639 857//2639
f 498//2640 1658//2640 2049//2640
f 1302//2641 998//2641 1228//2641
f 1904//2642 1225//2642 1845//2642
f 1693//2643 923//2643 1843//2643
f 1432//2644 685//2644 1224//2644
f 1303//2645 1659//2645 995//2645
f 1846//2646 693//2646 917//2646
f 1304//2647 922//2647 1087//2647
f 918//2648 1227//2648 999//2648
f 1434//2649 1307//2649 702//2649
f 1660//2650 697//2650 699//2650
f 1704//2651 1848//2651 701//2651
f 1386//2652 1250//2652 700//2652
f 501//2653 1661//2653 2050//2653
f 1572//2654 518//2654 1847//2654
f 1004//2655 2051//2655 1433//2655
f 1137//2656 1306//2656 1905//2656
f 1662//2657 2052//2657 1850//2657
f 926//2658 1305//2658 843//2658
f 698//2659 1006//2659 1005//2659
f 1388//2660 1002//2660 924//2660
f 1571//2661 500//2661 502//2661
f 1574//2662 2053//2662 1089//2662
f 1505//2663 696//2663 695//2663
f 1906//2664 1308//2664 1851//2664
f 1761//2665 925//2665 1852//2665
f 2054//2666 1387//2666 1088//2666
f 1854//2667 705//2667 707//2667
f 1230//2668 1138//2668 1001//2668
f 1327//2669 1232//2669 715//2669
f 1663//2670 710//2670 1506//2670
f 1507//2671 1726//2671 504//2671
f 2055//2672 1908//2672 1389//2672
f 1725//2673 1003//2673 1509//2673
f 703//2674 1047//2674 704//2674
f 1390//2675 713//2675 708//2675
f 1755//2676 1855//2676 714//2676
f 1139//2677 1664//2677 844//2677
f 1141//2678 505//2678 1909//2678
f 1231//2679 712//2679 845//2679
f 716//2680 721//2680 717//2680
f 1724//2681 1907//2681 522//2681
f 1965//2682 1233//2682 1856//2682
f 1168//2683 927//2683 1167//2683
f 1762//2684 1008//2684 1926//2684
f 523//2685 1009//2685 521//2685
f 1666//2686 720//2686 719//2686
f 2056//2687 1393//2687 1911//2687
f 1309//2688 1007//2688 503//2688
f 1142//2689 929//2689 928//2689
f 1763//2690 718//2690 1857//2690
f 1728//2691 793//2691 1511//2691
f 794//853 1140//853 451//853
f 1452//2692 1157//2692 1593//2692
f 797//857 1143//857 795//857
f 729//2693 1757//2693 1437//2693
f 1398//2694 2057//2694 728//2694
f 1397//2695 725//2695 1667//2695
f 726//2696 730//2696 1012//2696
f 1669//2697 2058//2697 1670//2697
f 847//2698 727//2698 1011//2698
f 1144//2699 1310//2699 1912//2699
f 2059//2700 1860//2700 1694//2700
f 1254//2701 1861//2701 1438//2701
f 2060//2702 1158//2702 1453//2702
f 1512//2703 733//2703 732//2703
f 1913//2704 1313//2704 1862//2704
f 2061//2705 1395//2705 1513//2705
f 1668//2706 1727//2706 724//2706
f 1396//2707 1015//2707 930//2707
f 507//2708 1576//2708 2062//2708
f 1234//2709 1145//2709 1014//2709
f 1399//2710 723//2710 932//2710
f 931//2711 1329//2711 1765//2711
f 1671//2712 1672//2712 746//2712
f 2063//2713 1090//2713 1314//2713
f 1578//2714 796//2714 1914//2714
f 1463//2715 450//2715 1596//2715
f 1100//2716 1916//2716 1773//2716
f 1099//2717 1031//2717 1920//2717
f 1580//2718 1579//2718 2064//2718
f 1673//2719 454//2719 1439//2719
f 1577//2720 509//2720 1016//2720
f 1518//2721 452//2721 1729//2721
f 741//2722 1866//2722 1440//2722
f 1581//2723 739//2723 1674//2723
f 740//2724 742//2724 738//2724
f 1514//2725 2065//2725 1868//2725
f 1403//2726 1148//2726 1147//2726
f 1146//2727 511//2727 849//2727
f 1402//2728 745//2728 734//2728
f 2066//2729 1583//2729 1582//2729
f 1238//2730 1091//2730 1237//2730
f 1323//2731 1864//2731 1179//2731
f 2067//2732 1695//2732 1535//2732
f 1869//2733 1178//2733 1180//2733
f 1915//2734 1316//2734 1870//2734
f 2068//2735 736//2735 1766//2735
f 1441//2736 735//2736 1236//2736
f 2069//2737 1401//2737 1330//2737
f 510//2738 1730//2738 2070//2738
f 747//2739 933//2739 935//2739
f 1017//2740 1400//2740 934//2740
f 1675//2741 756//2741 1515//2741
f 1517//2742 1676//2742 750//2742
f 2071//2743 1092//2743 1404//2743
f 1405//2744 757//2744 754//2744
f 1451//2745 1450//2745 2072//2745
f 1536//2746 1449//2746 1873//2746
f 1150//2747 1239//2747 1917//2747
f 513//2748 1731//2748 2073//2748
f 512//2749 1318//2749 1172//2749
f 1775//2750 1457//2750 785//2750
f 1170//2751 1597//2751 453//2751
f 1706//2752 1968//2752 758//2752
f 1677//2753 2074//2753 1871//2753
f 755//2754 1018//2754 1151//2754
f 514//2755 1406//2755 851//2755
f 1241//2756 753//2756 752//2756
f 1918//2757 1242//2757 1874//2757
f 2075//2758 1733//2758 1538//2758
f 2076//2759 1516//2759 1732//2759
f 936//2760 1021//2760 751//2760
f 1149//2761 749//2761 1020//2761
f 1317//2762 938//2762 1171//2762
f 1540//2763 937//2763 2077//2763
f 2078//2764 1093//2764 1408//2764
f 1585//2765 1584//2765 2079//2765
f 1334//2766 1741//2766 1781//2766
f 1679//2767 2080//2767 1680//2767
f 1153//2768 786//2768 1247//2768
f 1443//1209 1024//1209 1521//1209
f 770//2769 1877//2769 1444//2769
f 1409//2770 769//2770 766//2770
f 767//2771 771//2771 1023//2771
f 1155//2772 1152//2772 1740//2772
f 853//2773 768//2773 1154//2773
f 855//2774 1919//2774 1681//2774
f 1734//2775 1245//2775 1921//2775
f 1319//2776 1026//2776 1174//2776
f 2081//2777 1333//2777 1332//2777
f 1094//2778 856//2778 1095//2778
f 1445//2779 1030//2779 1320//2779
f 1335//2780 765//2780 1410//2780
f 2082//2781 1587//2781 1878//2781
f 1735//2782 1586//2782 760//2782
f 939//2783 516//2783 515//2783
f 761//2784 1173//2784 1027//2784
f 940//2785 1022//2785 763//2785
f 1879//2786 941//2786 1771//2786
