# Blender 5.2.2 LTS
# www.blender.org
mtllib front_right_wheel_visuals.mtl
o front_right_wheel
v 2.774211 -3.719812 2.124181
v 2.937461 -4.032772 2.307981
v 2.774211 -4.018852 1.499080
v -2.632161 0.128497 -4.204520
v -2.795561 0.146687 -4.568520
v -2.632161 -0.564393 -4.183519
v -2.632161 -0.294002 4.207780
v -2.795561 -0.312182 4.571781
v -2.632161 0.398188 4.186881
v -2.632161 -3.718852 2.125180
v -2.632161 -4.018332 1.499581
v -2.795561 -4.032042 2.309181
v -2.632161 -3.487622 -2.475920
v -2.795561 -3.781052 -2.690320
v -2.632161 -3.848452 -1.883519
v -2.632161 -1.898462 -3.798120
v -2.795561 -2.055183 -4.126819
v -2.632161 -2.497123 -3.449820
v 2.774231 0.129157 -4.204820
v 2.774221 -0.563093 -4.184020
v 2.937461 0.147377 -4.568420
v 2.774221 -1.897393 -3.799019
v 2.774221 -2.496782 -3.450419
v 2.937461 -2.053892 -4.127519
v 2.937461 -4.653762 0.149381
v 2.937461 -4.567192 0.899781
v 3.155941 -5.284300 0.168882
v 2.937461 -2.459332 3.911180
v 2.937461 -1.784142 4.249080
v 3.155941 -2.787862 4.450081
v 2.774231 1.731917 3.802180
v 2.774231 2.330777 3.454080
v 2.937461 1.888357 4.130580
v 2.774231 3.321707 2.480281
v 2.774231 3.682787 1.887980
v 2.937461 3.614557 2.694481
v 0.158660 6.662127 -1.937620
v -0.234810 6.666626 -1.924520
v -0.253240 6.812326 -1.286319
v -2.632161 2.104057 -3.597319
v -2.795561 2.292557 -3.908519
v -2.632161 1.485307 -3.908820
v 0.337130 5.707726 -3.952021
v -0.253240 6.020726 -3.456721
v -0.063160 6.501827 -3.693120
v 0.337130 4.110947 -5.619120
v -0.253240 4.567726 -5.252320
v -0.063160 4.946027 -5.632220
v 0.337130 2.059737 -6.677120
v -0.253240 2.610807 -6.478620
v -0.063160 2.845307 -6.960819
v 0.158660 -0.305913 -7.016920
v -0.253240 0.361937 -7.002720
v 0.337130 -0.223663 -7.011320
v 0.337130 -2.491813 -6.585619
v -0.253240 -1.935133 -6.767719
v -0.063160 -2.046072 -7.292320
v 0.337130 -4.498932 -5.446119
v -0.253240 -4.031493 -5.799219
v -0.063160 -4.306662 -6.259319
v 0.337130 -6.027497 -3.716220
v -0.253250 -5.699968 -4.202020
v -0.063160 -6.109558 -4.547819
v 2.774221 -3.487502 -2.476619
v 2.774221 -3.848152 -1.884920
v 2.937461 -3.780643 -2.690919
v 0.158660 -6.937501 -1.505020
v -0.234810 -6.935192 -1.518719
v -0.253250 -6.759748 -2.149319
v 0.337130 -7.056242 0.721081
v -0.253250 -7.095991 0.136381
v -0.063160 -7.631502 0.115281
v 0.337130 -6.444935 2.947681
v -0.253250 -6.672263 2.407581
v -0.063160 -7.185631 2.561481
v 0.337130 -5.144209 4.854981
v -0.253250 -5.534477 4.417982
v -0.063160 -5.970077 4.730381
v 0.337130 -3.295022 6.236381
v -0.253250 -3.805932 5.949882
v -0.063160 -4.116552 6.386881
v 0.158660 -1.017542 6.961180
v -0.253250 -1.673942 6.837181
v 0.337130 -1.097742 6.942081
v 0.158660 1.291548 6.887781
v -0.234810 1.278148 6.891080
v -0.253250 0.630458 6.983681
v 0.337130 3.376687 6.102281
v -0.253250 2.857548 6.373581
v -0.063160 3.053267 6.872780
v 0.337130 5.168927 4.647779
v -0.253240 4.766027 5.072979
v -0.063160 5.113127 5.481581
v 0.337130 6.392127 2.689781
v -0.253240 6.149027 3.222880
v -0.063160 6.609828 3.496479
v 0.337130 6.913627 0.440380
v -0.253240 6.856626 1.023680
v -0.063160 7.381327 1.132780
v 2.774221 -0.295362 4.207981
v 2.937461 -0.313622 4.571681
v 2.774221 -0.981952 4.117380
v -2.795561 1.183288 4.398581
v -3.014061 2.160987 4.699780
v -2.795561 1.888978 4.130281
v -2.795561 -2.458742 3.911580
v -3.014061 -3.481822 3.944681
v -3.014061 -2.786472 4.450881
v -1.817061 6.080527 -2.977520
v -0.849560 6.500927 -2.350620
v -1.711161 6.486626 -3.439420
v 2.811411 6.625226 -2.758420
v 2.810991 6.433626 -3.190220
v 1.921911 6.767226 -2.810720
v 0.376690 6.891626 -0.785019
v 0.991440 6.798326 -1.232621
v 0.278980 7.391027 -1.056220
v -2.669561 6.078826 -3.826920
v -1.780060 6.210326 -3.902021
v -2.669061 5.818726 -4.221320
v 0.337130 6.676926 -1.856420
v -0.063160 7.344027 -1.353620
v 0.472030 7.231228 -1.853820
v 0.376690 6.258427 -3.008420
v 0.991440 6.024927 -3.401420
v 0.278980 6.642826 -3.427120
v 2.811411 5.366126 -4.788220
v 2.810991 5.044726 -5.134420
v 1.921911 5.483427 -4.883920
v -0.234810 5.675826 -4.013020
v -0.137110 5.986027 -4.489420
v -0.849560 5.380826 -4.362220
v -2.669561 4.502526 -5.621420
v -1.780060 4.602526 -5.735120
v -2.669061 4.128546 -5.909821
v -1.711161 2.989086 -6.751320
v -0.330150 3.505017 -6.640221
v -1.780060 2.487036 -6.946519
v 2.811411 3.516516 -6.299120
v 2.810991 3.100186 -6.522120
v 1.921911 3.596437 -6.427620
v -2.795561 0.894967 -4.468419
v -3.014061 1.030687 -5.084820
v 1.958971 3.921857 -5.552721
v 1.853041 4.059457 -6.152320
v 0.991440 4.589726 -5.201420
v -0.234810 4.061016 -5.666520
v -0.137110 4.199726 -6.217820
v -0.849560 3.668707 -5.900820
v -2.669561 0.083957 -7.253819
v -1.780060 0.093047 -7.405019
v -2.669061 -0.388263 -7.251620
v -1.817061 0.795587 -6.790620
v -0.849560 1.550017 -6.799920
v -1.711161 0.631257 -7.383460
v 2.811411 1.276847 -7.127120
v 2.810991 0.810717 -7.202720
v 1.921911 1.310717 -7.274719
v 0.376690 3.073557 -6.270920
v 0.991440 2.648077 -6.437620
v 0.278990 3.119866 -6.837620
v 0.158660 1.983757 -6.709119
v -0.137110 1.949456 -7.272220
v -0.234810 1.997137 -6.705720
v -1.817061 -1.456163 -6.708019
v -0.849560 -0.745623 -6.961919
v -1.711161 -1.803973 -7.215320
v 1.958971 -0.332123 -6.842720
v 1.853041 -0.591603 -7.400480
v 0.991440 0.410527 -6.975919
v 2.811411 -1.110163 -7.182620
v 2.810991 -1.575593 -7.102720
v 1.921911 -1.126033 -7.333230
v -2.669561 -2.279553 -6.914919
v -1.780060 -2.320012 -7.060919
v -2.669061 -2.725463 -6.759419
v -1.711161 -4.052692 -6.265119
v -0.330150 -3.677583 -6.636619
v -1.780060 -4.490653 -5.951419
v 0.376690 -1.442423 -6.888219
v 0.991440 -1.880513 -6.758220
v 0.278980 -1.753743 -7.363820
v 2.811411 -3.385873 -6.459620
v 2.810991 -3.800153 -6.232819
v 1.921911 -3.449743 -6.596919
v 0.158660 -2.571423 -6.564220
v -0.234810 -2.558772 -6.569720
v -1.711161 -5.871234 -4.635919
v -0.330150 -5.636973 -5.109019
v -1.780060 -6.183647 -4.196820
v 2.811411 -5.303644 -5.036419
v 2.810991 -5.621900 -4.687419
v 1.921911 -5.408609 -5.145519
v 0.376690 -3.604572 -6.073219
v 0.991440 -3.976743 -5.807919
v 0.278980 -4.053362 -6.421919
v 0.158660 -4.567273 -5.400020
v -0.137110 -5.057193 -5.679219
v -0.234810 -4.557092 -5.409319
v -1.711161 -7.062522 -2.504019
v -0.330160 -6.994501 -3.027719
v -1.780060 -7.215532 -1.987319
v -0.234810 -6.070565 -3.662519
v -0.137110 -6.631171 -3.755319
v -0.849560 -6.271621 -3.252020
v -2.795561 -4.615862 -0.604419
v -3.014061 -5.284247 0.170481
v -2.795561 -4.653732 0.150081
v 2.811411 -6.655677 -3.067320
v 2.810991 -6.843412 -2.633718
v 1.921911 -6.790356 -3.136419
v 1.958971 -5.945751 -3.533119
v 1.853031 -6.554314 -3.620819
v 0.991440 -5.651024 -4.228118
v 1.958971 -6.775158 -1.436920
v 1.853031 -7.379201 -1.322119
v 0.991440 -6.721919 -2.189920
v -1.711161 -7.497461 -0.100720
v -0.330160 -7.603061 -0.618019
v -1.780060 -7.474502 0.437781
v 0.337130 -6.911882 -1.583419
v -0.063160 -7.259372 -2.343418
v 0.472030 -7.398131 -1.849819
v 2.811411 -7.295452 -0.765618
v 2.810991 -7.332312 -0.294518
v 1.921911 -7.445251 -0.787219
v -1.711161 -7.128922 2.313781
v -0.330160 -7.396692 1.858681
v -1.780060 -6.932471 2.815581
v 2.811411 -7.153641 1.619181
v 2.810991 -7.035641 2.076680
v 1.921911 -7.302321 1.647481
v 1.958971 -6.879362 0.815281
v 1.853031 -7.413431 1.120081
v 0.991440 -7.073372 0.085781
v 0.158660 -7.055031 0.803580
v -0.137110 -7.556652 1.061181
v -0.234810 -7.057261 0.789881
v -1.817061 -5.672251 3.955181
v -0.849560 -6.190031 3.406081
v -1.711161 -5.996847 4.477682
v 2.811411 -6.245605 3.828782
v 2.810991 -5.985529 4.223182
v 1.921911 -6.377063 3.903782
v 1.958971 -6.247061 2.979281
v 1.853031 -6.653283 3.441080
v 0.991440 -6.667309 2.352282
v 0.158660 -6.417032 3.025281
v -0.234810 -6.423566 3.013080
v -2.669561 -5.530884 4.792782
v -1.780060 -5.648185 4.888482
v -2.669161 -5.209400 5.138882
v -1.711161 -4.223901 6.156481
v -0.330160 -4.714531 5.961982
v -1.780060 -3.760821 6.431782
v 1.958971 -4.946786 4.820581
v 1.853031 -5.181138 5.389380
v 0.991440 -5.547723 4.364181
v 2.811411 -4.669751 5.623581
v 2.810991 -4.295782 5.912081
v 1.921911 -4.769742 5.737281
v 0.158660 -5.092630 4.919281
v -0.137110 -5.330324 5.430882
v -0.234810 -5.102760 4.909981
v -1.711161 -2.002222 7.168381
v -0.330160 -2.529392 7.143781
v -1.780060 -1.474902 7.278281
v 2.811411 -2.596842 6.809181
v 2.810991 -2.149512 6.960580
v 1.921911 -2.654522 6.949181
v 1.958971 -3.119442 6.139781
v 1.853031 -3.156522 6.753781
v 0.991430 -3.835942 5.903181
v 0.158660 -3.225352 6.280481
v -0.234810 -3.237982 6.274881
v -1.711161 0.427448 7.403580
v -0.330150 -0.079132 7.551581
v -1.780060 0.961858 7.336281
v 1.958971 -0.963032 6.793680
v 1.853031 -0.798842 7.386580
v 0.991440 -1.717472 6.802780
v 2.811411 -0.251512 7.257080
v 2.810991 0.220708 7.254880
v 1.921911 -0.260642 7.408180
v 2.774221 0.397588 4.187280
v 2.937461 0.441668 4.547281
v -0.234810 -1.031302 6.959981
v -0.137110 -0.891072 7.510980
v -0.849560 -0.574782 6.979280
v 1.958971 1.288738 6.711580
v 1.853031 1.636428 7.218980
v 0.991440 0.578138 6.965280
v 0.337130 1.209498 6.895781
v -0.063160 0.653578 7.519380
v 2.811411 2.112078 6.918680
v 2.810991 2.558028 6.763280
v 1.921911 2.152508 7.064681
v -2.669561 3.221498 6.462080
v -1.780060 3.285398 6.599380
v -2.669061 3.635727 6.235280
v -1.817061 2.375297 6.393581
v -0.849560 1.716198 6.761081
v -1.711161 2.801808 6.836681
v -0.234810 3.440107 6.075580
v -0.137110 3.888987 6.424180
v -0.849560 3.812217 5.810279
v 1.958971 3.391867 5.902380
v 1.853041 3.885367 6.269380
v 0.991440 2.802098 6.373181
v 2.811411 4.237828 5.830780
v 2.810991 4.609128 5.538880
v 1.921911 4.323427 5.955680
v -1.711161 4.863527 5.529181
v -0.330150 4.554627 5.957280
v -1.780060 5.243927 5.147580
v -2.669561 6.490527 3.069081
v -1.780060 6.625226 3.138079
v -2.669061 6.678127 2.635479
v 1.958971 5.118427 4.453781
v 1.853041 5.704328 4.640480
v 0.991440 4.713427 5.090680
v 2.811411 5.895327 4.111180
v 2.810991 6.151827 3.714480
v 1.921911 6.016828 4.201480
v 0.158660 5.228827 4.590980
v -0.234810 5.220327 4.601880
v -1.817061 5.780727 3.535079
v -0.849560 5.486127 4.230081
v -1.711161 6.389327 3.622580
v -0.234810 6.425826 2.629679
v -0.137110 6.994027 2.628981
v -0.849560 6.556527 2.191580
v -1.711161 7.213627 1.323680
v -0.330150 7.232728 1.851380
v -1.780060 7.279526 0.788780
v 1.958971 6.281426 2.522680
v 1.853041 6.896027 2.508880
v 0.991440 6.105027 3.256680
v 2.811411 6.905027 1.946279
v 2.810991 7.018827 1.487680
v 1.921911 7.049227 1.992179
v -0.234810 6.925927 0.372680
v -0.137110 7.463128 0.187380
v -0.849560 6.907526 -0.084121
v -1.711161 7.247327 -1.118520
v -0.330150 7.436527 -0.625620
v -1.780060 7.136026 -1.645920
v 1.958971 6.754627 0.318380
v 1.853041 7.331527 0.105680
v 0.991440 6.826026 1.069880
v 2.811411 7.157427 -0.429419
v 2.810991 7.116327 -0.900120
v 1.921911 7.308727 -0.432821
v 3.155941 -4.948198 1.849681
v 3.155941 -4.577622 2.626081
v -2.632161 -1.650792 3.911982
v -2.795561 -1.782812 4.249681
v -2.632161 -0.981252 4.117180
v -2.632161 -3.323152 2.694180
v -2.795561 -3.598832 2.927881
v -2.795561 -3.288052 -3.262419
v -3.014061 -4.291182 -3.061720
v -2.795561 -1.348803 -4.395520
v -3.014061 -2.326472 -4.696720
v -3.014061 3.315627 -3.941719
v -3.014061 2.620967 -4.447420
v 2.774231 4.091167 0.559581
v 2.774231 4.126237 -0.132820
v 2.937461 4.449827 0.608680
v 3.155941 -4.737152 -2.327919
v 3.155941 -4.290222 -3.063019
v 2.937461 -4.454042 -1.343618
v 3.155941 -5.240932 -0.689619
v 3.155941 -5.056756 -1.530020
v 3.155941 2.902237 4.266881
v 3.155941 2.159517 4.700481
v 2.937461 3.121427 3.266380
v 3.155941 4.124597 3.065880
v 3.155941 3.562837 3.717380
v 1.958971 6.486927 -1.920321
v 1.853041 6.963627 -2.308921
v 1.958971 5.507327 -3.950620
v 1.853041 5.832026 -4.473020
v -2.632161 3.157307 -2.691420
v -2.795561 3.432717 -2.924919
v -2.632161 2.665347 -3.190219
v -1.817061 4.779826 -4.818520
v -1.711161 5.014027 -5.387320
v 0.376690 4.938026 -4.905520
v 0.278990 5.165727 -5.426420
v 3.155941 -0.679483 -5.171120
v 3.155941 0.179987 -5.198820
v 1.958971 1.902436 -6.552820
v 1.853041 1.838007 -7.164720
v -0.234810 -0.292153 -7.018020
v 0.376690 0.867037 -6.956520
v 0.278980 0.726947 -7.507559
v 2.937461 -1.348143 -4.395619
v 3.155941 -2.325772 -4.697019
v 3.155941 -1.521853 -5.002519
v 1.958971 -2.539683 -6.390920
v 1.853041 -2.966093 -6.834119
v 1.958971 -4.481022 -5.246419
v 1.853041 -5.028147 -5.527019
v 0.376690 -5.385090 -4.599919
v 0.278980 -5.922736 -4.783919
v -3.014061 -5.057235 -1.528520
v -3.014061 -5.241035 -0.688819
v -2.795561 -4.454242 -1.343019
v 0.376690 -6.591040 -2.627918
v 0.278980 -7.159272 -2.627319
v 0.376690 -7.091732 -0.371018
v 0.278980 -7.628972 -0.185819
v -2.795561 -4.566902 0.901181
v -3.014061 -5.185609 1.024381
v 0.376690 -6.832922 1.926182
v 0.278980 -7.280951 2.275881
v 0.376690 -5.842635 4.014982
v 0.278980 -6.152905 4.491282
v -2.632161 -2.270092 3.600180
v -2.632161 -2.830742 3.193480
v 0.376680 -4.228201 5.668781
v 0.278980 -4.367092 6.220081
v 0.376690 -2.164562 6.708481
v 0.278980 -2.117012 7.274980
v 0.376690 0.124658 7.021381
v 0.278980 0.353478 7.541780
v 0.376690 2.391368 6.573581
v 0.278980 2.776687 6.991481
v 0.376690 4.389927 5.413580
v 0.278980 4.890027 5.683681
v 0.376690 5.903827 3.667179
v 0.278980 6.464427 3.760080
v 0.376690 6.768926 1.523480
v 0.278980 7.329327 1.429280
v -2.795561 4.449927 0.607980
v -3.014061 5.118427 -0.166820
v -2.795561 4.487827 -0.147220
v -3.014061 -1.196152 5.088181
v -3.014061 -0.344662 5.202080
v 2.937461 1.617927 -4.246019
v 2.937461 0.896367 -4.468120
v 3.155941 1.853337 -4.831619
v 2.937461 -4.615672 -0.605819
v 2.774211 -4.256552 -0.556619
v 0.395120 6.506426 -2.404320
v -0.330150 6.825626 -3.034620
v 0.205040 7.019127 -2.559920
v -2.632161 3.553497 -2.121820
v -2.632161 3.852737 -1.496720
v -2.795561 3.866357 -2.305620
v -0.615590 5.671227 -4.864720
v 0.205040 5.803126 -4.728520
v -0.330150 5.465926 -5.114620
v 0.158660 5.667426 -4.023920
v -2.669561 2.429386 -6.806520
v -2.669061 1.982027 -6.957819
v 0.158660 4.049477 -5.674020
v 0.395120 1.508067 -6.833920
v -0.330150 1.155277 -7.446030
v 0.205040 1.658347 -7.348540
v 0.395120 -0.796323 -6.980419
v -0.330150 -1.328643 -7.444779
v 0.205040 -0.821193 -7.516019
v -0.063160 0.427257 -7.534950
v 0.472030 -0.084983 -7.548379
v -0.849560 -2.969453 -6.369319
v -0.137110 -2.944182 -6.987520
v -0.615590 -3.385003 -6.774319
v -2.669561 -4.405032 -5.826519
v -2.669061 -4.776302 -5.534519
v -2.905560 -3.513912 -5.058419
v -2.669561 -6.062150 -4.106520
v -2.669061 -6.318548 -3.709719
v -1.817061 -5.285355 -4.449319
v -0.849560 -4.880477 -5.086319
v -2.669561 -7.071321 -1.941419
v -2.669061 -7.185061 -1.482820
v 0.158660 -6.077172 -3.650419
v -0.849560 -6.992122 -1.065019
v -0.137110 -7.495551 -1.424319
v -0.615590 -7.558301 -0.938519
v -2.669561 -7.323192 0.434382
v -2.669061 -7.281961 0.905082
v -1.817061 -6.652369 1.925081
v -0.849560 -6.963911 1.237481
v -2.669561 -6.790472 2.763181
v -2.669061 -6.598722 3.194980
v 0.395120 -6.186615 3.459981
v -0.330150 -6.397764 4.134281
v 0.205040 -6.666805 3.697881
v 2.937461 -3.599272 2.927281
v 2.937461 -3.070322 3.466281
v 3.155941 -4.084871 3.330281
v -1.817061 -4.086442 5.556881
v -0.849560 -4.754361 5.205781
v -2.669561 -3.680932 6.303181
v -2.669161 -3.264551 6.526081
v -0.849560 -2.812462 6.441481
v -0.137110 -3.284151 6.841581
v -0.615590 -2.828842 7.021681
v 3.155941 -2.018822 4.834981
v 3.155941 -1.197742 5.087880
v -2.669561 -1.441072 7.130681
v -2.669061 -0.974922 7.206180
v -2.669561 0.945958 7.185681
v -2.669061 1.411368 7.105681
v -0.063160 -1.825931 7.351381
v 0.395120 1.769268 6.770981
v -0.330150 2.370708 7.141281
v 0.205040 1.881888 7.295180
v -2.669561 5.138927 5.038481
v -2.669061 5.457128 4.689380
v 0.158660 3.451687 6.068080
v -0.615590 6.044227 4.388380
v 0.205040 5.944727 4.549681
v -0.330150 6.236028 4.127881
v -2.669561 7.129726 0.767179
v -2.669061 7.166527 0.296079
v 0.158660 6.430326 2.616680
v 0.158660 6.926026 0.358880
v -2.669561 6.987427 -1.617620
v -2.669061 6.869326 -2.075119
v -3.014061 0.514808 5.174280
v -2.795561 0.442348 4.547180
v -3.014061 -4.947616 1.851181
v -3.014061 -4.577232 2.626781
v 2.937461 -2.706552 -3.746319
v 3.155941 -3.729022 -3.713820
v 3.155941 -3.067762 -4.263820
v 2.774211 -3.323822 2.693981
v 2.774221 -2.831962 3.192781
v 2.774221 -2.270812 3.600081
v -0.137110 7.114527 -2.274320
v -0.615590 6.938627 -2.731521
v 0.472030 6.232826 -4.129520
v 0.395120 3.640057 -5.946620
v 0.205040 3.949197 -6.384520
v 0.472030 4.550027 -5.957620
v -1.817061 2.952147 -6.137219
v 0.757470 2.664597 -7.017819
v 0.472030 2.365167 -7.139919
v -3.014061 -0.680253 -5.171020
v -3.014061 -1.523412 -5.002019
v -2.795561 -0.608593 -4.543920
v -0.137110 -0.521103 -7.538429
v -0.615590 -1.007213 -7.480030
v -1.817061 -3.559113 -5.898319
v 0.472030 -2.534923 -7.138619
v 0.395120 -3.023422 -6.370319
v 0.205040 -3.220742 -6.868819
v -3.014061 -3.069092 -4.262920
v -3.014061 -3.729572 -3.713220
v -2.795561 -2.707112 -3.745920
v 0.472030 -4.719142 -5.955119
v 0.395120 -4.931864 -5.069819
v 0.205040 -5.280251 -5.477119
v 2.774221 -3.036052 -3.003319
v 2.937461 -3.287032 -3.263420
v 0.472030 -6.400965 -4.126120
v -0.615590 -6.848192 -3.316220
v 0.205040 -6.776555 -3.491719
v -1.817061 -6.447841 -2.517920
v 0.395120 -7.022522 -1.020419
v 0.205030 -7.547501 -1.127719
v -1.817061 -6.920591 -0.313519
v 0.757470 -7.611072 0.303681
v 0.472030 -7.602571 0.627181
v 3.155941 -5.185762 1.023680
v 0.395120 -6.978171 1.289580
v 0.205030 -7.509551 1.358581
v 0.472030 -6.992151 3.036281
v -0.137110 -6.807861 3.431881
v 0.472030 -5.633013 5.116581
v 0.395120 -4.733632 5.255581
v 0.205030 -5.110599 5.636681
v -1.817061 -2.066792 6.556581
v 3.155941 -0.345442 5.202080
v 0.472030 -3.672432 6.642582
v 0.395120 -2.776682 6.481880
v 0.205030 -3.009562 6.964781
v -0.615590 -0.401982 7.533481
v 0.205040 -0.591392 7.538280
v -1.817061 0.167838 6.845981
v 3.155941 1.356388 5.005580
v 3.155941 0.513188 5.174481
v 0.757470 -1.638312 7.377780
v 0.472030 -1.322872 7.448981
v -0.137110 1.589578 7.366681
v -2.632161 1.732357 3.801680
v -2.632161 1.085528 4.049381
v 0.472030 1.161048 7.448280
v 0.757470 3.217558 6.778379
v 0.472030 3.510167 6.640679
v -0.615590 4.288727 6.141380
v 0.205040 4.142247 6.261580
v -1.817061 4.316327 5.248580
v 0.472030 5.469927 5.113580
v -0.137110 5.757927 4.785780
v 0.472030 6.827927 3.032580
v 0.395120 6.593827 2.152580
v 0.205040 7.094027 2.344980
v -1.817061 6.609627 1.438580
v -1.817061 6.713326 -0.813621
v 0.472030 7.437027 0.623080
v 2.937461 4.487927 -0.145720
v 3.155941 5.118427 -0.166021
v 0.395120 6.930126 -0.133220
v 0.205040 7.465627 -0.113720
v -2.632161 -4.256432 -0.555220
v -2.632161 -4.110672 -1.233719
v -2.632161 4.125867 -0.134120
v -2.632161 4.090937 0.558880
v 2.937461 3.866706 -2.305020
v 2.774231 3.853497 -1.495619
v 2.774231 3.554097 -2.121421
v -2.795561 -1.061202 4.471581
v -3.014061 -2.018092 4.835280
v -2.795561 -4.357912 1.626981
v -2.795561 -4.173602 -2.044220
v -2.632161 -3.036812 -3.002220
v -2.632161 -1.251023 -4.046120
v -2.795561 1.617287 -4.246219
v -3.014061 3.918227 -3.327919
v -2.795561 2.903647 -3.463719
v 2.774221 -1.250493 -4.046620
v 2.937461 -4.172962 -2.045520
v 2.774211 -4.110772 -1.234419
v 2.774221 1.084308 4.049980
v 2.774231 2.870638 3.006581
v -2.905560 5.240127 -3.001819
v 3.047401 5.662127 -2.082821
v 0.757470 7.292828 -1.536120
v 3.047401 4.674426 -3.836420
v 0.395120 5.368626 -4.414820
v -3.014061 1.851827 -4.832220
v 3.047401 3.171147 -5.174020
v -2.905560 2.274076 -5.639919
v -2.905560 0.315627 -6.100020
v 3.155941 1.031457 -5.084720
v -3.014061 0.178367 -5.198920
v 3.047401 1.315277 -5.950819
v 2.774231 0.816457 -4.114220
v -0.615590 1.470726 -7.374940
v -0.063020 0.614887 -7.520820
v 3.047401 -0.692103 -6.082620
v -2.905560 -1.686003 -5.898920
v -2.905560 -4.970031 -3.669519
v 3.047401 -4.298452 -4.425319
v -3.014061 -4.737502 -2.327220
v -0.615590 -5.404960 -5.334419
v -2.905560 -5.896554 -1.882820
v 3.047401 -5.506621 -2.815818
v 0.757470 -7.301201 -2.158519
v -2.632161 -4.291302 0.136982
v -2.905560 -6.193081 0.108082
v -0.615590 -7.458342 1.541080
v 3.047401 -6.092497 1.111481
v 2.774211 -4.214992 0.825981
v -2.905560 -5.827479 2.087382
v -2.795561 -3.069232 3.467180
v -3.014061 -4.083822 3.331481
v 3.155941 -3.482412 3.944180
v -2.905560 -4.839367 3.840781
v -0.615590 -4.958146 5.749181
v -2.905560 -3.335821 5.178082
v 3.047401 -2.441252 5.642581
v 2.774221 -1.652162 3.911881
v -2.905560 -1.479772 5.954381
v -2.905560 0.527638 6.085681
v -3.014061 1.357138 5.005380
v 3.047401 4.803328 3.673880
v 0.395120 5.534127 4.205281
v 3.047401 5.730227 1.887480
v 3.047401 6.027226 -0.103420
v -2.632161 4.049107 -0.823320
v -2.795561 4.401127 -0.897519
v 3.155941 4.782127 -1.846820
v 2.937461 4.192427 -1.622820
v 3.155941 4.411927 -2.622519
v -2.414361 3.727967 1.167680
v -2.632161 3.682778 1.887280
v -2.632161 3.945307 1.236780
v -0.016780 6.889127 -0.800319
v -0.063020 7.376327 -1.168120
v 0.757470 6.394126 -3.849120
v -0.016780 6.251126 -3.022021
v -0.063020 6.592626 -3.528220
v -0.615590 3.780316 -6.470520
v -0.063020 5.085426 -5.505820
v 0.757470 4.793626 -5.744820
v -0.016780 4.926726 -4.916120
v -0.016780 3.059477 -6.277219
v -2.632161 0.815077 -4.114220
v 2.937461 -0.607163 -4.544119
v 0.757470 0.237857 -7.530139
v -0.016780 0.851677 -6.957920
v 0.757470 -2.223653 -7.226219
v -0.063020 -1.864033 -7.339950
v 0.757470 -4.453183 -6.139119
v -0.016780 -3.617563 -6.064819
v 0.757470 -6.209125 -4.386619
v -0.063020 -5.995116 -4.697320
v -0.195250 -6.558622 -2.685019
v 0.395120 -6.314854 -3.219619
v -0.016780 -6.596170 -2.613420
v -0.063020 -7.199621 -2.521919
v -0.016780 -7.091862 -0.355619
v -0.063020 -7.632921 -0.073019
v 0.757470 -7.105141 2.733181
v -0.615590 -6.559144 3.853881
v -0.016780 -6.828032 1.940880
v -0.063020 -7.248072 2.383980
v 0.757470 -5.838253 4.866581
v -0.063020 -6.086759 4.582781
v -0.016780 -5.833258 4.027181
v 0.757470 -3.947691 6.472881
v -0.063020 -4.274841 6.285080
v -0.016780 -2.149632 6.712381
v 0.395120 -0.527812 7.005980
v -0.016780 0.140038 7.020180
v 2.937461 1.181907 4.398981
v -0.063020 0.466188 7.536380
v -0.615590 2.059458 7.228981
v 2.937461 2.540367 3.749780
v -0.016780 2.405558 6.567481
v 0.395120 3.865628 5.802380
v 0.757470 5.237827 5.338881
v -0.016780 4.401428 5.403180
v -0.063020 4.975627 5.610180
v -0.615590 7.135827 2.160079
v -0.016780 5.911327 3.653680
v 0.757470 6.681527 3.321079
v -0.063020 7.351827 1.318679
v 2.774231 4.049527 -0.822921
v 0.757470 7.392226 0.943479
v -0.016780 6.771627 1.508281
v -0.615590 7.445127 -0.302221
v -2.632161 2.870877 3.005881
v -2.632161 2.331687 3.452980
v -2.795561 3.121917 3.265880
v 2.774231 1.486027 -3.908920
v 2.937461 -4.358152 1.626381
v 0.066980 4.203027 -6.217720
v 0.204900 4.107507 -6.282820
v 3.047401 -5.406719 3.003782
v 0.204900 -6.757640 3.532981
v 0.396760 -6.313972 3.215081
v 0.204900 1.699858 7.342781
v 0.396760 1.500728 6.834381
v 2.556190 3.727527 1.168881
v 2.774231 3.945177 1.238180
v 0.204900 7.034327 2.523480
v 0.396760 6.500027 2.412181
v 0.066980 7.464828 0.190080
v 0.204900 7.467026 0.074481
v 2.937461 2.904167 -3.463221
v 2.937461 2.293777 -3.907720
v 3.155941 3.316867 -3.940720
v -3.014061 4.571827 2.330081
v -3.014061 4.891227 1.532180
v -2.795561 4.007566 2.047780
v -2.632161 -4.214482 0.826781
v -2.414261 -3.991282 0.779781
v 2.774211 -4.291652 0.136380
v 2.556171 -2.680652 3.019181
v 0.066980 7.117026 -2.272320
v 0.204900 7.081627 -2.382320
v -0.906560 5.893126 -3.557120
v -0.195250 6.278427 -2.945920
v 1.048471 5.227326 -4.491520
v -0.906560 4.414526 -5.305920
v -0.195250 4.977226 -4.852921
v 0.204900 5.919827 -4.580920
v 0.396760 5.534526 -4.194221
v -0.195250 3.127697 -6.233819
v 0.066980 1.952516 -7.273220
v 0.204900 1.841097 -7.303750
v -0.063020 3.018177 -6.886520
v -0.195250 0.930257 -6.939120
v 1.048471 -0.937853 -6.904120
v -0.195250 -1.376973 -6.892220
v 0.066980 -0.518523 -7.540370
v 0.204900 -0.633813 -7.533020
v -0.016780 -1.457413 -6.884519
v -0.195250 -3.543972 -6.098319
v 0.204900 -3.049032 -6.945820
v 0.396760 -2.768983 -6.477119
v 0.066980 -5.056349 -5.682319
v 0.204900 -5.142817 -5.605720
v -0.063020 -4.149942 -6.363519
v -0.195250 -5.335917 -4.643319
v -0.016780 -5.394667 -4.587819
v 0.204900 -6.688295 -3.658020
v 0.396760 -6.179608 -3.460218
v -0.906560 -6.562949 2.527581
v -0.195250 -6.842351 1.861281
v 0.066980 -7.558791 1.058781
v 0.204900 -7.541961 1.173182
v 1.048471 -6.059872 3.558980
v 0.066980 -6.810671 3.430381
v 2.625731 -4.451391 4.874181
v 0.066970 -5.333494 5.430282
v 0.204900 -5.250013 5.510181
v -0.195250 -4.275512 5.623281
v -0.906560 -1.513732 6.811281
v -0.195250 -2.224061 6.680780
v -0.016780 -4.215352 5.677282
v 0.066980 -3.287332 6.842081
v 0.204900 -3.182451 6.890481
v 0.066980 -0.893932 7.512480
v 0.204900 -0.779012 7.524181
v 0.757470 0.839608 7.483481
v 1.048471 1.896298 6.672380
v -0.195250 2.327468 6.588280
v 0.204900 3.985537 6.365780
v 0.396760 3.632218 5.949681
v -0.906560 6.163227 3.061080
v 0.204900 5.830327 4.699180
v 0.396760 5.361127 4.420381
v -0.063020 6.521527 3.662780
v -2.483861 6.383327 0.994380
v -0.906560 6.817626 0.865980
v -0.195250 6.746326 1.585080
v 1.048471 6.865726 -0.280620
v -2.483861 6.355126 -1.160219
v -0.195250 6.890227 -0.719420
v 2.556181 -1.188512 -3.825020
v 2.556190 3.826277 -0.775920
v 3.047401 -2.633473 -5.555019
v -2.414261 1.023607 3.828180
v 3.047401 -0.482922 6.103180
v 3.047401 3.346868 5.062381
v -1.486361 4.091727 -5.501620
v -2.795561 2.541548 3.748981
v -3.014061 3.564007 3.716180
v 1.628271 -6.970602 -0.486920
v 1.628271 -4.258872 5.503881
v -2.414261 -1.189103 -3.824820
v 2.556190 0.765737 -3.889520
v 2.937461 -1.061872 4.471480
v 2.556181 1.022358 3.828480
v 2.807901 6.197427 -1.193619
v 2.625731 6.076727 -2.203220
v 2.625731 5.027426 -4.085020
v 2.807901 4.139417 -4.801321
v 2.625731 3.424417 -5.523920
v -2.414261 0.764487 -3.889819
v 0.396760 3.868556 -5.791920
v 2.807901 2.352037 -5.912820
v 2.625731 1.441297 -6.364020
v 0.396760 1.774407 -6.761819
v 0.074900 0.729807 -7.509049
v 2.807901 0.300797 -6.383520
v 2.625731 -0.706993 -6.514320
v -2.483861 -1.771803 -6.322220
v -2.666061 -2.784003 -5.796020
v -2.483861 -3.732462 -5.430919
v 2.807901 -1.792023 -6.162220
v 2.625731 -2.787663 -5.958520
v 1.048471 -3.132493 -6.252120
v 0.066980 -2.942373 -6.990220
v -2.483861 -5.297631 -3.950920
v 2.807901 -3.699642 -5.272919
v 2.625731 -4.575222 -4.756819
v 2.625721 -5.875987 -3.039520
v 0.066980 -6.631385 -3.758619
v -2.666061 -5.773367 -2.913519
v -2.483861 -6.297711 -2.042520
v -2.483861 -6.624322 0.087381
v -0.195250 -7.079581 -0.435519
v 0.204900 -7.517982 -1.313719
v 0.396760 -6.972681 -1.291919
v 2.556171 -3.991432 0.779181
v -2.483861 -6.242072 2.207882
v 2.625721 -5.795876 3.190880
v -2.483861 -5.192386 4.089380
v -0.195250 -5.872634 3.956582
v 0.396760 -4.933563 5.065382
v -2.666061 -4.304172 4.805481
v -2.483861 -3.589012 5.527981
v 2.807901 -3.457622 5.434381
v 2.625721 -2.633522 6.029381
v 0.396760 -3.027512 6.366881
v -2.666061 -2.516542 5.916681
v -2.483861 -1.605702 6.367581
v 0.074900 -2.120082 7.275981
v -0.063020 -2.008662 7.306581
v 1.048471 -0.375652 6.953880
v -0.195250 0.059418 7.014580
v 0.066980 1.587358 7.368980
v -0.063020 2.881547 6.949780
v 0.074900 2.774878 6.994081
v 1.048471 3.953768 5.667880
v -0.195250 4.334327 5.448280
v 2.807901 4.352128 4.608680
v 2.625731 5.130827 3.955380
v -0.195250 5.862527 3.718080
v 0.066980 6.994727 2.632080
v 1.048471 6.580826 1.992280
v 0.396760 6.925626 0.142880
v -2.414361 3.826187 -0.776320
v 2.556190 3.638377 -1.414920
v -2.632161 2.331687 3.452980
v -2.905560 5.758527 1.797979
v 2.937461 3.433637 -2.923819
v 2.774231 2.666037 -3.190020
v 3.047401 5.194927 -3.080719
v 1.628271 2.236688 6.509080
v -2.905560 2.468888 5.557680
v -1.486361 5.053627 4.618881
v -2.905560 5.341426 2.817880
v -1.486361 6.804827 0.488580
v -3.014061 5.019627 -1.021621
v -2.905560 5.629427 -2.170820
v -3.014061 4.781927 -1.847620
v -1.486361 6.589626 -1.775620
v -3.014061 4.411127 -2.623920
v -2.666061 5.914627 -2.213019
v -2.483861 5.629227 -3.188920
v 0.074900 7.393126 -1.053820
v 0.396760 6.591727 -2.141820
v 1.048471 6.397627 -2.522820
v 0.074900 6.645626 -3.425519
v -2.666061 4.870927 -4.041520
v -2.483861 4.284426 -4.871920
v -2.414361 2.514427 -3.016919
v 0.066980 5.989027 -4.488320
v 1.048471 3.481497 -5.973320
v 0.074900 5.168926 -5.425820
v -0.906560 2.448507 -6.479520
v -2.666061 3.290496 -5.431921
v -2.483861 2.466246 -6.026720
v 1.048471 1.349437 -6.807620
v 0.074900 3.123046 -6.838020
v -0.906560 0.208177 -6.950719
v -2.666061 1.344467 -6.233520
v -2.483861 0.371867 -6.528320
v -0.906560 -2.063713 -6.668620
v 0.396760 -0.521023 -6.998720
v 0.074900 -1.751523 -7.366150
v -0.906560 -4.120953 -5.663719
v 1.048471 -4.996668 -4.922519
v 0.074900 -4.052022 -6.424819
v -0.906560 -5.740606 -4.044819
v 0.396760 -4.725863 -5.253419
v 1.048471 -6.328364 -3.059320
v -0.906560 -6.747166 -1.987419
v 0.074900 -5.922417 -4.787119
v 2.625721 -6.548977 -0.992619
v 0.074900 -7.160012 -2.630419
v 1.048471 -6.983272 -0.864419
v 0.066980 -7.496791 -1.427319
v 1.048471 -6.890421 1.424381
v 2.807901 -6.474213 0.146280
v 2.625721 -6.521275 1.161982
v 0.074900 -7.630691 -0.188619
v 0.396760 -7.019152 1.016581
v 0.074900 -7.283462 2.273880
v 0.074900 -6.155936 4.490181
v 1.048471 -4.581631 5.308082
v -2.414261 -2.679702 3.020081
v -0.906560 -3.645991 5.977381
v 1.048471 -2.615882 6.482181
v 0.074900 -4.370311 6.219980
v 2.556181 -0.931222 3.892680
v 2.807901 -1.511782 6.236481
v 2.625721 -0.539252 6.531480
v -2.666061 -0.465192 6.386880
v -2.483861 0.542628 6.517380
v 2.807901 0.588898 6.362880
v 2.625731 1.604468 6.325881
v 0.074900 0.350908 7.543680
v -0.906560 2.968068 6.254680
v -2.666061 1.627578 6.165081
v -2.483861 2.623168 5.961081
v -2.666061 3.534997 5.275380
v -2.483861 4.410428 4.759080
v 2.807901 2.616778 5.799881
v 2.625731 3.565328 5.434980
v 0.066980 3.887638 6.427180
v 0.066980 5.757627 4.788980
v -2.666061 5.050327 3.814180
v -2.483861 5.710826 3.041380
v 0.074900 4.889128 5.686779
v 2.807901 5.606826 2.918080
v 2.625731 6.131327 2.047180
v 0.074900 6.464627 3.763380
v 0.074900 7.330626 1.432279
v 2.807901 6.244927 0.911579
v 2.625731 6.458426 -0.082621
v -0.906560 6.724227 -1.422719
v -1.486361 5.651427 -3.847120
v 1.628271 4.941126 -4.737920
v 2.556190 2.514887 -3.016520
v 2.774231 2.105367 -3.596920
v 3.155941 2.621627 -4.447020
v 2.937461 2.293777 -3.907720
v -1.486361 2.079667 -6.559720
v -2.905560 -1.686003 -5.898920
v -1.486361 -0.166733 -6.906819
v 1.628271 -1.300453 -6.799119
v 1.628271 -3.441392 -6.035119
v -2.905560 -4.365862 -4.360019
v -2.414261 -3.893082 -1.164520
v 1.628271 -6.438877 -2.698219
v -1.486361 -6.796676 -1.613018
v -1.486361 -6.956872 0.655681
v -1.486361 -6.372177 2.853481
v 1.628271 -5.818159 3.849080
v -1.486361 -5.105941 4.742281
v 3.047401 -4.144031 4.570782
v -1.486361 -3.295382 6.117380
v -1.486361 -1.136712 6.829680
v 3.047401 0.618078 6.075881
v 1.628271 -0.000732 6.910080
v -1.486361 1.136158 6.802080
v 3.047401 1.518757 5.902481
v 1.628271 4.222727 5.402881
v -3.014061 4.125057 3.065280
v 2.937461 4.007257 2.048480
v 1.628271 5.742227 3.711380
v -1.486361 6.273627 2.699980
v 1.628271 6.630427 1.617781
v 3.155941 5.019927 -1.020020
v 1.628271 6.791126 -0.650820
v -2.414361 3.896607 -0.125820
v -2.905560 5.926327 -1.109620
v -2.795561 4.288527 1.345880
v 3.155941 3.918727 -3.327320
v 3.155941 4.891027 1.532881
v 2.937461 4.288027 1.347281
v 3.155941 5.075027 0.693280
v -2.632161 3.322248 2.479080
v -2.414361 2.711898 2.841180
v -2.414261 -0.930622 3.892781
v -2.414261 -3.803272 1.418781
v -2.414261 -2.877692 -2.837419
v 2.556190 3.896667 -0.124520
v 2.556181 -0.535123 -3.955420
v 2.556171 -2.363632 -3.262619
v 2.556171 -3.892872 -1.165120
v 2.556171 -4.061802 0.128081
v 2.556171 -3.148982 2.545781
v 2.556190 2.711437 2.841580
v 2.331941 6.568827 -1.048819
v -2.190060 6.304827 -2.131420
v 0.395120 6.930126 -0.133220
v 2.331941 5.867527 -3.153020
v 2.807901 5.469226 -3.169220
v 0.395120 6.506426 -2.404320
v -2.905560 3.091377 -5.223419
v 1.628271 4.941126 -4.737920
v -1.486361 4.091727 -5.501620
v -2.414261 -0.536403 -3.955319
v 2.331941 2.676347 -6.144820
v 1.628271 0.972417 -6.826219
v -2.666061 -0.756253 -6.359419
v 3.047401 -2.633473 -5.555019
v 0.395120 -0.796323 -6.980419
v 1.628271 -3.441392 -6.035119
v -2.666061 -4.519042 -4.604320
v -2.190060 -4.601122 -4.994720
v 2.556171 -2.876742 -2.838220
v -2.905560 -5.549200 -2.732219
v 2.807901 -5.215333 -3.812120
v 0.395120 -4.931864 -5.069819
v -2.905560 -6.193081 0.108082
v -2.666061 -6.411049 -0.906819
v 1.628271 -6.438877 -2.698219
v -2.414261 -4.061772 0.128681
v -0.906560 -7.031551 0.285480
v 2.331941 -6.816751 -0.057719
v 0.395120 -7.022522 -1.020419
v -2.905560 -4.839367 3.840781
v -2.905560 -5.827479 2.087382
v -2.666061 -6.362977 1.198281
v 2.331941 -6.471164 2.133181
v -2.666061 -5.634366 3.173781
v -0.906560 -5.392135 4.496080
v 2.807901 -5.037771 4.043680
v 2.556171 -1.568382 3.697780
v 1.628271 -5.818159 3.849080
v 0.395120 -4.733632 5.255581
v -2.905560 -1.479772 5.954381
v -2.190060 -0.696592 6.711580
v -0.906560 0.773578 6.907080
v 1.628271 -0.000732 6.910080
v -1.486361 1.136158 6.802080
v -3.014061 2.902877 4.266380
v 3.047401 2.551258 5.519081
v 1.628271 2.236688 6.509080
v 3.047401 4.199028 4.364280
v -0.906560 4.831928 4.924681
v -2.905560 4.133608 4.427580
v 0.395120 3.865628 5.802380
v 1.628271 5.742227 3.711380
v -2.666061 6.009427 1.939880
v -2.190060 6.267227 2.244081
v 2.556190 3.476827 1.786081
v 1.628271 6.630427 1.617781
v -2.414361 3.637937 -1.416120
v 2.937461 4.401227 -0.896920
v -2.190060 6.650927 0.059480
v 1.628271 6.206927 -2.848819
v -2.905560 3.977097 -4.568520
v 1.628271 3.130927 -6.113420
v 1.628271 0.972417 -6.826219
v -1.486361 -2.404063 -6.505319
v -1.486361 -4.389863 -5.398620
v 1.628271 -5.218385 -4.616819
v -1.486361 -5.908939 -3.706720
v 3.047401 -6.127047 -0.901120
v 1.628271 -6.755944 1.777282
v 1.628271 -2.247061 6.562480
v -1.486361 3.276918 6.037580
v -2.414361 3.477087 1.785580
v 3.047401 5.730227 1.887480
v 3.155941 4.571127 2.331581
v -3.014061 5.075227 0.691681
v -2.795561 4.191927 -1.624120
v -2.905560 5.961427 0.902880
v 2.556171 -3.803482 1.418181
v 3.047401 5.662127 -2.082821
v 3.155941 5.019927 -1.020020
v 2.774231 3.158437 -2.690619
v -2.190060 5.266526 -4.091221
v 2.774231 3.158437 -2.690619
v -2.905560 1.223807 -5.971620
v 3.047401 1.315277 -5.950819
v 3.047401 2.189887 -5.674419
v 1.628271 3.130927 -6.113420
v 1.048471 3.481497 -5.973320
v 3.047401 0.224817 -6.105219
v 2.331941 -1.678463 -6.544520
v -2.414261 -3.642522 -1.781720
v 2.331941 -3.716302 -5.671519
v -2.190060 -5.977661 -3.256019
v -1.486361 -5.908939 -3.706720
v 2.807901 -6.174850 -1.938018
v 2.331941 -6.432627 -2.242320
v 3.047401 -6.190821 0.199080
v -2.190060 -6.715415 -1.164419
v -2.190060 -6.734435 1.053580
v 3.047401 -5.795815 2.172780
v 1.628271 -6.755944 1.777282
v 2.807901 -6.080982 2.214881
v -2.190060 -6.032662 3.157581
v -1.486361 -6.372177 2.853481
v -2.414261 -1.567172 3.698181
v 2.331941 -3.815661 5.609781
v 3.047401 -0.482922 6.103180
v 0.396760 -0.802372 6.978681
v 2.556181 0.369608 3.958681
v 1.628271 -2.247061 6.562480
v -2.905560 1.609088 5.877181
v -2.414261 0.370218 3.958681
v -0.906560 2.968068 6.254680
v 1.048471 5.573827 4.049380
v 3.047401 4.803328 3.673880
v -3.014061 5.075227 0.691681
v -2.795561 4.288527 1.345880
v 2.331941 4.434127 4.998981
v -3.014061 4.125057 3.065280
v -2.905560 5.341426 2.817880
v 3.047401 6.027226 -0.103420
v 3.155941 5.075027 0.693280
v -0.906560 6.817626 0.865980
v -2.666061 6.308327 -0.144520
v 3.047401 -5.506621 -2.815818
v -2.905560 -4.073462 4.632581
v 2.937461 3.866706 -2.305020
v 3.047401 3.908667 -4.628420
v -2.905560 4.859027 3.598381
v -2.795561 3.615397 2.693280
v 2.774231 2.105367 -3.596920
v 2.556190 1.402307 -3.694919
v 2.556190 2.197747 3.266380
v 2.937461 4.288027 1.347281
v 1.628271 6.791126 -0.650820
v 1.048471 6.865726 -0.280620
v -1.486361 6.589626 -1.775620
v -0.906560 6.724227 -1.422719
v 1.628271 6.206927 -2.848819
v -0.906560 5.893126 -3.557120
v -2.414361 2.982897 -2.543619
v 0.395120 5.368626 -4.414820
v 2.331941 4.521427 -4.915320
v -2.414361 1.401727 -3.695120
v -2.905560 2.274076 -5.639919
v -2.190060 3.648496 -5.607420
v -0.906560 2.448507 -6.479520
v 0.395120 3.640057 -5.946620
v -2.190060 1.626136 -6.515820
v 2.331941 0.532277 -6.708220
v -0.906560 0.208177 -6.950719
v 0.395120 1.508067 -6.833920
v -2.905560 -2.718412 -5.515220
v -2.190060 -0.581423 -6.717919
v -0.906560 -2.063713 -6.668620
v 1.628271 -1.300453 -6.799119
v 1.048471 -0.937853 -6.904120
v -2.414261 -2.364132 -3.262219
v -2.190060 -2.734972 -6.191920
v 0.395120 -3.023422 -6.370319
v 1.048471 -3.132493 -6.252120
v -0.906560 -4.120953 -5.663719
v 2.331941 -5.360413 -4.183619
v 2.556171 -3.641972 -1.782919
v -0.906560 -5.740606 -4.044819
v 1.628271 -5.218385 -4.616819
v 1.048471 -4.996668 -4.922519
v -2.905560 -5.896554 -1.882820
v -2.905560 -6.140180 -0.808119
v -2.905560 -6.074765 1.203681
v 0.395120 -6.314854 -3.219619
v -1.486361 -6.796676 -1.613018
v 1.628271 -6.970602 -0.486920
v -1.486361 -6.956872 0.655681
v -0.906560 -7.031551 0.285480
v -2.905560 -5.360040 3.085181
v 3.047401 -5.406719 3.003782
v -2.905560 -4.073462 4.632581
v 0.395120 -6.978171 1.289580
v 1.048471 -6.890421 1.424381
v -2.414261 -3.148562 2.546280
v -0.906560 -6.562949 2.527581
v 2.331941 -5.433312 4.093182
v -1.486361 -5.105941 4.742281
v -0.906560 -5.392135 4.496080
v 0.395120 -6.186615 3.459981
v 1.048471 -6.059872 3.558980
v -2.905560 -3.335821 5.178082
v -2.905560 -2.354442 5.678180
v -2.190060 -4.686141 4.919580
v 1.628271 -4.258872 5.503881
v 1.048471 -4.581631 5.308082
v -2.905560 -0.389282 6.108580
v 3.047401 -2.441252 5.642581
v -0.906560 -3.645991 5.977381
v -2.190060 -2.840801 6.148680
v 2.331941 -1.793522 6.518581
v -0.906560 -1.513732 6.811281
v 0.395120 -2.776682 6.481880
v 2.331941 0.413998 6.721280
v 0.395120 -0.527812 7.005980
v 1.048471 -0.375652 6.953880
v -2.190060 1.514108 6.547380
v 2.331941 2.567658 6.195781
v -2.190060 3.551748 5.673880
v 0.395120 1.769268 6.770981
v 1.048471 1.896298 6.672380
v -2.190060 5.195527 4.185681
v -1.486361 5.053627 4.618881
v 3.155941 4.571127 2.331581
v 1.628271 4.222727 5.402881
v 2.331941 5.811028 3.260681
v -1.486361 6.273627 2.699980
v 0.395120 5.534127 4.205281
v 2.331941 6.549227 1.169180
v 0.395120 6.593827 2.152580
v 1.048471 6.580826 1.992280
v -3.014061 5.019627 -1.021621
v -2.905560 4.614926 -3.909020
v 3.155941 2.621627 -4.447020
v -2.905560 1.223807 -5.971620
v -2.905560 -0.785363 -6.072520
v -2.905560 -2.718412 -5.515220
v -2.905560 -4.365862 -4.360019
v 3.047401 -4.298452 -4.425319
v -2.905560 -5.549200 -2.732219
v -2.905560 -6.140180 -0.808119
v -2.905560 -6.074765 1.203681
v -2.905560 -5.360040 3.085181
v -2.905560 -0.389282 6.108580
v -3.014061 2.902877 4.266380
v -2.632161 3.322248 2.479080
v 3.047401 5.194927 -3.080719
v 3.047401 3.908667 -4.628420
v 3.047401 0.224817 -6.105219
v 3.047401 -1.773602 -5.874320
v 3.047401 -5.024103 -3.596319
v 3.047401 -5.795815 2.172780
v 3.047401 -4.781732 3.911181
v 3.047401 -1.391072 5.974580
v 3.047401 0.618078 6.075881
v 3.047401 5.382727 2.736779
v 3.047401 5.974127 0.812780
v 3.047401 5.909127 -1.199019
v -0.016780 4.926726 -4.916120
v -1.486361 5.651427 -3.847120
v -0.906560 4.414526 -5.305920
v -1.486361 2.079667 -6.559720
v -1.486361 -0.166733 -6.906819
v 2.556181 -1.798053 -3.590419
v -2.905560 -3.513912 -5.058419
v -1.486361 -4.389863 -5.398620
v -0.016780 -5.394667 -4.587819
v 3.047401 -5.923944 -1.796018
v 3.047401 -6.127047 -0.901120
v 2.556171 -4.028602 -0.525319
v -0.254880 -7.091521 -0.139118
v -0.906560 -6.747166 -1.987419
v 3.047401 -6.092497 1.111481
v -0.254880 -5.700059 4.197881
v -2.905560 2.468888 5.557680
v 3.047401 1.518757 5.902481
v -0.906560 0.773578 6.907080
v -1.486361 3.276918 6.037580
v 3.047401 3.346868 5.062381
v 2.556190 3.135817 2.344380
v -0.906560 4.831928 4.924681
v -0.906560 6.163227 3.061080
v -2.905560 5.961427 0.902880
v -2.905560 6.024927 -0.197220
v -0.254880 6.853226 -1.013820
v -1.486361 6.804827 0.488580
v -0.254880 6.853226 -1.013820
v 3.047401 -0.692103 -6.082620
v -2.905560 -4.970031 -3.669519
v -0.254880 -5.700059 4.197881
v -0.254880 6.806927 1.294680
v -2.905560 5.240127 -3.001819
v 3.155941 3.918727 -3.327320
v 3.047401 4.674426 -3.836420
v 2.807901 2.352037 -5.912820
v 2.331941 2.676347 -6.144820
v 2.807901 -3.699642 -5.272919
v 2.331941 -3.716302 -5.671519
v 2.807901 -6.174850 -1.938018
v 2.331941 -6.432627 -2.242320
v 2.807901 -6.474213 0.146280
v 2.331941 -6.816751 -0.057719
v 3.047401 -3.258462 5.225881
v 2.807901 -3.457622 5.434381
v 3.047401 2.551258 5.519081
v 2.807901 2.616778 5.799881
v 2.807901 4.352128 4.608680
v 2.331941 4.434127 4.998981
v -2.190060 3.648496 -5.607420
v -2.666061 -2.516542 5.916681
v -2.190060 -2.840801 6.148680
v -2.905560 1.609088 5.877181
v -2.414261 1.633168 3.593580
v -2.905560 3.424098 5.009181
v -2.666061 5.050327 3.814180
v -2.190060 5.195527 4.185681
v -2.666061 6.009427 1.939880
v -2.190060 6.267227 2.244081
v 2.937461 4.007257 2.048480
v -2.666061 6.308327 -0.144520
v -2.190060 6.650927 0.059480
v -2.666061 5.914627 -2.213019
v -2.190060 6.304827 -2.131420
v -2.795561 4.007566 2.047780
v -2.795561 2.541548 3.748981
v 2.556190 3.863487 0.528380
v 2.937461 4.192427 -1.622820
v 2.331941 5.867527 -3.153020
v -2.905560 4.614926 -3.909020
v -0.016780 6.251126 -3.022021
v -2.795561 3.866357 -2.305620
v -3.014061 4.411127 -2.623920
v -2.666061 4.870927 -4.041520
v -2.190060 5.266526 -4.091221
v 2.556190 2.983757 -2.542720
v -2.414361 1.984677 -3.400220
v 2.331941 4.521427 -4.915320
v 1.048471 6.397627 -2.522820
v -0.254880 6.147826 -3.212321
v -2.905560 3.977097 -4.568520
v -2.905560 3.091377 -5.223419
v 1.048471 5.227326 -4.491520
v 3.047401 3.171147 -5.174020
v -2.414261 0.116977 -3.974019
v -0.254880 4.767326 -5.062521
v -0.016780 3.059477 -6.277219
v -2.666061 1.344467 -6.233520
v -2.190060 1.626136 -6.515820
v -2.905560 -0.785363 -6.072520
v 2.807901 0.300797 -6.383520
v 2.331941 0.532277 -6.708220
v -0.254880 0.635957 -6.975520
v -2.666061 -0.756253 -6.359419
v -2.190060 -0.581423 -6.717919
v 1.048471 1.349437 -6.807620
v 2.331941 -1.678463 -6.544520
v -0.254880 0.635957 -6.975520
v -0.016780 -1.457413 -6.884519
v -2.414261 -1.799213 -3.589920
v -2.666061 -2.784003 -5.796020
v -2.190060 -2.734972 -6.191920
v -2.190060 -4.601122 -4.994720
v -0.254880 -3.798553 -5.946119
v -1.486361 -2.404063 -6.505319
v 2.331941 -5.360413 -4.183619
v -0.254880 -3.798553 -5.946119
v -2.666061 -5.773367 -2.913519
v -2.190060 -5.977661 -3.256019
v -2.666061 -6.411049 -0.906819
v -2.190060 -6.715415 -1.164419
v -0.254880 -6.666115 -2.408419
v -0.254880 -6.666115 -2.408419
v 1.048471 -6.328364 -3.059320
v -2.666061 -6.362977 1.198281
v -2.190060 -6.734435 1.053580
v 1.048471 -6.983272 -0.864419
v 2.807901 -6.080982 2.214881
v 2.331941 -6.471164 2.133181
v -2.666061 -5.634366 3.173781
v -2.190060 -6.032662 3.157581
v -0.016780 -6.828032 1.940880
v -2.414261 -3.520502 2.008681
v 2.331941 -5.433312 4.093182
v -2.190060 -4.686141 4.919580
v 3.047401 -4.781732 3.911181
v 3.047401 -3.258462 5.225881
v 2.556171 -2.151142 3.402681
v 2.331941 -3.815661 5.609781
v -0.016780 -4.215352 5.677282
v 2.331941 -1.793522 6.518581
v -2.414261 -0.282492 3.977180
v -2.905560 0.527638 6.085681
v -0.254880 -4.033981 5.795481
v -2.666061 -0.465192 6.386880
v -2.190060 -0.696592 6.711580
v -0.016780 -2.149632 6.712381
v -1.486361 -3.295382 6.117380
v 2.556181 -0.283782 3.977180
v 2.807901 0.588898 6.362880
v 2.331941 0.413998 6.721280
v 1.048471 -2.615882 6.482181
v -0.016780 0.140038 7.020180
v -2.666061 1.627578 6.165081
v -2.190060 1.514108 6.547380
v -1.486361 -1.136712 6.829680
v 2.331941 2.567658 6.195781
v -0.016780 2.405558 6.567481
v -2.666061 3.534997 5.275380
v -2.190060 3.551748 5.673880
v 3.047401 4.199028 4.364280
v -2.905560 4.133608 4.427580
v -2.905560 4.859027 3.598381
v -0.016780 4.401428 5.403180
v -2.905560 5.341426 2.817880
v -2.905560 5.961427 0.902880
v 2.807901 5.606826 2.918080
v 2.331941 5.811028 3.260681
v -0.254880 4.560427 5.256280
v 1.048471 3.953768 5.667880
v -2.795561 3.615397 2.693280
v -0.016780 5.911327 3.653680
v 1.048471 5.573827 4.049380
v 2.331941 6.549227 1.169180
v 3.047401 5.974127 0.812780
v -0.016780 6.771627 1.508281
v 3.047401 5.909127 -1.199019
v 2.807901 6.197427 -1.193619
v 2.331941 6.568827 -1.048819
v -2.905560 5.926327 -1.109620
v -2.905560 5.629427 -2.170820
v -2.795561 4.191927 -1.624120
v 2.556181 0.117587 -3.974019
v -2.414361 3.355357 -2.005420
v -0.254880 6.147826 -3.212321
v -0.254880 4.767326 -5.062521
v -0.254880 2.861147 -6.363920
v -0.016780 0.851677 -6.957920
v 3.047401 -3.588812 -5.006719
v -0.254880 -1.667133 -6.831020
v 3.047401 -5.024103 -3.596319
v -0.254880 -5.527324 -4.416718
v -2.414261 -3.301792 -2.340120
v 2.556171 -3.301422 -2.340519
v -0.254880 -5.527324 -4.416718
v -0.016780 -6.596170 -2.613420
v 3.047401 -6.127047 -0.901120
v -0.016780 -7.091862 -0.355619
v -0.254880 -7.091521 -0.139118
v -0.254880 -6.757432 2.145581
v 2.556171 -3.521162 2.007581
v -0.016780 -5.833258 4.027181
v -0.254880 -4.033981 5.795481
v -2.414261 -2.150612 3.402980
v 3.047401 -1.391072 5.974580
v -0.254880 -1.939752 6.765181
v -0.254880 -1.939752 6.765181
v -0.254880 0.355698 7.001981
v -2.905560 3.424098 5.009181
v 3.047401 1.518757 5.902481
v -0.254880 0.355698 7.001981
v 2.556181 1.632618 3.593780
v -2.905560 2.468888 5.557680
v -0.254880 2.603608 6.480180
v -0.254880 4.560427 5.256280
v 3.047401 5.382727 2.736779
v -0.254880 6.014028 3.462980
v -2.795561 3.615397 2.693280
v -0.254880 6.014028 3.462980
v -0.254880 6.806927 1.294680
v -2.905560 5.926327 -1.109620
v -2.414361 3.863577 0.527780
v -0.016780 6.889127 -0.800319
v 3.047401 -5.923944 -1.796018
v -2.905560 -2.354442 5.678180
v 3.047401 2.189887 -5.674419
v 3.047401 -3.588812 -5.006719
v -2.414261 2.198777 3.265581
v -2.905560 4.133608 4.427580
v -2.905560 5.758527 1.797979
v 3.047401 5.909127 -1.199019
v 3.047401 5.909127 -1.199019
v 2.807901 5.469226 -3.169220
v 0.396760 6.925626 0.142880
v -2.905560 5.629427 -2.170820
v 3.047401 5.194927 -3.080719
v 2.556190 3.355667 -2.004920
v 2.807901 4.139417 -4.801321
v -2.905560 3.977097 -4.568520
v 2.937461 3.433637 -2.923819
v -2.666061 3.290496 -5.431921
v 2.556190 1.985777 -3.399620
v -0.254880 2.861147 -6.363920
v -2.905560 0.315627 -6.100020
v 3.047401 -1.773602 -5.874320
v 2.807901 -1.792023 -6.162220
v -0.254880 -1.667133 -6.831020
v -0.016780 -3.617563 -6.064819
v -2.666061 -4.519042 -4.604320
v -2.905560 -2.718412 -5.515220
v 2.807901 -5.215333 -3.812120
v -0.254880 -5.527324 -4.416718
v -2.414261 -4.028792 -0.524019
v 0.396760 -6.179608 -3.460218
v 0.396760 -6.972681 -1.291919
v -0.254880 -6.757432 2.145581
v 2.807901 -5.037771 4.043680
v -2.666061 -4.304172 4.805481
v -2.905560 -5.360040 3.085181
v 3.047401 -4.144031 4.570782
v 3.047401 -4.144031 4.570782
v -0.254880 -5.700059 4.197881
v 2.807901 -1.511782 6.236481
v -2.905560 -2.354442 5.678180
v 3.047401 -0.482922 6.103180
v -0.254880 0.355698 7.001981
v -0.254880 2.603608 6.480180
v -2.905560 4.133608 4.427580
v -2.414361 3.136577 2.343380
v 2.807901 6.244927 0.911579
v -0.254880 6.806927 1.294680
v 3.047401 -6.190821 0.199080
v 0.396760 6.591727 -2.141820
v -2.905560 3.977097 -4.568520
v 2.556190 1.985777 -3.399620
v -0.254880 2.861147 -6.363920
v -2.905560 -0.785363 -6.072520
v 3.047401 -1.773602 -5.874320
v 3.047401 -3.588812 -5.006719
v 3.047401 -3.588812 -5.006719
v 0.396760 -2.768983 -6.477119
v 3.047401 -6.190821 0.199080
v 3.047401 -5.795815 2.172780
v -2.905560 -2.354442 5.678180
v 3.047401 -1.391072 5.974580
v 0.396760 -0.802372 6.978681
v 3.047401 2.551258 5.519081
v 3.047401 5.382727 2.736779
v -2.905560 6.024927 -0.197220
v -2.795561 4.401127 -0.897519
v 2.937461 3.433637 -2.923819
v 2.937461 4.401227 -0.896920
v -0.254880 6.853226 -1.013820
v -2.905560 5.240127 -3.001819
v 3.047401 4.674426 -3.836420
v 2.556190 2.983757 -2.542720
v -2.905560 4.614926 -3.909020
v -2.905560 3.977097 -4.568520
v -0.254880 6.147826 -3.212321
v -2.905560 4.614926 -3.909020
v 3.047401 3.908667 -4.628420
v 3.047401 3.171147 -5.174020
v 3.047401 2.189887 -5.674419
v 0.396760 5.534526 -4.194221
v -2.905560 3.091377 -5.223419
v -0.254880 4.767326 -5.062521
v 3.047401 2.189887 -5.674419
v 0.396760 3.868556 -5.791920
v -2.905560 0.315627 -6.100020
v -2.905560 1.223807 -5.971620
v 3.047401 0.224817 -6.105219
v -0.254880 0.635957 -6.975520
v 0.396760 1.774407 -6.761819
v -2.905560 -0.785363 -6.072520
v 3.047401 -1.773602 -5.874320
v 3.047401 -2.633473 -5.555019
v 3.047401 -1.773602 -5.874320
v -0.254880 -1.667133 -6.831020
v 0.396760 -0.521023 -6.998720
v 3.047401 -3.588812 -5.006719
v 3.047401 -4.298452 -4.425319
v -0.254880 -3.798553 -5.946119
v 3.047401 -5.024103 -3.596319
v -2.905560 -4.365862 -4.360019
v 3.047401 -5.024103 -3.596319
v 3.047401 -5.923944 -1.796018
v 3.047401 -5.506621 -2.815818
v 0.396760 -4.725863 -5.253419
v 3.047401 -5.923944 -1.796018
v -2.905560 -5.549200 -2.732219
v 3.047401 -5.923944 -1.796018
v 3.047401 -6.127047 -0.901120
v -2.905560 -6.140180 -0.808119
v -0.254880 -6.666115 -2.408419
v 3.047401 -6.190821 0.199080
v -0.254880 -7.091521 -0.139118
v -2.905560 -6.074765 1.203681
v 3.047401 -4.144031 4.570782
v 3.047401 -4.781732 3.911181
v 3.047401 -5.406719 3.003782
v 0.396760 -7.019152 1.016581
v -0.254880 -6.757432 2.145581
v 3.047401 -4.781732 3.911181
v 3.047401 -4.144031 4.570782
v 3.047401 -3.258462 5.225881
v 0.396760 -6.313972 3.215081
v -2.905560 -4.073462 4.632581
v 3.047401 -3.258462 5.225881
v 3.047401 -1.391072 5.974580
v 0.396760 -4.933563 5.065382
v -0.254880 -4.033981 5.795481
v -0.254880 -1.939752 6.765181
v 3.047401 1.518757 5.902481
v 0.396760 -3.027512 6.366881
v -2.905560 2.468888 5.557680
v -2.905560 -0.389282 6.108580
v 3.047401 0.618078 6.075881
v -2.905560 1.609088 5.877181
v 3.047401 3.346868 5.062381
v 0.396760 1.500728 6.834381
v -2.905560 3.424098 5.009181
v -2.414261 2.198777 3.265581
v -2.905560 3.424098 5.009181
v -0.254880 2.603608 6.480180
v 3.047401 4.199028 4.364280
v -2.795561 4.449927 0.607980
v 0.396760 3.632218 5.949681
v -2.905560 4.859027 3.598381
v -2.414361 3.136577 2.343380
v -2.905560 5.758527 1.797979
v -2.905560 4.859027 3.598381
v -0.254880 4.560427 5.256280
v 3.047401 5.382727 2.736779
v 2.937461 4.449827 0.608680
v -0.254880 6.014028 3.462980
v 0.396760 5.361127 4.420381
v -2.905560 5.961427 0.902880
v -2.905560 5.758527 1.797979
v -2.905560 6.024927 -0.197220
v 3.047401 5.974127 0.812780
v 3.047401 5.974127 0.812780
v 0.396760 6.500027 2.412181
v -2.905560 5.926327 -1.109620
v -2.905560 6.024927 -0.197220
v -0.643680 3.309797 3.393980
v -0.626410 2.592427 4.004981
v -0.626410 3.322067 3.406180
v -0.643680 2.582798 3.990581
v -0.626410 1.760008 4.449980
v -0.643680 1.753378 4.433881
v -0.626410 0.856778 4.723981
v -0.643680 2.563507 3.961680
v -0.643680 0.853398 4.706981
v -0.626410 -0.082552 4.816481
v -0.643680 1.740088 4.401880
v -0.643680 0.846628 4.672881
v -0.643680 -0.082552 4.799080
v -0.626410 -1.021902 4.723981
v -0.643680 -0.082552 4.764380
v -0.643680 -1.018512 4.706880
v -0.626410 -1.925112 4.449980
v -0.643680 -1.011742 4.672881
v -0.643680 -1.918472 4.433881
v -0.626410 -2.757522 4.004981
v -0.643680 -1.905192 4.401880
v -0.643680 -2.747892 3.990581
v -0.626410 -3.487162 3.406180
v -0.643680 -2.728602 3.961681
v -0.643680 -3.474892 3.393981
v -0.626410 -4.085942 2.676581
v -0.643680 -3.450342 3.369380
v -0.643680 -4.071522 2.666980
v -0.626410 -4.530882 1.844181
v -0.643680 -4.042652 2.647681
v -0.643680 -4.514852 1.837581
v -0.626410 -4.804872 0.940981
v -0.643680 -4.482782 1.824280
v -0.643680 -4.787852 0.937581
v -0.626410 -4.897391 0.001581
v -0.643680 -4.753812 0.930780
v -0.643680 -4.880040 0.001581
v -0.626410 -4.804872 -0.937719
v -0.643680 -4.845329 0.001581
v -0.643680 -4.787852 -0.934320
v -0.626410 -4.530922 -1.840818
v -0.643680 -4.753812 -0.927519
v -0.643680 -4.514902 -1.834219
v -0.626410 -4.085942 -2.673320
v -0.643680 -4.482832 -1.820920
v -0.643680 -4.071512 -2.663719
v -0.626410 -3.487152 -3.403019
v -0.643680 -3.474882 -3.390719
v -0.643680 -4.042652 -2.644420
v -0.626410 -2.757522 -4.001819
v -0.626410 -3.487152 -3.403019
v -0.643680 -3.450342 -3.366220
v -0.643680 -2.747882 -3.987320
v -0.626410 -1.925103 -4.446720
v -0.643680 -2.728602 -3.958519
v -0.643680 -1.918463 -4.430719
v -0.626410 -1.021922 -4.720720
v -0.643680 -1.905183 -4.398619
v -0.643680 -1.018533 -4.703720
v -0.626410 -0.082543 -4.813220
v -0.643680 -1.011763 -4.669620
v -0.643680 -0.082543 -4.795920
v -0.626410 0.856787 -4.720720
v -0.643680 -0.082543 -4.761120
v -0.643680 0.853397 -4.703720
v -0.626410 1.760017 -4.446720
v -0.643680 0.846627 -4.669620
v -0.643680 1.753377 -4.430719
v -0.626410 2.592267 -4.001920
v -0.643680 1.740087 -4.398619
v -0.643680 2.582627 -3.987419
v -0.626410 3.322057 -3.403020
v -0.643680 2.563337 -3.958620
v -0.643680 3.309797 -3.390720
v -0.626410 3.920847 -2.673320
v -0.643680 3.285247 -3.366220
v -0.643680 3.906417 -2.663719
v -0.626410 4.365827 -1.840920
v -0.643680 3.877557 -2.644420
v -0.643680 4.349727 -1.834320
v -0.626410 4.639727 -0.937819
v -0.643680 4.317727 -1.821019
v -0.643680 4.622727 -0.934420
v -0.626410 4.732327 0.001580
v -0.643680 4.588727 -0.927620
v -0.643680 4.714927 0.001580
v -0.626410 4.639827 0.940980
v -0.626410 3.863127 -2.634819
v -0.643680 4.622727 0.937581
v -0.626410 4.365827 1.844180
v -0.626410 4.301627 -1.814420
v -0.643680 4.349727 1.837581
v -0.626410 3.920847 2.676581
v -0.643680 4.680227 0.001580
v -0.643680 3.906417 2.666980
v -0.626410 3.322067 3.406180
v -0.643680 4.588727 0.930780
v -0.643680 3.285247 3.369380
v -0.626410 4.571727 -0.924221
v -0.643680 3.877558 2.647681
v -0.626410 4.662927 0.001580
v -0.643680 4.317727 1.824279
v -0.626410 4.571727 0.927380
v -0.626410 4.301627 1.817581
v -0.626410 3.863137 2.638080
v -0.626410 3.272978 3.357181
v -0.626410 2.553868 3.947281
v -0.375380 3.272978 3.357181
v -0.626410 1.733448 4.385881
v -0.375380 2.553868 3.947281
v -0.375380 1.733448 4.385881
v -0.626410 0.843238 4.655881
v -0.375380 0.843238 4.655881
v -0.626410 -0.082552 4.747081
v -0.375380 -0.082552 4.747081
v -0.626410 -1.008362 4.655881
v -0.375380 -1.008362 4.655881
v -0.626410 -1.898552 4.385881
v -0.375380 -1.898552 4.385881
v -0.626410 -2.718962 3.947281
v -0.375380 -2.718962 3.947281
v -0.626410 -3.438071 3.357181
v -0.375380 -3.438071 3.357181
v -0.626410 -4.028232 2.638080
v -0.375380 -4.028232 2.638080
v -0.626410 -4.466752 1.817582
v -0.375380 -4.466752 1.817582
v -0.626410 -4.736792 0.927381
v -0.375390 -4.736792 0.927381
v -0.626410 -4.827978 0.001581
v -0.375390 -4.827978 0.001581
v -0.626410 -4.736792 -0.924119
v -0.375390 -4.736792 -0.924119
v -0.626410 -4.466802 -1.814319
v -0.375380 -4.466802 -1.814319
v -0.626410 -4.028222 -2.634819
v -0.375380 -4.028222 -2.634819
v -0.626410 -3.438072 -3.353920
v -0.375380 -3.438072 -3.353920
v -0.626410 -2.718962 -3.944020
v -0.375380 -2.718962 -3.944020
v -0.626410 -1.898543 -4.382620
v -0.375380 -1.898543 -4.382620
v -0.626410 -1.008383 -4.652619
v -0.375380 -1.008383 -4.652619
v -0.626410 -0.082543 -4.743820
v -0.375380 -0.082543 -4.743820
v -0.626410 0.843247 -4.652619
v -0.375380 0.843247 -4.652619
v -0.626410 1.733447 -4.382620
v -0.375380 1.733447 -4.382620
v -0.626410 2.553697 -3.944220
v -0.375380 2.553697 -3.944220
v -0.626410 3.272977 -3.353920
v -0.375380 3.272977 -3.353920
v -0.375380 3.863127 -2.634819
v -0.375380 4.301627 -1.814420
v -0.339340 3.252267 -3.333220
v -0.375380 4.571727 -0.924221
v -0.339340 3.838777 -2.618520
v -0.339340 4.274627 -1.803119
v -0.375380 4.662927 0.001580
v -0.339340 4.542927 -0.918520
v -0.375380 4.571727 0.927380
v -0.339340 4.633627 0.001580
v 0.016670 2.903307 -0.592420
v -0.375380 4.301627 1.817581
v -0.339340 4.542927 0.921681
v -0.375380 3.863137 2.638080
v -0.339340 4.274627 1.806381
v -0.339340 3.838787 2.621780
v -0.339340 3.252278 3.336481
v 0.016670 2.448757 1.692981
v -0.339340 2.537597 3.922980
v 0.016670 2.070147 2.154280
v 0.016670 1.608818 2.532881
v -0.339340 1.722238 4.358780
v 0.016670 1.082488 2.814180
v -0.339340 0.837528 4.627181
v 0.016670 0.511398 2.987480
v -0.339340 -0.082552 4.717781
v 0.016670 -0.082532 3.045981
v -0.339340 -1.002642 4.627181
v 0.016670 -0.676452 2.987480
v -0.339340 -1.887342 4.358780
v 0.016670 -1.247552 2.814180
v -0.339340 -2.702692 3.922980
v 0.016670 -1.773872 2.532881
v -0.339340 -3.417361 3.336481
v 0.016670 -2.235212 2.154280
v -0.339340 -4.003872 2.621781
v 0.016670 -2.613812 1.692981
v -0.339340 -4.439692 1.806382
v 0.016670 -2.895142 1.166681
v -0.339340 -4.708072 0.921682
v 0.016670 -3.068372 0.595581
v -0.339340 -4.798692 0.001581
v 0.016670 -3.126872 0.001581
v -0.339340 -4.708072 -0.918419
v 0.016670 -3.068372 -0.592320
v -0.339340 -4.439742 -1.803019
v 0.016670 -2.895142 -1.163420
v 0.023940 -3.057872 0.001581
v -0.339340 -4.003872 -2.618519
v 0.023940 -3.000702 -0.578819
v 0.023940 -3.000702 0.582080
v 0.023940 -2.831392 -1.137019
v 0.016670 -2.613812 -1.689720
v 0.023940 -2.831392 1.140280
v 0.023940 -2.556432 -1.651419
v 0.023940 -2.556442 1.654680
v 0.016670 -2.235202 -2.151019
v 0.023940 -2.186412 -2.102220
v 0.023940 -2.186412 2.105481
v -0.339340 -3.417362 -3.333220
v 0.023940 -1.735542 2.475580
v -0.339340 -2.702692 -3.919719
v 0.016670 -1.773872 -2.529619
v -0.339340 -1.887333 -4.355519
v 0.023940 -1.735542 -2.472319
v 0.016670 -1.247543 -2.811020
v 0.023940 -1.221142 2.750481
v 0.023940 -1.221143 -2.747220
v 0.023940 -0.662992 2.919780
v 0.016670 -0.676453 -2.984219
v 0.023940 -0.662993 -2.916519
v 0.023940 -0.082532 2.976981
v -0.339340 -1.002663 -4.623920
v 0.023940 0.497928 2.919780
v -0.339340 -0.082543 -4.714520
v 0.016670 -0.082523 -3.042720
v -0.339340 0.837527 -4.623920
v 0.023940 -0.082523 -2.973720
v 0.016670 0.511397 -2.984219
v 0.023940 0.497937 -2.916519
v 0.023940 1.056088 2.750481
v 0.016670 1.082497 -2.811020
v 0.023940 1.056087 -2.747220
v 0.023940 1.570488 2.475580
v -0.339340 1.722247 -4.355519
v 0.016670 1.608817 -2.529619
v -0.339340 2.537427 -3.919820
v 0.023940 1.570487 -2.472319
v 0.016670 2.070147 -2.151020
v 0.023940 2.021357 2.105481
v 0.023940 2.021357 -2.102221
v 0.016670 2.448757 -1.689720
v 0.023940 2.391387 1.654680
v 0.023940 2.391377 -1.651419
v 0.016670 2.730077 -1.163420
v 0.023940 2.666337 1.140280
v 0.023940 2.666337 -1.137020
v 0.016670 2.730077 1.166681
v 0.023940 2.835647 0.582080
v 0.016670 2.903317 0.595581
v 0.023940 2.835627 -0.578920
v 0.023940 2.892817 0.001581
v 0.016670 2.961817 0.001581
v -0.626410 3.920847 -2.673320
v -0.343140 3.322057 -3.403020
v -0.626410 3.322057 -3.403020
v -0.343140 3.920847 -2.673320
v -0.626410 4.365827 -1.840920
v -0.343140 4.365827 -1.840920
v -0.626410 4.639727 -0.937819
v -0.324100 3.908077 -2.664820
v -0.343140 4.639727 -0.937819
v -0.626410 4.732327 0.001580
v -0.324100 4.351627 -1.835019
v -0.324100 4.624727 -0.934819
v -0.343140 4.732327 0.001580
v -0.626410 4.639827 0.940980
v -0.324100 4.716927 0.001580
v -0.343140 4.639827 0.940980
v -0.626410 4.365827 1.844180
v -0.324100 4.624727 0.937980
v -0.343140 4.365827 1.844180
v -0.626410 3.920847 2.676581
v -0.324100 4.351627 1.838279
v -0.343140 3.920847 2.676581
v -0.626410 3.322067 3.406180
v -0.343140 3.322067 3.406180
v -0.324100 3.908077 2.668080
v -0.626410 2.592427 4.004981
v -0.626410 3.322067 3.406180
v -0.324100 3.311207 3.395381
v -0.343140 2.592427 4.004981
v -0.626410 1.760008 4.449980
v -0.324100 2.583898 3.992280
v -0.343140 1.760008 4.449980
v -0.626410 0.856778 4.723981
v -0.324100 1.754138 4.435781
v -0.343140 0.856778 4.723981
v -0.626410 -0.082552 4.816481
v -0.324100 0.853788 4.708881
v -0.343140 -0.082552 4.816481
v -0.626410 -1.021902 4.723981
v -0.324100 -0.082552 4.801080
v -0.343140 -1.021902 4.723981
v -0.626410 -1.925112 4.449980
v -0.324100 -1.018902 4.708881
v -0.343140 -1.925112 4.449980
v -0.626410 -2.757522 4.004981
v -0.324100 -1.919232 4.435781
v -0.343140 -2.757522 4.004981
v -0.626410 -3.487162 3.406180
v -0.324100 -2.748992 3.992281
v -0.343140 -3.487162 3.406180
v -0.626410 -4.085942 2.676581
v -0.324100 -3.476302 3.395381
v -0.343140 -4.085942 2.676581
v -0.626410 -4.530882 1.844181
v -0.324100 -4.073172 2.668080
v -0.343140 -4.530882 1.844181
v -0.626410 -4.804872 0.940981
v -0.324100 -4.516692 1.838280
v -0.343140 -4.804872 0.940981
v -0.626410 -4.897391 0.001581
v -0.324100 -4.789802 0.937981
v -0.343140 -4.897391 0.001581
v -0.626410 -4.804872 -0.937719
v -0.324100 -4.882030 0.001581
v -0.343140 -4.804872 -0.937719
v -0.626410 -4.530922 -1.840818
v -0.324100 -4.789802 -0.934720
v -0.343140 -4.530922 -1.840818
v -0.626410 -4.085942 -2.673320
v -0.324100 -4.516732 -1.834919
v -0.343140 -4.085942 -2.673320
v -0.626410 -3.487152 -3.403019
v -0.343140 -3.487152 -3.403019
v -0.324100 -4.073172 -2.664819
v -0.626410 -2.757522 -4.001819
v -0.626410 -3.487152 -3.403019
v -0.324100 -3.476292 -3.392119
v -0.343140 -2.757522 -4.001819
v -0.626410 -1.925103 -4.446720
v -0.324100 -2.748992 -3.989020
v -0.343140 -1.925103 -4.446720
v -0.626410 -1.021922 -4.720720
v -0.324100 -1.919223 -4.432519
v -0.343140 -1.021922 -4.720720
v -0.626410 -0.082543 -4.813220
v -0.324100 -1.018923 -4.705620
v -0.343140 -0.082543 -4.813220
v -0.626410 0.856787 -4.720720
v -0.324100 -0.082543 -4.797820
v -0.343140 0.856787 -4.720720
v -0.626410 1.760017 -4.446720
v -0.324100 0.853787 -4.705620
v -0.343140 1.760017 -4.446720
v -0.626410 2.592267 -4.001920
v -0.324100 1.754137 -4.432519
v -0.343140 2.592267 -4.001920
v -0.626410 3.322057 -3.403020
v -0.324100 2.583727 -3.989119
v -0.324100 3.311197 -3.392119
v 0.063420 1.607567 -2.527820
v 0.063430 2.068557 -2.149420
v 0.063430 2.446877 -1.688420
v 0.063430 1.081627 -2.808920
v 0.063430 2.727997 -1.162520
v 0.063420 0.510957 -2.982019
v 0.063430 2.901087 -0.591919
v 0.063420 -0.082523 -3.040419
v 0.063430 2.959557 0.001581
v 0.063420 -0.676013 -2.982019
v 0.063430 2.901107 0.595080
v 0.070940 2.890587 0.001581
v 0.063430 2.727997 1.165780
v 0.070940 2.833437 -0.578520
v 0.070940 2.833457 0.581680
v 0.070940 2.664277 -1.136119
v 0.070940 2.664277 1.139380
v 0.070940 2.389527 -1.650119
v 0.070940 2.389527 1.653380
v 0.063430 2.446877 1.691681
v 0.070940 2.019777 -2.100720
v 0.070940 2.019787 2.103981
v 0.063430 2.068557 2.152681
v 0.070940 1.569247 -2.470419
v 0.070940 1.569248 2.473680
v 0.063430 1.607567 2.530980
v 0.070940 1.055237 -2.745219
v 0.070940 1.055237 2.748381
v 0.063420 1.081627 2.812181
v 0.070940 0.497498 2.917581
v 0.070940 0.497497 -2.914319
v 0.063420 0.510958 2.985280
v 0.070940 -0.082532 2.974780
v 0.070940 -0.082523 -2.971519
v 0.063420 -0.082532 3.043680
v 0.070940 -0.662552 2.917581
v 0.063420 -0.676012 2.985280
v 0.070940 -0.662553 -2.914319
v 0.070940 -1.220292 2.748381
v 0.063420 -1.246682 2.812181
v 0.063420 -1.246682 -2.808920
v 0.063420 -1.772622 2.530980
v 0.063420 -1.772622 -2.527820
v 0.070940 -1.220292 -2.745219
v 0.063420 -2.233612 -2.149420
v 0.070940 -1.734303 -2.470419
v 0.070940 -1.734302 2.473680
v 0.063420 -2.611932 -1.688519
v 0.070940 -2.184842 2.103981
v 0.063420 -2.233612 2.152681
v 0.070940 -2.184842 -2.100720
v 0.070940 -2.554582 1.653380
v 0.063420 -2.611932 1.691681
v 0.070940 -2.554583 -1.650119
v 0.063420 -2.893052 1.165781
v 0.070940 -2.829332 1.139380
v 0.063420 -3.066162 0.595081
v 0.070940 -2.998512 0.581681
v 0.063420 -2.893052 -1.162520
v 0.070940 -2.829332 -1.136119
v 0.063420 -3.066162 -0.591820
v 0.070940 -2.998512 -0.578419
v 0.063420 -3.124612 0.001581
v 0.070940 -3.055642 0.001581
vn 0.9114 0.3712 -0.1776
vn -0.9120 0.0124 0.4100
vn -0.9120 -0.0124 -0.4100
vn -0.9114 0.3711 -0.1777
vn -0.9115 0.3513 0.2139
vn -0.9118 0.2065 0.3549
vn 0.9120 0.0123 0.4100
vn 0.9119 0.2064 0.3548
vn 0.9446 0.3261 -0.0376
vn 0.9446 0.1469 -0.2934
vn 0.9118 -0.2063 -0.3549
vn 0.9114 -0.3513 -0.2142
vn 0.0037 0.9749 -0.2225
vn -0.9118 -0.1847 0.3669
vn -0.6695 -0.0974 -0.7364
vn -0.6694 -0.3313 -0.6649
vn -0.6694 -0.5293 -0.5213
vn 0.0168 0.0316 -0.9994
vn -0.6692 -0.7380 -0.0864
vn -0.6693 -0.7261 0.1578
vn -0.6693 -0.6355 0.3849
vn 0.9115 0.3511 0.2140
vn 0.0037 -0.9634 -0.2681
vn -0.6695 -0.2650 0.6940
vn -0.6695 -0.0253 0.7424
vn -0.6695 0.2173 0.7104
vn -0.6694 0.4363 0.6013
vn 0.0169 -0.1958 0.9805
vn 0.0035 0.1414 0.9899
vn -0.6692 0.7422 -0.0361
vn -0.6692 0.6903 -0.2751
vn -0.6693 0.5636 -0.4842
vn -0.6694 0.3758 -0.6408
vn 0.9120 0.0537 -0.4066
vn -0.9446 -0.1166 -0.3067
vn -0.9446 0.1932 -0.2653
vn -0.5861 0.6704 0.4550
vn 0.1674 0.9011 -0.4000
vn 0.5636 0.4767 0.6747
vn -0.1675 0.8229 -0.5429
vn -0.6552 0.1629 -0.7377
vn 0.5635 0.6699 0.4835
vn 0.1674 0.7224 -0.6709
vn -0.5635 0.7404 0.3665
vn -0.1675 0.6019 -0.7808
vn -0.0633 0.3692 -0.9272
vn 0.1674 0.4654 -0.8691
vn -0.9446 -0.0435 0.3253
vn 0.5861 0.8062 0.0815
vn -0.5634 0.8193 0.1063
vn -0.1675 -0.0048 -0.9859
vn -0.5861 0.7478 -0.3120
vn 0.1675 0.1577 -0.9732
vn 0.5634 0.8256 -0.0297
vn 0.0332 0.9964 -0.0781
vn -0.5862 0.6060 -0.5378
vn 0.5861 0.6863 -0.4306
vn 0.1675 -0.1670 -0.9716
vn -0.1676 -0.3248 -0.9308
vn -0.0635 -0.5745 -0.8160
vn 0.5635 0.6334 -0.5304
vn 0.1675 -0.4736 -0.8647
vn 0.0036 -0.3025 -0.9531
vn -0.0633 -0.8085 -0.5851
vn 0.1674 -0.7286 -0.6642
vn 0.5636 0.4268 -0.7072
vn 0.0331 0.4797 -0.8768
vn -0.0634 -0.9546 -0.2911
vn -0.5636 0.0384 -0.8252
vn -0.9446 0.3279 0.0165
vn 0.1674 -0.9048 -0.3916
vn 0.5863 0.0147 -0.8100
vn 0.5862 -0.2493 -0.7708
vn -0.0634 -0.9974 0.0344
vn -0.6550 -0.4947 0.5712
vn 0.1674 -0.9829 -0.0768
vn -0.0634 -0.9322 0.3563
vn 0.1674 -0.9546 0.2464
vn 0.5862 -0.4862 -0.6481
vn 0.0333 -0.4721 -0.8809
vn -0.5861 -0.7361 -0.3385
vn 0.1674 -0.8230 0.5429
vn 0.5861 -0.6703 -0.4552
vn 0.0036 -0.9250 0.3798
vn -0.1674 -0.7222 0.6711
vn -0.0634 -0.5169 0.8537
vn 0.5860 -0.7818 -0.2130
vn 0.1675 -0.6021 0.7807
vn 0.0331 -0.9136 -0.4053
vn -0.0634 -0.2115 0.9753
vn 0.1675 -0.3159 0.9339
vn 0.5860 -0.8086 0.0523
vn 0.0036 -0.4967 0.8679
vn -0.0634 0.1166 0.9911
vn 0.5861 -0.7479 0.3118
vn 0.1674 0.0047 0.9859
vn 0.9113 -0.0133 -0.4116
vn -0.5634 -0.7712 0.2962
vn 0.5861 -0.6061 0.5377
vn -0.6692 0.7137 0.2067
vn 0.1675 0.3246 0.9309
vn -0.1675 0.4736 0.8647
vn -0.5862 -0.5091 0.6302
vn -0.5635 -0.4267 0.7074
vn 0.5862 -0.3987 0.7053
vn 0.1675 0.6094 0.7750
vn -0.0634 0.7011 0.7103
vn -0.1674 0.9049 0.3913
vn 0.5862 -0.1478 0.7965
vn 0.1674 0.8280 0.5352
vn 0.0037 0.7197 0.6942
vn -0.5863 -0.0144 0.8100
vn -0.5637 0.0979 0.8202
vn -0.0634 0.9895 0.1301
vn 0.5862 0.1190 0.8014
vn 0.1674 0.9569 0.2373
vn -0.5636 0.3591 0.7439
vn -0.0633 0.9781 -0.1982
vn 0.5862 0.3728 0.7193
vn 0.1674 0.9821 -0.0859
vn 0.9446 0.2962 -0.1414
vn -0.9113 0.1207 -0.3937
vn -0.9105 0.3387 -0.2371
vn -0.9446 0.2486 0.2142
vn -0.9446 0.1166 0.3067
vn -0.9446 -0.1931 0.2653
vn 0.9110 -0.4118 -0.0209
vn 0.9446 0.2805 0.1705
vn 0.9446 0.3207 0.0703
vn 0.9446 -0.1655 -0.2834
vn 0.9446 -0.2486 -0.2143
vn 0.5862 0.5862 0.5593
vn 0.5860 0.7361 0.3387
vn -0.9106 -0.2942 0.2902
vn -0.5860 0.7818 0.2128
vn 0.5634 0.7906 0.2399
vn 0.9446 0.0106 0.3279
vn 0.5861 0.7890 -0.1845
vn 0.0036 0.0235 -0.9997
vn 0.5634 0.7713 -0.2960
vn 0.9446 0.1166 0.3067
vn 0.5862 0.5093 -0.6301
vn 0.5862 0.2770 -0.7614
vn 0.5636 0.1739 -0.8075
vn -0.9446 0.3207 0.0702
vn 0.5636 -0.0978 -0.8202
vn 0.5636 -0.3590 -0.7440
vn -0.9446 0.3261 -0.0377
vn 0.5635 -0.5812 -0.5871
vn 0.5634 -0.7403 -0.3667
vn -0.9118 0.2411 -0.3324
vn 0.5634 -0.8193 -0.1066
vn 0.5634 -0.8095 0.1651
vn 0.5635 -0.7121 0.4189
vn 0.5636 -0.5374 0.6273
vn 0.5636 -0.3046 0.7678
vn 0.5636 -0.0385 0.8252
vn 0.5636 0.2316 0.7929
vn -0.9446 -0.3278 -0.0165
vn -0.9446 0.0435 -0.3252
vn 0.9446 -0.0965 0.3136
vn 0.9112 0.4114 0.0207
vn 0.6601 0.0168 -0.7510
vn -0.9113 -0.3715 0.1778
vn -0.0157 0.7637 -0.6453
vn 0.0035 0.8500 -0.5268
vn -0.1675 0.3157 -0.9340
vn 0.0038 0.6330 -0.7742
vn 0.6599 -0.6198 -0.4247
vn 0.6599 -0.7241 -0.2006
vn -0.6549 -0.6754 -0.3389
vn -0.6240 0.3362 -0.7054
vn -0.9798 -0.1245 -0.1566
vn -0.1674 -0.8282 -0.5349
vn -0.5863 0.1477 -0.7965
vn -0.1674 -0.9569 -0.2372
vn 0.0036 -0.8242 -0.5663
vn -0.6240 -0.4069 -0.6671
vn -0.1674 -0.9821 0.0862
vn -0.5862 -0.5863 -0.5591
vn -0.1674 -0.9010 0.4003
vn 0.6601 0.1071 0.7435
vn 0.9446 0.2342 -0.2299
vn -0.5861 -0.8062 -0.0813
vn -0.1675 -0.4652 0.8692
vn -0.6239 -0.7468 0.2305
vn 0.9446 0.0966 -0.3136
vn -0.1675 -0.1574 0.9732
vn -0.1675 0.1672 0.9716
vn -0.6693 0.6080 0.4271
vn 0.6599 0.7472 0.0787
vn -0.1675 0.7287 0.6640
vn 0.0036 0.4553 0.8903
vn -0.0157 0.8133 0.5816
vn -0.1674 0.9829 0.0766
vn 0.0036 0.9062 0.4229
vn 0.0035 0.9944 0.1060
vn -0.1673 0.9546 -0.2466
vn -0.9446 -0.0107 -0.3279
vn -0.9446 0.2962 -0.1414
vn 0.9446 0.2099 0.2523
vn 0.9115 0.3377 -0.2347
vn 0.9118 0.2412 -0.3323
vn -0.6239 0.6755 0.3930
vn 0.0167 0.9765 -0.2147
vn -0.6551 -0.0855 -0.7507
vn 0.6600 -0.4482 -0.6029
vn -0.6551 -0.3247 -0.6822
vn -0.5860 0.8086 -0.0524
vn 0.0157 0.3647 -0.9310
vn -0.9446 0.0645 0.3218
vn 0.0037 0.3472 -0.9378
vn -0.6239 0.5471 -0.5580
vn -0.5862 0.3984 -0.7054
vn -0.6549 -0.7489 -0.1014
vn 0.6599 -0.7500 0.0453
vn -0.9446 0.2099 0.2522
vn -0.6549 -0.7412 0.1471
vn 0.6599 -0.6947 0.2862
vn 0.9109 0.2633 0.3176
vn 0.0036 -0.5957 -0.8032
vn -0.6549 -0.6533 0.3797
vn -0.0157 -0.8979 -0.4399
vn -0.5863 -0.1191 -0.8013
vn 0.0168 -0.9611 -0.2759
vn 0.6600 -0.3724 0.6525
vn -0.5862 -0.3729 -0.7192
vn 0.0157 -0.9991 0.0401
vn 0.0168 -0.9986 0.0510
vn 0.6600 -0.1403 0.7380
vn -0.6551 -0.0393 0.7545
vn -0.5635 -0.6700 -0.4833
vn -0.6551 0.2079 0.7264
vn 0.6600 0.3429 0.6684
vn 0.0038 -0.7517 0.6595
vn -0.5861 -0.7889 0.1847
vn 0.9446 0.0436 -0.3252
vn -0.6550 0.4326 0.6195
vn 0.6600 0.5414 0.5209
vn -0.0156 -0.0422 0.9990
vn -0.5861 -0.6862 0.4308
vn 0.9446 -0.0644 -0.3217
vn 0.0158 -0.2066 0.9783
vn -0.5635 -0.6333 0.5305
vn -0.9118 -0.1468 -0.3834
vn -0.6549 0.7220 0.2232
vn 0.0157 0.4382 0.8987
vn -0.0156 0.5805 0.8141
vn -0.5863 -0.2769 0.7613
vn -0.6549 0.7069 -0.2671
vn 0.0332 -0.3289 0.9438
vn -0.6550 0.5819 -0.4820
vn 0.6600 0.4748 -0.5822
vn -0.5862 0.2494 0.7708
vn -0.5862 0.4863 0.6480
vn -0.6551 0.3939 -0.6448
vn 0.9446 -0.3278 -0.0166
vn 0.6600 0.2599 -0.7048
vn -0.9113 0.4025 0.0865
vn -0.9110 -0.4120 -0.0208
vn 0.9113 -0.3715 0.1777
vn -0.9446 0.0965 -0.3136
vn -0.9113 0.3957 -0.1140
vn -0.9113 0.3823 0.1530
vn -0.9109 0.2634 0.3176
vn -0.9114 0.0808 0.4036
vn -0.9109 -0.1845 0.3690
vn -0.9446 -0.2342 0.2300
vn 0.9111 0.1463 0.3852
vn 0.9112 0.3521 0.2140
vn 0.9114 0.4024 0.0866
vn 0.9119 -0.1467 -0.3834
vn 0.9108 -0.2635 -0.3179
vn -0.9798 0.1665 -0.1110
vn 0.9798 0.1826 -0.0820
vn 0.0157 0.9789 -0.2039
vn -0.0634 0.8609 -0.5048
vn 0.9798 0.1461 -0.1368
vn 0.6601 -0.2280 -0.7158
vn -0.9446 -0.0965 0.3136
vn 0.9798 0.0937 -0.1768
vn -0.9798 0.0631 -0.1898
vn -0.9798 -0.0020 -0.2000
vn -0.0634 0.0480 -0.9968
vn 0.9446 -0.0966 0.3136
vn -0.9446 0.0107 0.3280
vn 0.9798 0.0312 -0.1976
vn 0.9120 -0.0536 0.4067
vn -0.6239 0.6987 -0.3502
vn -0.9424 0.0258 -0.3334
vn 0.9798 -0.0347 -0.1970
vn -0.9798 -0.0668 -0.1885
vn -0.0635 -0.2783 -0.9584
vn -0.1675 -0.6096 -0.7748
vn 0.0332 0.7385 -0.6735
vn -0.9798 -0.1686 -0.1077
vn 0.9798 -0.1484 -0.1342
vn -0.9446 0.2805 0.1704
vn -0.6240 0.0889 -0.7763
vn -0.9798 -0.1945 -0.0472
vn 0.9798 -0.1840 -0.0787
vn 0.0157 -0.9580 -0.2863
vn -0.9112 0.4115 0.0207
vn -0.9798 -0.1993 0.0185
vn -0.6239 -0.6016 -0.4988
vn 0.9798 -0.1936 0.0508
vn 0.9102 0.3976 -0.1159
vn -0.9798 -0.1825 0.0822
vn -0.0634 -0.7661 0.6396
vn -0.9446 0.2342 -0.2299
vn -0.9798 -0.1461 0.1368
vn -0.6238 -0.7812 -0.0244
vn -0.9798 -0.0937 0.1768
vn 0.9798 -0.0633 0.1898
vn 0.9112 0.1208 -0.3939
vn -0.9798 -0.0310 0.1976
vn 0.0332 -0.9957 -0.0868
vn -0.9798 0.0349 0.1969
vn 0.0036 -0.1878 0.9822
vn -0.0634 0.4323 0.8995
vn 0.0169 0.4479 0.8939
vn 0.9798 0.1685 0.1079
vn 0.6599 0.6381 -0.3966
vn 0.9798 0.1944 0.0474
vn 0.9798 0.1993 -0.0183
vn -0.9100 -0.3980 0.1160
vn 0.9446 -0.2963 0.1414
vn -0.7222 -0.6414 -0.2589
vn -0.9446 0.1468 -0.2935
vn -0.9108 0.2940 -0.2900
vn -0.0373 0.4713 0.8812
vn -0.5635 0.5813 0.5870
vn -0.9424 0.3297 -0.0567
vn 0.5713 0.7543 0.3235
vn -0.0371 0.7318 0.6805
vn -0.9424 0.2934 -0.1607
vn -0.5026 0.8284 0.2475
vn -0.6238 0.7746 -0.1044
vn -0.9424 0.2252 -0.2473
vn 0.0960 0.5887 -0.8026
vn -0.0372 0.9131 0.4061
vn -0.6550 -0.5287 -0.5399
vn -0.0370 0.9955 0.0877
vn -0.9120 -0.0535 0.4067
vn 0.0332 0.9171 -0.3972
vn 0.9446 0.0644 0.3217
vn 0.5713 0.6836 -0.4542
vn -0.0370 0.9701 -0.2401
vn 0.6240 0.4479 -0.6403
vn 0.1678 -0.4147 -0.8943
vn -0.9424 -0.0840 -0.3237
vn 0.9446 0.1655 0.2834
vn -0.9446 0.1655 0.2834
vn 0.0157 -0.5802 -0.8143
vn 0.9446 0.2485 0.2143
vn -0.0372 0.6182 -0.7852
vn 0.6240 -0.0400 -0.7804
vn -0.9424 -0.2652 -0.2039
vn 0.0634 -0.8936 -0.4444
vn 0.6660 -0.5774 0.4722
vn 0.5027 -0.2457 -0.8288
vn -0.0369 0.0053 -0.9993
vn 0.0334 -0.1604 -0.9865
vn -0.9424 -0.3170 -0.1069
vn 0.0634 -0.9782 0.1978
vn -0.0369 -0.3197 -0.9468
vn -0.9424 -0.3346 0.0018
vn 0.5713 -0.6908 -0.4432
vn -0.0157 -0.8596 0.5107
vn -0.0372 -0.6098 -0.7917
vn -0.9424 -0.3159 0.1104
vn 0.0960 -0.7128 0.6948
vn -0.9424 -0.2629 0.2069
vn -0.0369 -0.8338 -0.5508
vn -0.9119 0.1846 -0.3666
vn 0.6238 -0.7746 0.1043
vn -0.9120 0.0536 -0.4067
vn 0.0634 -0.3695 0.9270
vn -0.9424 -0.1815 0.2809
vn 0.5025 -0.8059 0.3130
vn -0.0370 -0.9963 0.0772
vn 0.9120 -0.0122 -0.4100
vn 0.6599 0.6812 0.3170
vn 0.5026 -0.6606 0.5576
vn -0.0371 -0.9173 0.3964
vn 0.9446 -0.1165 -0.3067
vn -0.9424 0.0295 0.3331
vn -0.6240 -0.4477 0.6405
vn 0.5027 -0.4438 0.7418
vn 0.9446 -0.2098 -0.2523
vn -0.0371 -0.7390 0.6727
vn 0.6599 0.7324 -0.1680
vn 0.0960 0.7516 0.6526
vn -0.5027 -0.0367 0.8637
vn -0.0372 -0.4805 0.8762
vn -0.9424 0.2280 0.2448
vn -0.6241 0.2915 0.7250
vn -0.0370 -0.1697 0.9848
vn 0.0156 0.8978 0.4401
vn -0.9424 0.3303 0.0531
vn 0.9111 -0.4096 0.0455
vn 0.5714 0.3965 0.7185
vn -0.0370 0.1594 0.9865
vn -0.0213 0.9996 -0.0159
vn -0.9108 -0.2636 -0.3179
vn 0.9112 -0.1208 0.3939
vn 0.9115 -0.3123 -0.2676
vn 0.0331 0.8344 0.5501
vn 0.6031 0.7884 0.1210
vn 0.0331 0.1688 -0.9851
vn 0.9798 -0.1666 0.1109
vn 0.6379 -0.6114 -0.4683
vn 0.6379 -0.6043 0.4774
vn -0.6240 0.0403 0.7804
vn 0.7224 -0.6412 -0.2589
vn 0.6382 0.0695 0.7667
vn 0.6033 0.3301 0.7260
vn 0.9446 -0.1932 0.2653
vn -0.9446 -0.3047 -0.1220
vn -0.9446 0.3155 -0.0908
vn -0.7221 0.6642 -0.1936
vn 0.9104 0.3837 0.1549
vn 0.9112 0.4115 0.0208
vn 0.7248 0.4047 -0.5576
vn 0.1677 0.9256 -0.3393
vn -0.0227 0.9430 -0.3319
vn -0.9114 -0.3379 0.2350
vn 0.6408 0.0337 -0.7670
vn -0.9117 -0.2412 0.3326
vn -0.4277 0.0790 -0.9005
vn 0.6408 -0.2174 -0.7363
vn -0.9446 -0.2342 0.2299
vn 0.6379 0.6801 0.3612
vn 0.6661 -0.4233 -0.6141
vn -0.9446 -0.1468 0.2935
vn -0.0227 0.2380 -0.9710
vn 0.1678 0.2223 -0.9604
vn -0.9424 0.1327 -0.3070
vn 0.6660 -0.5998 -0.4435
vn -0.4275 -0.7108 -0.5585
vn 0.6660 -0.7113 -0.2248
vn -0.0225 -0.0904 -0.9957
vn -0.0371 0.8396 -0.5420
vn 0.6660 -0.7458 0.0182
vn 0.6380 0.5174 -0.5703
vn 0.1678 -0.6827 -0.7112
vn -0.0228 -0.6831 -0.7300
vn -0.9424 -0.1846 -0.2789
vn 0.6660 -0.6995 0.2592
vn 0.9446 0.3047 0.1220
vn -0.0370 0.3296 -0.9434
vn -0.9446 0.3048 0.1220
vn 0.6382 0.0578 -0.7677
vn -0.0157 -0.9921 -0.1246
vn 0.9446 0.3278 0.0166
vn 0.6408 -0.1595 0.7510
vn -0.0226 -0.9848 0.1722
vn 0.0036 -0.9982 0.0591
vn -0.4277 -0.2263 0.8752
vn -0.9446 0.2689 -0.1883
vn -0.0150 -0.7154 -0.6986
vn 0.5754 -0.7358 -0.3570
vn -0.0223 -0.6718 0.7404
vn 0.6661 0.3164 0.6754
vn 0.6408 0.5417 0.5440
vn -0.0370 -0.9675 -0.2503
vn -0.0222 -0.3947 0.9185
vn -0.6239 -0.6315 0.4603
vn -0.6550 0.6104 0.4454
vn -0.9446 -0.0645 -0.3217
vn 0.6030 -0.7511 0.2687
vn 0.5714 -0.5995 0.5605
vn -0.4275 0.7931 0.4339
vn -0.5026 -0.5597 0.6589
vn 0.6660 0.7386 0.1047
vn -0.6240 -0.2155 0.7511
vn -0.6549 0.7554 -0.0232
vn -0.5027 -0.3154 0.8048
vn 0.6379 -0.4165 0.6478
vn 0.4275 0.8565 -0.2894
vn 0.6379 -0.1836 0.7479
vn 0.5027 0.1059 0.8580
vn -0.9424 0.2952 0.1575
vn -0.5756 0.1037 0.8112
vn 0.6408 0.4977 -0.5845
vn -0.4276 0.6156 -0.6619
vn -0.5755 0.3616 0.7335
vn 0.6661 0.2830 -0.6901
vn 0.7249 0.1350 0.6755
vn 0.7219 -0.6643 0.1936
vn 0.9798 -0.0968 -0.1751
vn 0.9446 0.1932 -0.2653
vn -0.7245 -0.1352 -0.6759
vn 0.9798 0.0018 0.2000
vn 0.9798 0.1243 0.1567
vn -0.9111 -0.4029 -0.0865
vn -0.9446 -0.3261 0.0377
vn 0.3098 -0.2422 -0.9194
vn -0.9446 -0.2100 -0.2522
vn -0.3098 -0.6378 0.7052
vn -0.3098 0.2420 0.9195
vn -0.9115 0.3376 -0.2348
vn -0.9114 0.2632 0.3163
vn -0.9116 0.3122 0.2674
vn -0.9115 0.0809 0.4033
vn -0.7242 0.2467 0.6440
vn 0.7253 -0.2018 0.6582
vn 0.9114 0.2631 0.3163
vn 0.9116 0.3121 0.2675
vn 0.9107 0.2941 -0.2900
vn 0.9115 0.0808 0.4033
vn 0.9110 0.1846 -0.3688
vn 0.7242 -0.2464 -0.6440
vn 0.9112 -0.2078 -0.3557
vn -0.5026 0.7032 0.5030
vn 0.0333 0.6106 0.7912
vn 0.4562 0.8701 -0.1863
vn 0.5714 0.6084 0.5508
vn -0.6239 0.7665 0.1525
vn 0.5755 0.6670 0.4732
vn 0.1677 0.5221 -0.8362
vn 0.4564 0.5723 -0.6813
vn -0.7250 -0.2018 0.6585
vn 0.0462 0.5874 -0.8080
vn 0.6238 0.7812 0.0245
vn -0.5025 0.8639 -0.0347
vn -0.0212 0.5336 -0.8455
vn -0.5025 0.8058 -0.3131
vn 0.6239 0.7468 -0.2303
vn 0.4564 0.3200 -0.8302
vn -0.5634 0.8095 -0.1653
vn 0.9447 -0.0436 0.3252
vn 0.6378 0.7587 -0.1324
vn 0.0084 0.0815 -0.9966
vn 0.4564 0.0329 -0.8892
vn -0.5754 0.7014 -0.4206
vn -0.5634 0.7120 -0.4190
vn -0.5714 0.3848 -0.7249
vn -0.4564 -0.3947 -0.7975
vn 0.4564 -0.2577 -0.8516
vn -0.6406 -0.7617 -0.0969
vn -0.0227 -0.4091 -0.9122
vn -0.5714 0.1285 -0.8105
vn -0.5755 0.2950 -0.7627
vn 0.4564 -0.5204 -0.7217
vn 0.5714 0.2604 -0.7782
vn 0.0169 -0.5890 -0.8079
vn -0.5715 -0.1419 -0.8083
vn 0.5755 0.1656 -0.8008
vn -0.0086 -0.8803 -0.4744
vn -0.4563 -0.8013 -0.3869
vn -0.9104 0.3837 0.1548
vn 0.5715 -0.2728 -0.7740
vn -0.5756 -0.2358 -0.7830
vn 0.6661 -0.3927 0.6341
vn 0.6380 -0.1947 -0.7450
vn -0.5636 -0.2318 -0.7928
vn -0.5714 -0.6085 -0.5507
vn 0.6239 -0.5111 -0.5912
vn 0.5026 -0.5016 -0.7041
vn 0.7223 0.6640 -0.1935
vn 0.9446 0.3155 -0.0907
vn -0.5754 -0.4775 -0.6640
vn -0.5713 -0.7544 -0.3233
vn 0.5755 -0.5801 -0.5765
vn -0.5754 -0.6672 -0.4730
vn 0.9446 0.2689 -0.1882
vn 0.6662 0.0798 0.7415
vn -0.5712 -0.8185 -0.0610
vn 0.0464 -0.7125 0.7002
vn 0.5713 -0.7973 -0.1950
vn -0.4564 -0.5722 0.6814
vn -0.5712 -0.7940 0.2079
vn 0.4565 -0.4523 0.7662
vn 0.0466 -0.4463 0.8937
vn -0.4564 -0.3197 0.8303
vn -0.5025 -0.7433 0.4415
vn 0.5713 -0.7490 0.3356
vn -0.6034 -0.7852 0.1393
vn -0.4276 0.6093 0.6678
vn 0.6660 0.6646 0.3388
vn 0.0168 0.1333 0.9909
vn -0.0082 0.2467 0.9691
vn 0.5714 -0.3850 0.7247
vn 0.0233 0.4091 0.9122
vn -0.4275 0.8910 0.1530
vn 0.6660 0.7326 -0.1406
vn 0.0633 0.8083 0.5853
vn 0.4563 0.6321 0.6262
vn 0.6241 -0.0890 0.7763
vn 0.6660 0.6473 -0.3707
vn -0.5636 -0.1738 0.8076
vn -0.0225 0.9481 0.3171
vn -0.4276 0.7972 -0.4263
vn 0.6240 0.1680 0.7632
vn 0.0331 -0.0045 0.9994
vn -0.5713 0.5096 0.6433
vn 0.5027 0.3788 0.7771
vn 0.9112 -0.4028 -0.0867
vn 0.0467 0.9977 0.0496
vn -0.7218 -0.6644 0.1937
vn 0.7240 -0.6222 0.2977
vn -0.9118 -0.2065 -0.3550
vn -0.9929 0.1106 0.0443
vn 0.9113 -0.2938 0.2884
vn 0.9929 0.1076 -0.0513
vn -0.3097 0.9022 0.3003
vn -0.9798 0.0970 0.1750
vn 0.3096 0.9364 -0.1650
vn -0.9798 0.1841 0.0785
vn 0.3098 0.6377 -0.7053
vn -0.9929 0.1145 -0.0330
vn 0.3098 0.3740 -0.8741
vn -0.9114 0.0546 -0.4079
vn -0.9100 0.4119 -0.0476
vn -0.9446 -0.2689 0.1882
vn -0.7153 0.6234 -0.3158
vn 0.0222 0.9849 -0.1715
vn 0.0464 0.9598 -0.2768
vn -0.4276 0.3672 -0.8260
vn 0.9424 0.3159 -0.1104
vn 0.0083 0.8790 -0.4767
vn -0.4564 0.6765 -0.5780
vn -0.7248 -0.4905 0.4838
vn 0.0960 0.8175 -0.5679
vn 0.0166 0.8541 -0.5199
vn 0.6661 -0.2008 -0.7183
vn -0.1678 0.6526 -0.7389
vn -0.0228 0.7842 -0.6201
vn -0.4277 -0.2178 -0.8773
vn -0.6037 0.7567 0.2510
vn 0.6408 -0.4448 -0.6257
vn -0.4564 0.4521 -0.7663
vn -0.4277 -0.4910 -0.7590
vn -0.9446 -0.0435 0.3252
vn -0.6034 0.7974 -0.0083
vn 0.6407 -0.6239 -0.4475
vn -0.7155 0.0764 -0.6944
vn 0.0166 0.3546 -0.9349
vn -0.6693 -0.6700 -0.3212
vn 0.5026 0.7434 -0.4413
vn 0.4275 -0.7932 -0.4337
vn -0.5714 0.5994 -0.5606
vn 0.6379 0.6746 -0.3715
vn 0.0227 -0.2531 -0.9672
vn 0.5714 0.4990 -0.6515
vn 0.4274 -0.8910 -0.1528
vn -0.5635 0.5373 -0.6275
vn -0.4275 -0.9040 -0.0043
vn -0.6035 0.4294 -0.6719
vn 0.4275 -0.8924 0.1446
vn -0.5636 0.3043 -0.7679
vn 0.6381 0.3041 -0.7074
vn -0.6407 -0.6607 0.3911
vn 0.6407 -0.5872 0.4946
vn 0.0228 -0.7939 -0.6077
vn 0.5715 -0.0066 -0.8206
vn 0.9424 -0.2952 -0.1575
vn 0.5756 -0.1035 -0.8111
vn 0.0226 -0.9480 -0.3173
vn -0.4276 -0.7162 0.5516
vn -0.0227 -0.9874 -0.1567
vn -0.4276 -0.4982 0.7543
vn 0.7153 -0.6921 0.0962
vn 0.0225 -0.9997 0.0075
vn 0.0465 -0.9923 0.1152
vn 0.6661 -0.1655 0.7272
vn -0.5636 -0.4767 -0.6746
vn 0.0960 -0.8997 0.4258
vn -0.6037 -0.5461 -0.5807
vn 0.0332 -0.7325 -0.6799
vn -0.6035 -0.7053 -0.3720
vn -0.4277 0.0703 0.9012
vn -0.7245 0.4047 -0.5579
vn 0.6408 0.3357 0.6904
vn -0.5634 -0.7906 -0.2397
vn 0.5713 -0.8174 0.0743
vn -0.4276 0.3592 0.8295
vn 0.0226 -0.5408 0.8409
vn 0.7248 0.0901 -0.6830
vn 0.9424 -0.1326 0.3070
vn -0.5634 -0.8256 0.0299
vn 0.4564 -0.1789 0.8716
vn -0.7155 0.0390 0.6975
vn 0.0332 -0.9700 0.2410
vn 0.9113 -0.0809 -0.4036
vn -0.9424 -0.0803 0.3247
vn 0.4565 0.1140 0.8824
vn 0.0151 -0.9284 0.3713
vn 0.0156 0.1226 0.9923
vn 0.4275 0.8537 0.2973
vn -0.4564 0.2580 0.8515
vn -0.4563 0.5206 0.7217
vn 0.4564 0.3945 0.7975
vn 0.0332 -0.6175 0.7859
vn -0.0223 0.5536 0.8325
vn -0.0229 0.7940 0.6075
vn -0.4564 0.7267 0.5135
vn 0.0228 0.6829 0.7302
vn 0.0169 0.7140 0.7000
vn -0.5715 0.2729 0.7739
vn 0.4564 0.8012 0.3871
vn -0.6037 -0.0576 0.7951
vn 0.6661 0.4918 -0.5608
vn 0.0169 0.9025 0.4303
vn 0.0087 0.9866 0.1630
vn 0.4563 0.8835 0.1061
vn 0.6408 0.2809 -0.7144
vn 0.0331 0.3205 0.9467
vn -0.9114 -0.0809 -0.4034
vn 0.9119 0.1467 0.3833
vn 0.3099 0.0697 -0.9482
vn -0.3098 -0.0872 -0.9468
vn 0.7245 -0.4048 0.5578
vn 0.9446 -0.1469 0.2934
vn 0.3098 -0.5277 -0.7910
vn -0.9930 -0.0232 -0.1159
vn 0.3097 -0.7559 -0.5768
vn -0.3097 -0.8404 -0.4447
vn -0.3096 -0.9393 -0.1479
vn -0.9929 -0.0762 -0.0916
vn -0.7218 0.6766 0.1454
vn -0.3097 -0.8322 0.4599
vn 0.3097 -0.7451 0.5907
vn 0.3098 -0.5128 0.8007
vn 0.3098 -0.2249 0.9238
vn -0.3098 -0.0700 0.9482
vn 0.3098 0.0875 0.9468
vn 0.9798 -0.1215 0.1589
vn 0.3098 0.3902 0.8670
vn 0.3097 0.6507 0.6933
vn 0.9929 0.0038 0.1191
vn -0.3097 0.7558 0.5769
vn 0.3097 0.8405 0.4445
vn 0.9798 0.0667 0.1886
vn -0.3096 0.9508 -0.0087
vn -0.9446 -0.2486 -0.2143
vn 0.9110 -0.3524 -0.2142
vn -0.3097 0.8965 -0.3168
vn 0.3097 0.8321 -0.4602
vn -0.3097 0.7451 -0.5906
vn 0.9446 -0.3261 0.0376
vn -0.3098 0.5129 -0.8006
vn -0.7239 -0.6890 -0.0347
vn -0.9798 0.1935 -0.0510
vn -0.9102 -0.3841 -0.1550
vn 0.9446 -0.2343 0.2298
vn 0.9446 -0.3206 -0.0703
vn -0.7229 -0.5247 -0.4495
vn -0.7246 0.0901 -0.6833
vn -0.7242 0.6220 -0.2977
vn -0.9113 0.2077 0.3556
vn -0.7230 0.5247 0.4494
vn 0.7240 -0.6889 -0.0349
vn 0.7247 0.0207 0.6887
vn 0.7246 0.3465 0.5957
vn 0.9446 0.3206 0.0702
vn 0.7227 0.6409 0.2587
vn 0.7244 0.6885 0.0349
vn 0.7229 0.5674 -0.3943
vn 0.7237 -0.4404 -0.5313
vn 0.1891 0.9668 -0.1718
vn -0.1891 0.9253 -0.3287
vn -0.0041 0.9983 -0.0589
vn 0.6662 0.0436 -0.7445
vn 0.1891 0.8587 -0.4762
vn 0.7153 0.5630 -0.4139
vn -0.0040 0.9251 -0.3797
vn -0.9929 0.0701 -0.0963
vn -0.0228 0.5403 -0.8411
vn 0.0888 0.7312 -0.6763
vn -0.0888 0.6096 -0.7877
vn -0.9111 -0.1212 0.3939
vn 0.0165 0.6389 -0.7691
vn -0.5713 0.7490 -0.3357
vn -0.7244 0.0209 0.6891
vn 0.1892 0.3850 -0.9033
vn 0.0888 0.1613 -0.9829
vn 0.0157 0.0426 -0.9990
vn -0.6034 0.7515 -0.2666
vn -0.7154 -0.1533 -0.6816
vn -0.5026 0.4436 -0.7420
vn 0.9930 -0.0420 -0.1105
vn -0.0039 -0.1412 -0.9900
vn 0.0169 -0.2947 -0.9555
vn 0.0888 -0.4768 -0.8745
vn -0.5283 -0.6864 -0.4998
vn 0.7233 0.5243 0.4494
vn -0.9929 -0.1018 -0.0619
vn -0.5027 -0.1060 -0.8580
vn 0.4563 -0.7266 -0.5137
vn -0.0038 -0.7197 -0.6943
vn 0.0168 -0.8194 -0.5729
vn -0.9930 -0.1181 -0.0059
vn -0.5714 -0.3967 -0.7184
vn -0.7153 -0.6986 -0.0188
vn 0.0151 0.0326 -0.9994
vn -0.6693 -0.4762 0.5703
vn 0.0887 -0.9133 -0.3974
vn -0.7242 0.6887 0.0347
vn 0.6408 -0.3947 0.6585
vn 0.1891 -0.9819 0.0104
vn -0.0038 -0.9944 -0.1061
vn 0.9424 -0.3297 0.0570
vn -0.9930 -0.0969 0.0678
vn -0.9930 -0.1137 0.0327
vn -0.7153 -0.6668 0.2089
vn -0.0221 -0.8757 0.4824
vn 0.1891 -0.9254 0.3285
vn -0.4563 -0.7624 0.4588
vn 0.0212 -0.9404 0.3393
vn 0.6409 0.0932 0.7620
vn 0.0168 -0.9280 0.3723
vn 0.4563 -0.6767 0.5779
vn 0.0084 -0.7885 0.6150
vn 0.7241 0.3104 -0.6159
vn 0.0888 -0.8325 0.5468
vn 0.0167 -0.7568 0.6534
vn -0.5753 -0.7847 -0.2309
vn 0.9424 -0.2252 0.2473
vn -0.9446 -0.0106 -0.3280
vn -0.0039 -0.6330 0.7741
vn 0.3786 -0.9244 -0.0467
vn -0.5025 -0.8464 0.1763
vn 0.0168 -0.5037 0.8637
vn -0.9930 -0.0348 0.1130
vn 0.6661 0.5186 0.5361
vn 0.6239 -0.6988 0.3500
vn -0.0222 -0.0749 0.9969
vn -0.1892 -0.0707 0.9794
vn 0.6407 0.6891 0.3387
vn 0.0889 0.0028 0.9960
vn -0.0888 0.1669 0.9820
vn -0.9446 -0.1655 -0.2834
vn 0.9929 0.0423 0.1114
vn 0.9424 0.0839 0.3237
vn 0.0888 0.3262 0.9411
vn 0.9929 0.0762 0.0916
vn -0.6033 -0.5342 0.5921
vn 0.6406 0.7519 -0.1557
vn -0.3789 -0.4140 0.8277
vn -0.0038 0.5956 0.8033
vn 0.5027 -0.1786 0.8458
vn -0.5715 0.0068 0.8206
vn 0.0887 0.8355 0.5423
vn -0.5281 0.8416 0.1132
vn 0.7241 -0.5889 -0.3590
vn 0.0887 0.9663 0.2419
vn -0.7239 -0.6223 0.2979
vn 0.9100 -0.3980 0.1160
vn 0.0156 0.9921 0.1248
vn -0.6036 0.2038 0.7708
vn 0.9424 0.3346 -0.0018
vn -0.1891 0.9819 -0.0106
vn -0.3098 0.2252 -0.9238
vn -0.9798 0.1213 -0.1591
vn -0.3098 -0.3899 -0.8672
vn -0.3097 -0.6505 -0.6935
vn 0.3097 -0.9022 -0.3002
vn 0.3097 -0.9508 0.0088
vn -0.3096 -0.9364 0.1650
vn 0.3097 -0.8965 0.3169
vn 0.9798 -0.1996 -0.0147
vn -0.3098 -0.3741 0.8741
vn -0.3098 0.5275 0.7911
vn 0.3097 0.9393 0.1477
vn -0.7244 -0.6388 -0.2594
vn 0.9930 0.1098 0.0440
vn -0.9446 -0.3279 -0.0165
vn -0.9446 -0.3154 0.0908
vn -0.9798 0.1996 0.0146
vn -0.9119 0.1468 0.3833
vn 0.9110 -0.1846 0.3689
vn 0.7249 0.6609 -0.1944
vn 0.3788 0.5919 0.7114
vn 0.9930 0.1137 -0.0327
vn -0.6694 0.1471 -0.7282
vn 0.0151 0.4471 0.8944
vn -0.5713 0.6909 0.4430
vn 0.9114 -0.3379 0.2349
vn -0.7244 -0.4047 0.5580
vn -0.6035 0.6344 0.4831
vn -0.1891 0.7685 -0.6113
vn 0.7155 0.3980 -0.5742
vn 0.7249 -0.4905 0.4836
vn -0.9929 0.0350 -0.1139
vn 0.0084 0.6766 -0.7363
vn 0.5025 0.8578 0.1081
vn -0.3786 0.9244 0.0465
vn 0.3787 0.9194 -0.1060
vn -0.0084 0.2443 -0.9697
vn -0.5753 0.8000 -0.1702
vn 0.9929 0.0359 -0.1135
vn 0.0867 0.4900 -0.8674
vn 0.5712 0.7941 -0.2077
vn 0.7155 -0.0388 -0.6975
vn 0.9929 0.0158 -0.1181
vn -0.5026 0.6605 -0.5578
vn 0.6406 -0.7354 -0.2207
vn -0.0084 -0.0840 -0.9964
vn 0.1892 -0.2512 -0.9493
vn -0.4275 -0.8537 -0.2975
vn -0.7154 -0.3664 -0.5949
vn 0.9424 -0.1362 -0.3054
vn 0.6406 -0.7673 0.0299
vn 0.0213 -0.5603 -0.8280
vn -0.3789 0.2721 -0.8845
vn -0.7246 0.6386 0.2592
vn 0.7154 -0.4592 -0.5266
vn 0.1891 -0.5460 -0.8162
vn -0.9446 0.2486 0.2143
vn 0.6407 -0.7160 0.2773
vn -0.0213 -0.6890 -0.7244
vn -0.1918 -0.8804 -0.4337
vn -0.7153 -0.6546 -0.2445
vn 0.5282 -0.8415 -0.1133
vn 0.9929 -0.1191 -0.0060
vn -0.5282 -0.8487 0.0269
vn -0.1891 -0.9668 0.1720
vn 0.9929 -0.1146 0.0330
vn 0.0887 -0.9649 0.2470
vn 0.9446 0.2688 -0.1882
vn 0.4563 -0.8276 0.3269
vn -0.1918 -0.8448 0.4995
vn -0.7243 0.2016 -0.6594
vn 0.1891 -0.5286 0.8275
vn 0.9446 0.1931 -0.2652
vn -0.7155 -0.1897 0.6724
vn 0.9930 -0.0157 0.1172
vn 0.1346 -0.1486 0.9797
vn 0.7252 -0.1347 -0.6752
vn 0.9447 -0.0106 -0.3279
vn 0.0888 -0.3210 0.9429
vn -0.9929 0.0234 0.1168
vn -0.7248 -0.1349 -0.6756
vn 0.0331 -0.8392 0.5427
vn 0.0228 0.0903 0.9957
vn 0.6406 0.7617 0.0967
vn -0.5714 -0.4989 0.6517
vn 0.0212 0.4163 0.9090
vn -0.5714 -0.2602 0.7783
vn -0.0841 0.4559 0.8860
vn 0.1345 0.7391 0.6600
vn 0.6407 0.6607 -0.3912
vn 0.7154 0.5397 0.4438
vn 0.9930 0.0896 0.0773
vn -0.9446 -0.3207 -0.0702
vn 0.1891 0.6729 0.7152
vn -0.9930 0.1011 0.0614
vn -0.0082 0.9462 0.3234
vn 0.7153 0.6546 0.2446
vn 0.1677 0.9388 0.3007
vn 0.9930 0.1182 0.0060
vn -0.0841 0.9911 0.1031
vn 0.7153 0.6986 0.0189
vn -0.4563 0.8889 -0.0409
vn 0.9930 -0.1011 -0.0615
vn -0.9801 -0.1425 0.1379
vn 0.9446 -0.2962 0.1414
vn 0.9929 0.0851 -0.0835
vn -0.9801 0.1493 0.1306
vn -0.9105 -0.3132 -0.2699
vn -0.9446 0.0965 -0.3137
vn -0.9112 0.3718 -0.1776
vn -0.9446 -0.2689 0.1883
vn 0.7239 -0.3104 0.6161
vn 0.7248 -0.0900 0.6830
vn 0.9100 0.4118 -0.0475
vn 0.7252 0.4903 -0.4835
vn 0.7244 -0.3464 -0.5960
vn 0.9446 -0.1655 -0.2833
vn 0.9100 -0.4050 -0.0887
vn 0.0960 0.9575 -0.2719
vn 0.0867 0.9941 -0.0645
vn -0.5754 0.5802 0.5764
vn -0.0867 0.9699 -0.2274
vn 0.6030 0.5480 0.5797
vn 0.4277 0.2260 -0.8752
vn -0.0212 0.9403 -0.3396
vn 0.1678 0.7654 -0.6213
vn -0.0213 0.7792 -0.6265
vn 0.1343 0.8214 -0.5543
vn 0.0888 0.9111 -0.4024
vn 0.0158 0.8597 -0.5106
vn -0.0842 0.8456 -0.5271
vn 0.4276 -0.0705 -0.9012
vn -0.7225 -0.5676 0.3948
vn 0.6031 0.7066 0.3702
vn -0.5712 0.8174 -0.0745
vn 0.9426 0.1825 -0.2796
vn -0.0038 0.7517 -0.6595
vn 0.1891 0.6576 -0.7292
vn 0.0157 0.6473 -0.7620
vn -0.7243 -0.2016 0.6594
vn -0.9930 0.0529 -0.1057
vn 0.4276 -0.3594 -0.8294
vn -0.5284 0.3164 -0.7878
vn 0.0331 0.9678 0.2494
vn -0.6407 -0.5416 -0.5442
vn -0.9446 0.0107 0.3279
vn 0.0228 0.3948 -0.9185
vn -0.0841 0.3436 -0.9353
vn -0.0039 0.4969 -0.8678
vn 0.9424 0.0803 -0.3246
vn 0.4276 -0.6094 -0.6677
vn -0.5284 0.0432 -0.8479
vn -0.6407 -0.6890 -0.3388
vn 0.1892 0.0708 -0.9794
vn 0.9447 -0.0435 0.3251
vn -0.0842 0.0209 -0.9962
vn -0.0038 0.1880 -0.9822
vn 0.1678 -0.1018 -0.9805
vn 0.9426 -0.0277 -0.3326
vn -0.9929 -0.0423 -0.1113
vn -0.5284 -0.2345 -0.8160
vn 0.7155 -0.2633 -0.6471
vn 0.9446 0.1165 0.3068
vn -0.0842 -0.3038 -0.9490
vn 0.0084 -0.2468 -0.9690
vn 0.5026 0.5598 -0.6588
vn 0.0868 -0.1466 -0.9854
vn -0.7249 0.4390 0.5308
vn -0.1892 -0.4044 -0.8948
vn -0.0213 -0.4165 -0.9089
vn 0.1343 -0.6207 -0.7725
vn 0.0842 -0.4557 -0.8861
vn -0.0841 -0.5956 -0.7989
vn 0.5027 0.3155 -0.8049
vn 0.0151 0.6399 -0.7683
vn 0.6030 0.3110 -0.7346
vn 0.0084 -0.7900 -0.6130
vn -0.4275 -0.8565 0.2893
vn 0.4275 -0.7972 0.4264
vn -0.0213 -0.8869 -0.4615
vn 0.1891 -0.7814 -0.5947
vn 0.7244 0.5886 0.3588
vn -0.0841 -0.8227 -0.5622
vn 0.0868 -0.7210 -0.6875
vn -0.9928 -0.1171 -0.0266
vn 0.9426 -0.2938 -0.1587
vn 0.0960 -0.9716 -0.2163
vn -0.9929 -0.1184 0.0137
vn -0.9112 0.4114 0.0207
vn -0.0038 -0.9061 -0.4231
vn 0.1343 -0.9642 -0.2286
vn 0.9424 -0.3304 -0.0531
vn -0.0888 -0.9663 -0.2415
vn -0.0154 -0.1351 -0.9907
vn -0.1677 -0.9856 0.0206
vn -0.0960 -0.9575 0.2721
vn -0.6408 -0.2810 0.7144
vn 0.0213 -0.9996 0.0158
vn 0.4563 -0.8889 0.0406
vn 0.0887 -0.9929 -0.0795
vn -0.0867 -0.9941 0.0648
vn -0.6037 -0.3279 -0.7266
vn 0.6380 -0.4262 -0.6413
vn -0.9929 -0.1075 0.0514
vn -0.7215 0.6882 -0.0766
vn -0.0084 -0.9861 0.1658
vn 0.1343 -0.9014 0.4115
vn 0.1677 -0.8573 0.4868
vn -0.0213 -0.8717 0.4896
vn 0.9930 -0.1068 0.0510
vn -0.9929 -0.0850 0.0835
vn 0.0229 -0.9431 0.3318
vn 0.0842 -0.9710 0.2240
vn -0.7231 0.4910 -0.4858
vn -0.0841 -0.9208 0.3808
vn -0.5025 -0.7764 -0.3804
vn -0.0083 -0.6766 0.7363
vn 0.0634 -0.6506 0.7568
vn -0.0961 -0.5886 0.8027
vn 0.5283 -0.5553 0.6423
vn -0.0868 -0.7449 0.6616
vn 0.0842 -0.8457 0.5270
vn 0.0212 -0.7793 0.6263
vn -0.9928 -0.0545 0.1070
vn -0.9114 0.2936 -0.2883
vn -0.1892 -0.6574 0.7294
vn 0.6379 -0.7303 -0.2444
vn 0.4276 0.4911 0.7589
vn -0.0213 -0.3870 0.9218
vn 0.0868 -0.6260 0.7750
vn -0.9929 -0.0158 0.1181
vn 0.9930 -0.0529 0.1058
vn 0.0153 -0.9608 -0.2769
vn 0.5025 -0.8639 0.0345
vn 0.0156 -0.5130 0.8583
vn -0.0842 -0.4928 0.8660
vn 0.6378 -0.7702 0.0058
vn -0.1892 -0.3849 0.9034
vn -0.5713 -0.6835 0.4543
vn 0.1678 -0.0610 0.9839
vn 0.5284 -0.0436 0.8479
vn 0.7253 0.2018 -0.6582
vn 0.0231 -0.2380 0.9710
vn -0.0841 -0.1847 0.9792
vn -0.0039 -0.3473 0.9378
vn -0.3786 -0.8352 0.3989
vn 0.9426 -0.0275 0.3327
vn 0.0960 0.1922 0.9766
vn 0.1892 0.0915 0.9777
vn 0.0844 -0.0211 0.9962
vn 0.1343 0.1780 0.9748
vn -0.9113 -0.0808 -0.4038
vn -0.5283 0.3657 0.7663
vn 0.6030 -0.6232 0.4980
vn 0.1678 0.5564 0.8138
vn 0.1891 0.4042 0.8949
vn -0.5282 0.5948 0.6060
vn 0.1345 0.4847 0.8643
vn 0.7155 0.3663 0.5949
vn 0.0842 0.3036 0.9491
vn -0.0087 0.5485 0.8361
vn -0.1677 0.8768 0.4507
vn -0.5283 0.7593 0.3801
vn -0.0888 0.7350 0.6722
vn 0.9446 -0.2804 -0.1705
vn -0.4275 0.8924 -0.1444
vn 0.0153 -0.5048 0.8631
vn 0.0887 0.6141 0.7842
vn 0.9424 0.2653 0.2039
vn -0.0152 -0.3529 0.9355
vn -0.0960 0.9716 0.2162
vn 0.1891 0.8686 0.4580
vn -0.0888 0.9135 0.3971
vn -0.4563 0.8541 0.2498
vn -0.9111 -0.4096 0.0456
vn -0.6407 0.5873 -0.4945
vn 0.9426 0.3159 0.1082
vn 0.0223 0.8830 0.4688
vn -0.0037 0.8242 0.5664
vn -0.0959 0.9892 -0.1110
vn 0.1343 0.9887 0.0668
vn 0.1891 0.9702 0.1513
vn 0.0841 0.9606 0.2649
vn 0.1677 0.9856 -0.0203
vn -0.0151 0.2966 0.9549
vn -0.9801 0.1634 -0.1126
vn -0.9801 0.0597 -0.1891
vn -0.9801 -0.0050 -0.1983
vn -0.9801 -0.0691 -0.1859
vn -0.9801 -0.1258 -0.1534
vn 0.9930 -0.0756 -0.0909
vn -0.9801 -0.1688 -0.1043
vn -0.9801 -0.1935 -0.0439
vn 0.7154 -0.6054 -0.3490
vn -0.9801 -0.1973 0.0213
vn -0.9801 -0.1797 0.0842
vn -0.7154 -0.3979 0.5743
vn -0.9801 -0.0278 0.1964
vn -0.9446 -0.2100 -0.2523
vn -0.7240 -0.5891 -0.3589
vn 0.9801 0.1796 -0.0841
vn 0.9801 0.1426 -0.1378
vn 0.9802 0.0278 -0.1963
vn 0.9802 -0.0375 -0.1947
vn 0.9801 -0.1492 -0.1306
vn 0.9801 -0.1910 0.0534
vn 0.9801 -0.1633 0.1125
vn 0.9801 -0.0598 0.1890
vn 0.9802 0.0049 0.1982
vn 0.9801 0.1687 0.1043
vn 0.9801 0.1934 0.0439
vn 0.9801 0.1972 -0.0213
vn 0.9112 0.3718 -0.1775
vn 0.7244 -0.6613 0.1945
vn 0.1344 0.9569 -0.2576
vn -0.7154 0.4871 -0.5010
vn 0.4564 0.7625 -0.4586
vn -0.0171 0.7570 -0.6532
vn -0.1917 0.7512 -0.6317
vn -0.0840 0.6288 -0.7730
vn -0.7248 0.1351 0.6756
vn -0.9113 -0.0546 0.4081
vn 0.5025 0.8464 -0.1761
vn -0.1918 0.2047 -0.9599
vn 0.0213 0.0669 -0.9975
vn -0.1918 -0.1183 -0.9743
vn -0.0213 -0.0986 -0.9949
vn 0.7263 0.2469 0.6415
vn 0.7251 0.4389 0.5307
vn -0.6035 0.6243 -0.4961
vn 0.0961 -0.3503 -0.9317
vn -0.9928 -0.0761 -0.0928
vn -0.0154 0.7557 -0.6547
vn -0.5028 0.1785 -0.8458
vn -0.1918 -0.6919 -0.6960
vn -0.7242 0.5890 0.3587
vn -0.0173 -0.7138 -0.7001
vn -0.1891 -0.8687 -0.4578
vn 0.1678 -0.8766 -0.4510
vn 0.9929 -0.1107 -0.0443
vn -0.6035 0.1878 -0.7749
vn -0.0157 0.1941 -0.9809
vn 0.7153 -0.6859 -0.1336
vn 0.7250 0.6738 0.1429
vn -0.1346 -0.9886 -0.0669
vn -0.0841 -0.9606 -0.2648
vn 0.1677 -0.9688 0.1822
vn 0.9930 -0.1176 0.0136
vn 0.4027 -0.2702 0.8746
vn -0.5282 -0.7940 0.3008
vn 0.9426 -0.2937 0.1590
vn -0.1345 -0.8214 0.5542
vn -0.7238 0.3103 -0.6163
vn 0.4027 0.3241 0.8560
vn 0.9447 0.0965 -0.3135
vn 0.4026 0.7817 0.4764
vn -0.0212 -0.0666 0.9976
vn -0.9930 0.0420 0.1105
vn -0.5283 0.0968 0.8435
vn 0.7155 0.1532 0.6816
vn 0.7247 -0.1351 -0.6756
vn 0.9930 0.0232 0.1160
vn -0.0842 0.1434 0.9861
vn -0.6034 -0.6974 0.3866
vn -0.5754 -0.6226 0.5303
vn -0.0214 0.2611 0.9651
vn 0.4025 0.9095 -0.1038
vn -0.0887 0.4769 0.8745
vn 0.9930 0.0596 0.1022
vn 0.9426 0.1829 0.2793
vn -0.9424 0.1362 0.3055
vn 0.7252 -0.5237 -0.4470
vn 0.7245 -0.6386 -0.2594
vn 0.0157 0.7063 0.7077
vn -0.0841 0.7189 0.6900
vn -0.0842 0.9040 0.4192
vn 0.0212 0.8868 0.4617
vn -0.3789 0.1819 0.9074
vn 0.4025 0.6541 -0.6405
vn -0.9929 0.1190 0.0060
vn 0.9110 -0.4119 -0.0208
vn 0.0212 0.9886 0.1489
vn -0.1345 0.9862 -0.0967
vn -0.1917 0.9807 -0.0373
vn -0.0222 0.9997 -0.0074
vn -0.1677 0.9688 -0.1826
vn -0.9426 0.3294 -0.0551
vn 0.5282 0.7941 -0.3007
vn 0.6239 0.6015 0.4990
vn 0.0464 0.2932 -0.9549
vn 0.9930 -0.0038 -0.1182
vn -0.9930 -0.0896 -0.0772
vn 0.6240 -0.2913 -0.7251
vn 0.0152 -0.5882 -0.8086
vn -0.7153 -0.5629 0.4141
vn -0.9426 -0.2635 0.2052
vn 0.1679 0.2617 0.9504
vn 0.0150 -0.7576 0.6526
vn -0.7235 -0.4406 -0.5314
vn -0.7243 -0.6614 0.1946
vn -0.9426 0.3295 0.0547
vn -0.9929 0.1078 -0.0505
vn 0.9930 0.0969 -0.0678
vn -0.0521 -0.6305 -0.7744
vn -0.0522 -0.9932 0.1038
vn -0.0523 -0.7202 0.6918
vn -0.0522 -0.4565 0.8882
vn 0.3247 0.4692 0.8212
vn 0.3246 0.9442 0.0565
vn -0.0521 0.9626 -0.2658
vn -0.7216 -0.6769 -0.1454
vn 0.3067 -0.2691 -0.9130
vn 0.0522 0.6306 0.7743
vn -0.9801 0.0375 0.1947
vn -0.7257 -0.2471 -0.6421
vn -0.9801 0.0988 0.1720
vn 0.0521 0.9057 -0.4208
vn 0.0523 0.7200 -0.6920
vn 0.9446 -0.3047 -0.1220
vn 0.0523 0.4562 -0.8883
vn 0.0523 0.1429 -0.9884
vn -0.9111 -0.3827 -0.1532
vn -0.9112 -0.2078 -0.3557
vn -0.9102 0.3976 -0.1159
vn 0.7245 -0.6742 -0.1431
vn 0.9111 -0.3961 0.1139
vn 0.7217 0.6879 -0.0765
vn 0.9113 -0.2633 -0.3165
vn -0.3067 0.1984 -0.9309
vn 0.9446 -0.3155 0.0907
vn -0.9929 0.0976 -0.0683
vn -0.0168 0.9280 -0.3723
vn -0.9446 -0.2962 0.1415
vn 0.0521 -0.1860 -0.9812
vn -0.4563 0.8275 -0.3272
vn 0.7225 -0.5677 0.3946
vn -0.7256 -0.4034 0.5575
vn -0.3067 -0.1148 -0.9449
vn 0.0843 0.9209 -0.3806
vn 0.9106 -0.2943 0.2901
vn 0.0213 0.8717 -0.4895
vn -0.6393 0.6091 0.4693
vn -0.9801 0.1179 -0.1595
vn -0.5712 0.7973 0.1948
vn -0.0084 0.5459 -0.8378
vn -0.4027 -0.3238 -0.8561
vn 0.0867 0.7451 -0.6613
vn 0.9929 0.0708 -0.0958
vn -0.7260 -0.0887 0.6819
vn 0.3786 0.9041 0.1981
vn 0.9929 0.0533 -0.1066
vn -0.6392 0.7286 0.2462
vn -0.0173 0.5040 -0.8635
vn 0.0521 -0.7495 -0.6600
vn 0.0212 0.3872 -0.9218
vn -0.0960 0.1353 -0.9861
vn 0.7155 0.1899 -0.6723
vn -0.9929 -0.0039 -0.1190
vn -0.0522 -0.8477 -0.5279
vn 0.9113 0.0133 0.4115
vn -0.1347 0.1485 -0.9797
vn 0.0522 -0.9231 -0.3809
vn 0.0867 0.1816 -0.9795
vn -0.3066 -0.8539 -0.4205
vn -0.9426 0.0274 -0.3327
vn -0.0172 -0.1330 -0.9910
vn 0.6031 0.6967 -0.3886
vn -0.7259 0.2471 0.6419
vn 0.0522 -0.9968 -0.0607
vn 0.1344 -0.3360 -0.9322
vn 0.3066 -0.9511 0.0366
vn -0.1678 -0.5565 -0.8137
vn 0.9446 0.1655 0.2833
vn -0.1345 -0.4851 -0.8641
vn -0.1918 -0.4284 -0.8830
vn -0.4564 -0.6322 -0.6261
vn -0.6406 -0.7519 0.1555
vn -0.3066 -0.9322 0.1923
vn -0.6394 0.4177 -0.6455
vn 0.0522 -0.8241 0.5641
vn -0.0156 -0.7066 -0.7075
vn 0.0212 -0.7987 -0.6013
vn -0.1677 -0.9389 -0.3004
vn 0.0522 -0.5963 0.8010
vn -0.1345 -0.9135 -0.3840
vn 0.0634 -0.9894 -0.1303
vn -0.9426 -0.3159 -0.1082
vn 0.0867 -0.9051 -0.4162
vn 0.0522 -0.3037 0.9513
vn -0.4562 -0.8835 -0.1059
vn 0.0867 -0.9912 -0.0999
vn -0.0522 -0.1432 0.9883
vn -0.0841 -0.9946 0.0613
vn -0.3788 -0.5920 -0.7113
vn 0.0522 0.0218 0.9984
vn -0.0172 -0.9766 0.2143
vn -0.7248 0.6213 -0.2978
vn -0.6408 -0.0338 0.7670
vn -0.3067 -0.0423 0.9509
vn 0.3067 0.1151 0.9448
vn 0.7245 0.6218 -0.2974
vn 0.9929 -0.0977 0.0683
vn 0.5282 -0.7338 0.4272
vn 0.4276 -0.0789 0.9005
vn -0.1891 -0.8586 0.4764
vn 0.3786 -0.8592 -0.3442
vn 0.1344 -0.7191 0.6818
vn 0.1891 -0.7686 0.6111
vn 0.9929 -0.0702 0.0963
vn 0.7260 0.3107 -0.6136
vn -0.3067 0.2688 0.9130
vn -0.0039 -0.8500 0.5267
vn -0.0172 -0.6392 0.7688
vn -0.1678 -0.5221 0.8362
vn -0.3067 0.5510 0.7761
vn -0.7262 -0.0195 -0.6872
vn -0.9930 0.0038 0.1182
vn -0.6408 0.4446 0.6259
vn -0.6393 -0.7591 -0.1229
vn 0.7155 -0.2980 0.6319
vn -0.1678 -0.2221 0.9605
vn 0.0522 0.8478 0.5277
vn -0.0174 -0.3550 0.9347
vn -0.1918 -0.3598 0.9131
vn 0.6030 -0.7977 0.0104
vn 0.5754 -0.8000 0.1700
vn 0.7263 0.0890 -0.6816
vn -0.6407 0.6238 0.4476
vn -0.0522 0.9230 0.3812
vn 0.0868 -0.3403 0.9363
vn 0.0153 -0.9986 0.0499
vn -0.0170 -0.0317 0.9994
vn 0.0522 0.9732 0.2239
vn -0.0867 -0.1812 0.9796
vn -0.0153 -0.9762 0.2163
vn -0.3066 0.9115 0.2743
vn 0.9111 -0.1464 -0.3852
vn 0.6240 -0.5473 0.5578
vn -0.0174 0.2943 0.9555
vn 0.0522 0.9932 -0.1041
vn -0.6406 0.7673 -0.0297
vn 0.9801 0.1257 0.1534
vn -0.1678 0.6829 0.7110
vn -0.9928 0.0904 0.0791
vn -0.0172 0.5888 0.8081
vn 0.6033 -0.4277 0.6732
vn -0.7153 0.6055 0.3489
vn -0.9930 0.1155 0.0253
vn -0.0522 0.8242 -0.5638
vn -0.6394 -0.3058 0.7054
vn 0.3790 -0.2723 0.8844
vn 0.0867 0.5981 0.7967
vn -0.9446 -0.2805 -0.1705
vn -0.0172 0.8193 0.5731
vn 0.0867 0.8244 0.5594
vn -0.9110 -0.4118 -0.0207
vn -0.3066 0.7284 -0.6128
vn 0.9929 0.1165 0.0255
vn 0.0467 0.9276 0.3706
vn 0.5715 0.1416 0.8083
vn -0.0173 0.9609 0.2763
vn -0.0157 0.9580 0.2862
vn -0.6407 0.3950 -0.6584
vn -0.7153 0.6921 -0.0964
vn 0.9928 0.1195 -0.0129
vn -0.0522 0.3040 -0.9512
vn -0.0037 0.9633 0.2682
vn -0.9801 0.1911 -0.0535
vn -0.9446 -0.2486 -0.2142
vn -0.9447 -0.0645 -0.3217
vn -0.9113 0.2423 -0.3329
vn -0.9107 0.3130 0.2697
vn -0.9112 0.1465 0.3851
vn -0.9112 -0.2425 0.3331
vn -0.9110 -0.3721 0.1778
vn 0.9115 -0.1210 0.3931
vn 0.7262 -0.0889 0.6817
vn 0.7239 0.4403 0.5311
vn 0.9102 0.4047 0.0886
vn 0.9106 -0.3130 -0.2699
vn 0.5754 0.4774 0.6641
vn 0.0633 0.9323 -0.3562
vn -0.1678 0.8571 -0.4870
vn 0.0888 0.9924 -0.0849
vn -0.1918 0.9155 -0.3536
vn 0.7244 -0.6854 0.0741
vn -0.7249 -0.5665 0.3920
vn -0.6034 0.4432 0.6629
vn -0.0841 0.9709 -0.2241
vn -0.0151 0.5906 0.8068
vn -0.1344 0.9013 -0.4118
vn -0.0157 0.9320 -0.3622
vn 0.1917 0.8450 -0.4992
vn -0.6408 -0.0930 -0.7621
vn 0.9426 0.2635 -0.2051
vn 0.5025 0.7763 0.3806
vn -0.1346 0.7191 -0.6818
vn -0.0867 0.8437 -0.5298
vn -0.5754 0.7360 0.3567
vn -0.0633 0.6504 -0.7570
vn -0.0151 0.8206 0.5713
vn -0.0960 0.4483 -0.8887
vn 0.5284 0.4420 -0.7249
vn 0.9112 -0.2425 0.3330
vn 0.1344 0.5969 -0.7910
vn 0.9118 -0.1848 0.3668
vn 0.5712 0.8185 0.0612
vn 0.0230 0.6715 -0.7406
vn -0.9928 0.0362 -0.1145
vn 0.4025 -0.4608 -0.7910
vn -0.7238 -0.3103 0.6163
vn -0.1891 0.5284 -0.8277
vn -0.7154 0.2979 -0.6320
vn 0.5285 0.1824 -0.8291
vn -0.3787 0.8894 -0.2560
vn 0.9930 0.0348 -0.1130
vn -0.9426 0.1339 -0.3058
vn -0.4026 -0.5845 -0.7045
vn 0.0888 0.4719 -0.8772
vn 0.0153 0.9932 0.1151
vn -0.0170 0.1959 -0.9805
vn -0.0152 0.9985 -0.0528
vn -0.0888 0.3208 -0.9430
vn 0.5284 -0.0967 -0.8435
vn -0.3786 0.7582 -0.5309
vn 0.3787 0.8353 -0.3987
vn 0.1342 -0.0151 -0.9908
vn 0.0152 0.9768 -0.2135
vn 0.0634 -0.1166 -0.9912
vn -0.9928 -0.0418 -0.1125
vn 0.4025 -0.8494 -0.3413
vn -0.0867 0.0175 -0.9961
vn -0.0960 -0.1924 -0.9766
vn 0.1918 -0.2770 -0.9415
vn 0.9928 -0.0598 -0.1042
vn 0.7244 0.2464 0.6438
vn 0.5754 0.6227 -0.5302
vn -0.9426 -0.0822 -0.3236
vn 0.9426 -0.1343 -0.3056
vn 0.0157 -0.2842 -0.9586
vn 0.0842 -0.1431 -0.9861
vn -0.9930 -0.0596 -0.1021
vn -0.7245 0.3466 0.5958
vn -0.0867 -0.3070 -0.9477
vn -0.5754 0.5268 -0.6256
vn -0.0157 -0.4383 -0.8987
vn 0.0867 -0.4586 -0.8844
vn 0.9929 -0.0903 -0.0778
vn 0.0083 -0.5481 -0.8364
vn 0.5284 -0.5946 -0.6061
vn 0.3788 0.4142 -0.8276
vn 0.0960 -0.6340 -0.7674
vn -0.1346 -0.7392 -0.6598
vn 0.9426 -0.2263 -0.2455
vn -0.9929 -0.1102 -0.0451
vn -0.7252 0.5239 0.4468
vn -0.0867 -0.5983 -0.7966
vn -0.0084 -0.6784 -0.7346
vn 0.1342 -0.8379 -0.5291
vn 0.1918 -0.7969 -0.5728
vn 0.7253 0.5875 0.3588
vn 0.0843 -0.7189 -0.6900
vn -0.6395 0.1853 -0.7462
vn 0.0960 -0.8488 -0.5199
vn -0.0172 -0.9024 -0.4305
vn -0.9929 -0.1189 -0.0069
vn -0.7224 0.6412 0.2587
vn -0.0888 -0.8356 -0.5422
vn -0.3788 -0.0300 -0.9250
vn 0.6032 0.0555 -0.7956
vn 0.3788 -0.1817 -0.9075
vn -0.0213 -0.9887 -0.1486
vn 0.1891 -0.9321 -0.3089
vn 0.9930 -0.1156 -0.0253
vn -0.4026 -0.6542 0.6403
vn -0.6034 -0.0742 -0.7940
vn 0.4026 -0.5397 0.7394
vn -0.0172 -0.9933 -0.1143
vn 0.0465 -0.9759 -0.2131
vn -0.7246 0.6852 -0.0742
vn -0.1891 -0.9703 -0.1511
vn 0.4276 -0.3671 0.8261
vn 0.5282 -0.8328 0.1659
vn 0.9929 -0.1185 0.0128
vn 0.1343 -0.9862 0.0967
vn -0.9426 -0.3340 0.0002
vn 0.3788 -0.4666 -0.7992
vn 0.5714 -0.5094 -0.6435
vn 0.0156 -0.2936 -0.9558
vn -0.9928 -0.1087 0.0509
vn 0.6033 -0.4451 -0.6618
vn -0.0213 -0.9834 0.1802
vn -0.5026 -0.6108 -0.6119
vn 0.3787 -0.7009 -0.6044
vn 0.0634 -0.8610 0.5046
vn 0.0867 -0.9700 0.2272
vn 0.9446 0.3154 -0.0907
vn -0.9426 -0.3158 0.1085
vn 0.7253 0.5662 -0.3916
vn 0.9115 0.2936 -0.2881
vn 0.6239 -0.6754 -0.3931
vn -0.0171 -0.8542 0.5197
vn 0.6029 -0.6361 -0.4816
vn -0.9929 -0.0708 0.0957
vn -0.7226 0.5675 -0.3947
vn -0.0887 -0.9111 0.4026
vn -0.1678 -0.7653 0.6214
vn -0.0888 -0.7311 0.6765
vn 0.0229 -0.7843 0.6200
vn 0.9119 0.1847 -0.3665
vn 0.6238 -0.7665 -0.1527
vn 0.1678 -0.6528 0.7387
vn -0.1347 -0.5971 0.7908
vn -0.9929 -0.0358 0.1135
vn -0.7256 0.4034 -0.5574
vn -0.5283 -0.4418 0.7250
vn -0.0214 -0.6655 0.7461
vn 0.6030 -0.7579 -0.2490
vn -0.0157 -0.3646 0.9310
vn 0.1918 -0.5055 0.8413
vn -0.7250 0.2018 -0.6585
vn 0.1678 -0.3775 0.9107
vn 0.9929 -0.0351 0.1139
vn 0.0842 -0.6288 0.7730
vn 0.0082 -0.5464 0.8375
vn -0.1346 -0.3078 0.9419
vn -0.0867 -0.4898 0.8675
vn -0.5753 -0.8171 0.0363
vn -0.1678 0.1018 0.9805
vn 0.9928 0.0030 0.1200
vn 0.9114 0.0546 -0.4078
vn -0.9426 -0.0819 0.3236
vn 0.0213 -0.2303 0.9729
vn 0.0633 -0.0481 0.9968
vn -0.1346 0.0150 0.9908
vn -0.4565 -0.0326 0.8891
vn 0.6378 -0.7266 0.2554
vn 0.4025 0.8940 0.1969
vn 0.0868 -0.0179 0.9961
vn 0.5284 0.2343 0.8160
vn 0.7247 -0.0206 -0.6887
vn -0.9929 0.0601 0.1029
vn 0.3787 -0.7583 0.5307
vn -0.6406 0.7354 0.2209
vn -0.6393 -0.6747 0.3690
vn 0.7259 -0.3448 -0.5952
vn -0.1919 0.2772 0.9415
vn -0.3786 -0.6604 0.6484
vn -0.0960 0.3506 0.9316
vn -0.0226 0.2529 0.9672
vn -0.0213 0.5603 0.8280
vn 0.1918 0.4282 0.8831
vn -0.7154 0.4594 0.5265
vn 0.9929 0.0593 0.1033
vn -0.9426 0.1343 0.3056
vn 0.9929 0.0896 0.0784
vn 0.5755 -0.5270 0.6254
vn 0.0960 0.4990 0.8613
vn -0.0039 0.3023 0.9532
vn -0.1346 0.6205 0.7725
vn -0.1892 0.5462 0.8160
vn -0.4025 0.8801 -0.2519
vn -0.0213 0.7988 0.6012
vn 0.5282 0.6863 0.5000
vn -0.1891 0.7815 0.5945
vn 0.9929 0.1019 0.0619
vn 0.5714 -0.1286 0.8105
vn 0.0082 0.6782 0.7348
vn -0.9928 0.1112 0.0455
vn 0.0465 0.7569 0.6519
vn -0.1344 0.8379 0.5290
vn -0.9114 -0.3515 -0.2141
vn -0.0633 0.8937 0.4441
vn -0.1891 0.9322 0.3087
vn 0.5282 0.8114 0.2502
vn 0.9111 -0.3826 -0.1532
vn 0.3787 0.0298 0.9251
vn -0.9426 0.2938 0.1588
vn 0.0157 -0.1970 0.9803
vn 0.0635 0.9545 0.2915
vn -0.1347 0.9641 0.2289
vn -0.9929 0.1184 -0.0128
vn -0.7241 -0.6889 -0.0348
vn -0.1677 0.9756 0.1418
vn -0.0151 -0.0297 0.9994
vn 0.1918 0.9735 0.1246
vn 0.9098 -0.4123 0.0476
vn -0.7212 -0.6885 0.0767
vn 0.3787 0.3286 0.8652
vn 0.0960 0.9939 0.0535
vn 0.0154 0.1322 0.9911
vn -0.0169 0.9986 -0.0509
vn 0.6380 0.3149 0.7027
vn 0.4276 0.4981 -0.7543
vn -0.0887 0.9929 0.0794
vn 0.9801 -0.1836 -0.0751
vn -0.9801 -0.0900 0.1766
vn 0.9929 0.0981 -0.0676
vn 0.9801 0.0901 -0.1766
vn 0.9447 0.0645 0.3216
vn 0.9801 -0.0987 -0.1720
vn -0.7242 -0.3468 -0.5961
vn -0.9798 0.1486 0.1340
vn -0.9801 0.1837 0.0751
vn 0.9113 0.4092 -0.0455
vn 0.7555 0.6309 -0.1763
vn 0.9929 0.1147 -0.0321
vn 0.3246 -0.0216 -0.9456
vn 0.1016 0.9947 0.0156
vn 0.9426 0.3159 -0.1085
vn 0.0213 0.9834 -0.1800
vn -0.7555 0.5933 -0.2779
vn 0.3068 0.0421 -0.9508
vn 0.7554 0.5396 -0.3717
vn 0.7247 -0.6214 0.2978
vn -0.0522 -0.3447 -0.9373
vn 0.0153 0.7132 0.7008
vn -0.9426 0.2936 -0.1590
vn -0.9930 0.0844 -0.0828
vn 0.9446 -0.2689 0.1882
vn -0.9104 -0.3389 0.2373
vn 0.0521 -0.4946 -0.8676
vn -0.0868 0.6258 -0.7751
vn 0.7256 -0.4035 0.5573
vn 0.0843 0.7474 -0.6590
vn -0.1347 0.4588 -0.8783
vn -0.9929 0.0167 -0.1179
vn 0.9424 0.1814 -0.2810
vn 0.4026 -0.6926 -0.5985
vn 0.0843 0.4930 -0.8660
vn 0.0959 0.2961 -0.9503
vn 0.9426 0.0818 -0.3237
vn -0.9115 -0.1205 0.3933
vn -0.4564 0.1787 -0.8716
vn -0.0157 0.2063 -0.9784
vn 0.9928 -0.0227 -0.1179
vn 0.3247 -0.9220 -0.2111
vn 0.6239 0.6316 -0.4602
vn 0.0843 0.1848 -0.9791
vn -0.1346 -0.1779 -0.9748
vn -0.9113 0.0134 0.4115
vn -0.4565 -0.1142 -0.8824
vn 0.7252 0.1348 0.6752
vn -0.4025 -0.8939 -0.1971
vn 0.0152 0.8546 -0.5190
vn -0.0169 -0.4479 -0.8939
vn 0.0522 -0.9625 0.2660
vn -0.7555 -0.3263 -0.5682
vn 0.6031 0.5327 -0.5937
vn -0.1678 -0.7906 -0.5889
vn 0.3247 -0.8574 0.3994
vn -0.9426 -0.1828 -0.2794
vn 0.3066 -0.8878 0.3433
vn -0.7154 -0.5398 -0.4437
vn -0.0960 -0.9228 -0.3730
vn 0.3789 0.1229 -0.9172
vn -0.5282 -0.8115 -0.2500
vn 0.5282 -0.7592 -0.3803
vn -0.3066 -0.8193 0.4845
vn -0.1016 -0.7756 -0.6229
vn 0.7248 0.6383 0.2592
vn -0.7247 0.6741 0.1428
vn 0.3066 -0.7282 0.6129
vn -0.0960 -0.9940 -0.0533
vn -0.3788 -0.3289 -0.8651
vn 0.1015 -0.8675 -0.4870
vn 0.0213 -0.9507 -0.3095
vn -0.0867 -0.9613 -0.2614
vn 0.6031 -0.2059 -0.7706
vn -0.1917 -0.9612 0.1982
vn 0.7246 0.6883 0.0350
vn -0.6551 -0.2822 0.7009
vn 0.1015 -0.9786 -0.1790
vn -0.3067 -0.3489 0.8856
vn -0.9929 -0.1147 0.0321
vn -0.1346 -0.9568 0.2576
vn 0.9929 -0.1079 0.0505
vn 0.3248 0.1770 0.9291
vn 0.7235 0.4908 -0.4855
vn -0.0038 -0.9750 0.2223
vn 0.0522 0.3450 0.9372
vn -0.9928 -0.0863 0.0835
vn -0.7555 -0.5395 0.3718
vn -0.6239 -0.7310 -0.2766
vn 0.7154 -0.4871 0.5009
vn 0.9930 -0.0844 0.0829
vn -0.1016 -0.7946 0.5985
vn -0.6408 0.2172 0.7363
vn 0.0867 -0.8437 0.5297
vn -0.3786 -0.9041 -0.1979
vn -0.9426 -0.1825 0.2796
vn 0.1342 -0.4585 0.8785
vn -0.0523 0.7493 0.6602
vn 0.5284 -0.3166 0.7877
vn -0.9929 0.0030 0.1190
vn 0.3066 0.6713 0.6747
vn -0.7556 -0.1973 0.6247
vn -0.0152 -0.9936 -0.1121
vn 0.1919 -0.2048 0.9598
vn 0.7155 -0.0766 0.6944
vn -0.1918 -0.0436 0.9805
vn -0.3066 0.7731 0.5553
vn 0.0842 -0.3437 0.9353
vn -0.7244 -0.0208 -0.6891
vn -0.1018 0.0667 0.9926
vn 0.0082 0.0838 0.9965
vn -0.1348 0.3358 0.9322
vn 0.0466 0.1969 0.9793
vn -0.7240 -0.2467 -0.6442
vn -0.4025 0.9142 0.0473
vn -0.0867 0.4589 0.8843
vn -0.9930 0.0756 0.0909
vn -0.7251 -0.5239 -0.4469
vn -0.0867 0.7212 0.6873
vn 0.7231 -0.5245 -0.4495
vn -0.9426 0.2264 0.2455
vn 0.0841 0.5954 0.7990
vn -0.3787 -0.1228 0.9174
vn 0.6031 -0.1859 0.7757
vn 0.3066 0.8192 -0.4847
vn -0.0867 0.9052 0.4160
vn 0.7217 -0.6767 -0.1456
vn -0.0522 0.5964 -0.8010
vn 0.0842 0.8226 0.5623
vn -0.7153 0.6860 0.1334
vn 0.9424 0.3170 0.1068
vn 0.9446 -0.3279 -0.0166
vn -0.4026 0.5398 -0.7393
vn -0.1016 0.9786 0.1789
vn 0.5282 0.8487 -0.0267
vn 0.3067 0.3486 -0.8857
vn -0.5282 0.8327 -0.1661
vn -0.0157 0.9991 -0.0404
vn 0.9801 -0.1980 -0.0115
vn 0.3067 0.6174 -0.7244
vn -0.9113 -0.2634 -0.3164
vn -0.9116 0.1209 -0.3930
vn -0.9446 0.2962 -0.1415
vn 0.9110 -0.3721 0.1777
vn -0.4027 0.2705 -0.8744
vn -0.5284 0.5551 -0.6424
vn 0.1017 0.9459 -0.3080
vn -0.4027 -0.0282 -0.9149
vn -0.9928 0.0714 -0.0965
vn 0.9424 0.2629 -0.2069
vn 0.9446 -0.2342 0.2298
vn -0.3067 -0.4156 -0.8563
vn 0.0154 0.9020 0.4314
vn 0.7258 -0.3106 0.6138
vn -0.6407 -0.3355 -0.6906
vn -0.9426 0.2260 -0.2458
vn -0.1678 0.3772 -0.9108
vn -0.0157 0.9615 0.2742
vn -0.3246 -0.7107 -0.6242
vn -0.7261 0.0197 0.6873
vn 0.9928 0.0168 -0.1189
vn -0.1016 0.4138 -0.9047
vn 0.3248 -0.8035 -0.4989
vn -0.9928 -0.0030 -0.1200
vn 0.3067 -0.7732 -0.5551
vn 0.9929 -0.0234 -0.1169
vn 0.0225 0.0751 -0.9969
vn -0.0153 0.9273 -0.3740
vn 0.3066 -0.9115 -0.2741
vn -0.1892 -0.0917 -0.9776
vn 0.9424 -0.0295 -0.3331
vn 0.5283 -0.3655 -0.7663
vn 0.9929 -0.0755 -0.0921
vn 0.3246 -0.9406 0.0995
vn -0.1891 -0.6730 -0.7150
vn 0.1015 -0.3856 -0.9171
vn -0.4025 -0.9095 0.1037
vn 0.1918 -0.5678 -0.8005
vn -0.9928 -0.1022 -0.0631
vn 0.0466 -0.6394 -0.7674
vn -0.9930 -0.1098 -0.0440
vn 0.6599 -0.5641 0.4962
vn 0.4563 -0.8540 -0.2500
vn 0.3247 -0.4312 0.8418
vn 0.3067 -0.4897 0.8162
vn -0.3248 0.0218 0.9455
vn -0.4563 -0.8701 0.1865
vn 0.7554 -0.5934 0.2779
vn 0.0156 -0.9320 0.3622
vn 0.9424 -0.2934 0.1608
vn -0.0867 -0.9193 0.3839
vn 0.9801 -0.1179 0.1594
vn -0.6393 -0.6781 -0.3626
vn -0.9930 -0.0696 0.0956
vn 0.4277 0.2181 0.8772
vn -0.3247 0.5982 0.7326
vn 0.9929 -0.0541 0.1061
vn 0.0959 -0.4484 0.8887
vn -0.0960 0.0291 0.9950
vn 0.7556 -0.0918 0.6486
vn 0.9446 -0.0105 -0.3279
vn -0.9928 0.0227 0.1179
vn 0.3066 0.8541 0.4202
vn -0.0085 -0.0811 0.9967
vn 0.0634 0.2781 0.9585
vn -0.7154 0.2635 0.6471
vn 0.9801 0.0690 0.1859
vn 0.1017 -0.0978 0.9900
vn -0.9446 -0.1655 -0.2833
vn 0.3066 0.9442 0.1203
vn -0.0960 0.6342 0.7672
vn 0.0868 0.3069 0.9478
vn 0.7555 0.3262 0.5682
vn 0.0466 0.5041 0.8624
vn 0.0081 0.4028 0.9152
vn 0.3246 0.9114 -0.2529
vn -0.3247 0.8573 -0.3996
vn 0.3248 0.7799 -0.5350
vn 0.5755 -0.2952 0.7626
vn -0.4026 0.7506 -0.5239
vn 0.9929 0.1103 0.0451
vn -0.3248 0.4311 -0.8418
vn 0.0867 0.9613 0.2615
vn -0.3788 0.4668 0.7991
vn -0.9111 -0.3961 0.1140
vn -0.9446 -0.3155 0.0908
vn 0.3249 0.2868 -0.9012
vn 0.9929 0.1184 -0.0137
vn 0.0227 0.9874 0.1567
vn -0.6239 0.5113 0.5910
vn -0.9100 -0.4051 -0.0886
vn -0.9113 -0.0134 -0.4116
vn -0.9111 0.1844 -0.3687
vn -0.9112 0.3521 0.2140
vn -0.9446 0.1655 0.2833
vn -0.9446 0.0645 0.3217
vn 0.9104 -0.3390 0.2372
vn 0.9107 0.3128 0.2697
vn 0.9116 0.1210 -0.3929
vn 0.7259 -0.2469 -0.6419
vn 0.1917 0.9613 -0.1980
vn 0.5026 0.6106 0.6120
vn -0.3787 0.7010 0.6043
vn -0.0888 0.9649 -0.2472
vn 0.9446 -0.3155 0.0908
vn 0.9928 0.1088 -0.0509
vn -0.0520 -0.0216 -0.9984
vn 0.0842 0.9946 -0.0611
vn -0.6409 0.1595 -0.7509
vn 0.7153 0.6669 -0.2088
vn -0.6393 0.4238 0.6417
vn 0.0082 0.9862 -0.1653
vn -0.1017 0.9837 -0.1483
vn 0.4027 0.1225 -0.9071
vn -0.0461 0.9010 -0.4314
vn 0.6379 0.5260 0.5625
vn -0.9928 0.0989 -0.0681
vn -0.7246 -0.6214 0.2980
vn -0.5282 0.7337 -0.4274
vn -0.0960 0.8997 -0.4258
vn -0.0084 0.9454 -0.3258
vn -0.3245 -0.1773 -0.9291
vn 0.3786 0.7909 0.4809
vn 0.4026 -0.1789 -0.8977
vn 0.7249 -0.5665 0.3918
vn -0.9113 -0.2938 0.2885
vn 0.9928 0.0863 -0.0835
vn 0.7230 -0.4910 0.4859
vn 0.0463 0.8179 -0.5735
vn 0.3249 -0.3275 -0.8872
vn 0.5283 0.6534 -0.5421
vn 0.0867 0.9194 -0.3836
vn 0.0633 0.7662 -0.6394
vn 0.6239 0.7309 0.2767
vn 0.0226 0.8758 -0.4822
vn -0.9929 0.0856 -0.0828
vn -0.1017 0.8823 -0.4595
vn -0.0464 0.7124 -0.7002
vn -0.7230 -0.4910 0.4860
vn -0.7554 0.4710 -0.4555
vn -0.0887 0.8324 -0.5470
vn -0.3788 0.8592 0.3439
vn -0.0959 0.7126 -0.6950
vn -0.0083 0.7885 -0.6150
vn -0.3246 -0.4694 -0.8211
vn 0.7556 0.3896 -0.5266
vn 0.9930 0.0696 -0.0956
vn 0.9117 -0.2413 0.3325
vn 0.5754 0.7846 0.2310
vn 0.9928 0.0546 -0.1070
vn 0.7244 -0.2015 0.6592
vn 0.3245 -0.5981 -0.7328
vn 0.1918 0.6371 -0.7465
vn 0.0633 0.5170 -0.8537
vn 0.1016 0.7947 -0.5984
vn 0.0213 0.6656 -0.7460
vn -0.9929 0.0540 -0.1061
vn -0.7257 -0.3105 0.6139
vn -0.0466 0.4466 -0.8935
vn -0.1918 0.5053 -0.8414
vn -0.7555 0.2975 -0.5837
vn -0.5753 0.8120 0.0986
vn -0.0156 0.5129 -0.8583
vn -0.1015 0.6851 -0.7214
vn 0.6378 0.7606 0.1209
vn 0.3067 -0.5510 -0.7761
vn -0.1679 0.0609 -0.9839
vn 0.5753 0.8171 -0.0361
vn 0.7555 0.1974 -0.6247
vn 0.1345 0.3077 -0.9419
vn 0.0080 0.4010 -0.9160
vn 0.9113 -0.0546 0.4080
vn -0.3066 -0.6711 -0.6749
vn 0.1918 0.3600 -0.9130
vn -0.6392 0.7690 -0.0036
vn 0.1016 0.5572 -0.8241
vn 0.0633 0.2117 -0.9753
vn -0.0463 0.1318 -0.9902
vn 0.6030 0.7851 -0.1415
vn -0.7246 -0.0899 0.6833
vn -0.9930 0.0157 -0.1172
vn -0.7555 0.0917 -0.6487
vn -0.1892 0.2308 -0.9544
vn -0.0868 0.3401 -0.9364
vn -0.0213 0.2300 -0.9729
vn -0.3246 -0.8748 -0.3597
vn -0.4025 -0.7816 -0.4765
vn 0.1918 0.0438 -0.9805
vn 0.7557 -0.0161 -0.6547
vn 0.7263 0.0196 0.6871
vn 0.9929 -0.0029 -0.1190
vn 0.5754 0.7612 -0.2993
vn -0.0522 -0.9732 -0.2241
vn -0.1018 0.0977 -0.9900
vn -0.6392 0.7262 -0.2530
vn 0.1016 0.2594 -0.9604
vn 0.0960 -0.0287 -0.9950
vn -0.1679 -0.2619 -0.9504
vn -0.9929 -0.0225 -0.1169
vn 0.0465 -0.0330 -0.9984
vn -0.7247 0.1352 0.6757
vn -0.0465 -0.1970 -0.9793
vn -0.7555 -0.1240 -0.6433
vn -0.0888 -0.0029 -0.9960
vn -0.0157 -0.1228 -0.9923
vn -0.3247 -0.9442 -0.0564
vn -0.0961 -0.4991 -0.8612
vn 0.4025 -0.9142 -0.0471
vn -0.5283 -0.4869 -0.6955
vn 0.7556 -0.2280 -0.6140
vn 0.9929 -0.0415 -0.1116
vn 0.9113 0.0807 0.4037
vn 0.9113 0.2077 0.3555
vn 0.3788 0.6606 -0.6482
vn 0.9929 -0.0601 -0.1029
vn -0.1017 -0.2293 -0.9680
vn 0.7262 0.3447 0.5948
vn 0.0466 -0.3554 -0.9335
vn -0.3066 -0.9442 -0.1206
vn 0.0888 -0.1668 -0.9820
vn 0.0213 -0.2610 -0.9651
vn -0.6393 0.6047 -0.4750
vn 0.1015 -0.0666 -0.9926
vn 0.0634 -0.4322 -0.8996
vn -0.9929 -0.0593 -0.1032
vn -0.7258 0.3452 0.5951
vn -0.0462 -0.5046 -0.8621
vn -0.3247 -0.9113 0.2531
vn -0.0888 -0.3263 -0.9411
vn -0.3787 0.5447 -0.7483
vn -0.0085 -0.4033 -0.9150
vn -0.0960 -0.7518 -0.6524
vn 0.7555 -0.4152 -0.5068
vn 0.9928 -0.0904 -0.0791
vn -0.1017 -0.5312 -0.8411
vn 0.9929 -0.1013 -0.0626
vn -0.0521 -0.9058 0.4205
vn 0.5755 0.4168 -0.7036
vn 0.6241 0.2156 -0.7510
vn -0.0040 -0.4551 -0.8904
vn 0.0634 -0.7009 -0.7104
vn 0.0230 -0.5535 -0.8325
vn -0.9929 -0.0896 -0.0784
vn -0.0465 -0.7570 -0.6517
vn -0.7250 0.5879 0.3588
vn -0.7236 0.4406 0.5313
vn -0.3248 -0.7798 0.5352
vn 0.4025 -0.8800 0.2521
vn -0.7555 -0.4931 -0.4314
vn -0.0888 -0.6143 -0.7840
vn -0.0152 0.5020 -0.8647
vn 0.9424 -0.2280 -0.2447
vn -0.4025 -0.8266 0.3933
vn 0.0156 -0.8132 -0.5818
vn 0.7554 -0.5573 -0.3445
vn 0.7256 0.5235 0.4467
vn -0.9102 0.4047 0.0886
vn 0.9929 -0.1162 -0.0264
vn 0.9928 -0.1112 -0.0455
vn 0.1016 -0.6624 -0.7423
vn 0.0152 0.3556 -0.9345
vn -0.9426 -0.2637 -0.2049
vn 0.7221 0.6763 0.1455
vn 0.9113 0.3823 0.1531
vn 0.3247 -0.6812 0.6561
vn 0.0888 -0.7348 -0.6724
vn 0.5027 0.0370 -0.8637
vn -0.0465 -0.9277 -0.3705
vn 0.0466 -0.8540 -0.5183
vn -0.9929 -0.1164 -0.0255
vn -0.3248 -0.5638 0.7594
vn 0.4025 -0.7506 0.5241
vn -0.7554 -0.6065 -0.2480
vn -0.0867 -0.8245 -0.5592
vn -0.5755 0.0314 -0.8172
vn -0.6240 -0.1682 -0.7631
vn -0.0225 -0.8831 -0.4687
vn 0.1917 -0.9397 -0.2831
vn 0.7554 -0.6390 -0.1450
vn 0.9928 -0.1199 -0.0070
vn -0.6396 -0.0671 -0.7658
vn -0.6407 -0.4979 0.5844
vn -0.3067 -0.6176 0.7242
vn 0.0842 -0.9039 -0.4193
vn 0.0083 -0.9462 -0.3235
vn 0.1677 -0.9755 -0.1421
vn -0.9928 -0.1194 0.0129
vn 0.9426 -0.3294 -0.0548
vn -0.9113 0.4092 -0.0456
vn -0.7243 0.6886 0.0348
vn 0.4276 -0.6155 0.6621
vn -0.0465 -0.9977 -0.0495
vn -0.3245 -0.2865 0.9014
vn -0.7554 -0.6542 -0.0378
vn -0.1917 -0.9735 -0.1244
vn -0.1017 -0.9358 -0.3375
vn -0.0084 -0.9866 -0.1631
vn -0.5027 -0.3789 -0.7770
vn 0.1917 -0.9807 0.0372
vn -0.0887 -0.9924 0.0851
vn 0.7554 -0.6515 0.0702
vn 0.7248 0.6849 -0.0740
vn 0.9446 0.3278 0.0165
vn 0.3247 -0.1345 0.9362
vn 0.9928 -0.1157 0.0323
vn 0.0842 -0.9911 -0.1032
vn -0.4026 -0.4107 0.8180
vn -0.1017 -0.9947 -0.0155
vn 0.9113 0.3957 -0.1139
vn 0.9426 -0.3294 0.0551
vn 0.5755 -0.3614 -0.7336
vn 0.0960 -0.9892 0.1107
vn -0.6393 -0.3123 -0.7026
vn 0.0084 -1.0000 0.0011
vn -0.0465 -0.9598 0.2769
vn -0.0152 -0.4497 -0.8931
vn -0.9929 -0.0981 0.0676
vn -0.7246 0.6611 -0.1945
vn -0.7554 -0.6310 0.1766
vn -0.0157 -0.9788 0.2041
vn 0.3067 -0.1981 0.9310
vn -0.1677 -0.9256 0.3393
vn -0.0960 -0.8173 0.5681
vn 0.1917 -0.9156 0.3535
vn -0.3788 -0.7909 -0.4806
vn -0.5283 -0.6534 0.5423
vn 0.7250 0.6211 -0.2975
vn 0.9105 0.3388 -0.2371
vn -0.9446 0.2342 -0.2300
vn 0.9928 -0.0989 0.0681
vn -0.0522 0.1857 0.9812
vn 0.9929 -0.0856 0.0828
vn 0.0465 -0.9012 0.4310
vn -0.4027 -0.1228 0.9071
vn 0.7154 -0.6234 0.3156
vn 0.5026 -0.7030 -0.5031
vn 0.1015 -0.9837 0.1483
vn -0.6394 -0.5236 -0.5631
vn 0.0084 -0.9454 0.3257
vn 0.4026 0.0286 0.9149
vn -0.0464 -0.8179 0.5735
vn -0.7250 0.5664 -0.3918
vn -0.3246 0.3279 0.8872
vn -0.0086 -0.8788 0.4771
vn -0.1017 -0.9459 0.3081
vn 0.5025 -0.8283 -0.2477
vn 0.1918 -0.7513 0.6315
vn 0.7555 -0.4710 0.4554
vn 0.9113 0.2423 -0.3328
vn 0.9928 -0.0714 0.0966
vn -0.0841 -0.7474 0.6590
vn 0.7258 0.4035 -0.5571
vn 0.9426 -0.2261 0.2458
vn -0.0521 0.4943 0.8677
vn -0.4027 0.1787 0.8977
vn 0.1015 -0.8823 0.4595
vn 0.0153 -0.8189 -0.5737
vn 0.0157 -0.7640 0.6451
vn -0.0464 -0.5875 0.8079
vn -0.9929 -0.0533 0.1065
vn -0.7258 0.3106 -0.6138
vn -0.7249 0.4905 -0.4837
vn -0.1918 -0.6369 0.7467
vn -0.7555 -0.3895 0.5267
vn -0.0158 -0.6472 0.7621
vn -0.0153 -0.9034 -0.4286
vn -0.5025 -0.8578 -0.1079
vn 0.3067 0.4158 0.8562
vn -0.0960 -0.2960 0.9504
vn 0.0888 -0.6098 0.7876
vn 0.7555 -0.2976 0.5836
vn -0.7262 0.0888 -0.6818
vn 0.9928 -0.0362 0.1145
vn -0.6034 -0.7879 -0.1230
vn 0.7246 0.2016 -0.6591
vn 0.9929 -0.0167 0.1179
vn 0.3247 0.7105 0.6244
vn -0.4026 0.4606 0.7910
vn 0.5754 -0.8119 -0.0988
vn 0.1015 -0.6853 0.7212
vn 0.0212 -0.5338 0.8454
vn -0.9928 -0.0168 0.1189
vn -0.1017 -0.5572 0.8241
vn 0.9426 -0.1340 0.3057
vn -0.0468 -0.2933 0.9549
vn -0.3249 0.8036 0.4987
vn 0.4026 0.5847 0.7043
vn -0.5284 -0.1824 0.8292
vn -0.0888 -0.4717 0.8773
vn -0.3786 -0.9194 0.1062
vn -0.0085 -0.4005 0.9162
vn -0.4026 0.6925 0.5987
vn 0.1892 -0.2311 0.9543
vn 0.3247 0.8747 0.3599
vn 0.3787 -0.8895 0.2558
vn -0.1017 -0.2595 0.9604
vn 0.7263 -0.0195 -0.6871
vn 0.9929 0.0225 0.1169
vn -0.6392 -0.7579 0.1301
vn 0.1015 -0.4141 0.9046
vn 0.0084 -0.2446 0.9696
vn 0.0960 -0.1357 0.9861
vn -0.5754 -0.7611 0.2995
vn 0.0466 -0.1321 0.9901
vn -0.9929 0.0415 0.1116
vn 0.4276 0.7110 0.5583
vn -0.0463 0.0331 0.9984
vn -0.3247 0.9220 0.2109
vn -0.7557 0.0164 0.6548
vn -0.0888 -0.1611 0.9829
vn 0.9424 -0.0258 0.3335
vn -0.4025 0.8494 0.3414
vn 0.1918 0.1181 0.9743
vn -0.0867 0.1467 0.9854
vn 0.7556 0.1238 0.6432
vn 0.9928 0.0418 0.1126
vn 0.9115 -0.0807 -0.4034
vn 0.5754 -0.7015 0.4205
vn -0.0522 0.9968 0.0610
vn -0.0040 -0.0237 0.9997
vn -0.9426 0.0277 0.3327
vn 0.0212 0.0984 0.9949
vn -0.1678 0.4149 0.8943
vn -0.9928 0.0598 0.1041
vn -0.0467 0.3554 0.9336
vn 0.9426 0.0821 0.3236
vn -0.7256 -0.3452 -0.5953
vn -0.9111 -0.1465 -0.3853
vn -0.1892 0.2515 0.9492
vn -0.7556 0.2281 0.6140
vn -0.0152 -0.8531 0.5215
vn -0.0158 0.2845 0.9585
vn -0.3247 0.9406 -0.0997
vn 0.9928 0.0761 0.0929
vn -0.9114 -0.3124 -0.2677
vn 0.9446 -0.2098 -0.2522
vn -0.3066 0.9512 -0.0363
vn 0.3788 -0.5449 0.7481
vn 0.5284 0.4867 0.6956
vn 0.0633 0.5744 0.8161
vn 0.1015 0.2292 0.9681
vn 0.6241 -0.3364 0.7053
vn -0.6394 -0.5183 0.5680
vn -0.9929 0.0755 0.0921
vn -0.9929 0.0903 0.0778
vn -0.7246 -0.4393 -0.5310
vn 0.4275 0.9040 0.0042
vn -0.0465 0.6394 0.7674
vn -0.7555 0.4153 0.5067
vn -0.1918 0.5680 0.8003
vn -0.5754 -0.4166 0.7038
vn -0.1017 0.3856 0.9170
vn 0.9424 0.1846 0.2789
vn -0.0155 -0.6377 0.7702
vn 0.3065 0.9322 -0.1926
vn -0.1918 0.7971 0.5726
vn 0.7555 0.4930 0.4315
vn 0.9928 0.1022 0.0632
vn 0.7249 -0.4390 -0.5309
vn -0.9110 -0.3525 -0.2142
vn -0.7244 -0.6744 -0.1429
vn -0.9446 -0.3207 -0.0701
vn -0.6407 0.7160 -0.2771
vn 0.7249 -0.5878 -0.3590
vn -0.3066 0.8878 -0.3431
vn 0.1918 0.6918 0.6962
vn 0.1678 0.7905 0.5890
vn 0.1014 0.5314 0.8410
vn -0.6036 -0.3130 0.7333
vn 0.0213 0.6890 0.7245
vn -0.5756 -0.1655 0.8008
vn -0.9929 0.1013 0.0626
vn 0.9426 0.2637 0.2049
vn -0.9929 0.1161 0.0263
vn -0.7249 -0.5880 -0.3589
vn -0.9446 -0.2805 -0.1704
vn -0.0466 0.8541 0.5181
vn -0.3248 0.6811 -0.6562
vn 0.4025 0.8265 -0.3935
vn -0.7555 0.5573 0.3444
vn -0.1016 0.6625 0.7422
vn -0.0960 0.8489 0.5198
vn -0.0084 0.7901 0.6129
vn 0.1918 0.8804 0.4338
vn -0.1918 0.9398 0.2828
vn 0.7554 0.6065 0.2482
vn 0.5756 -0.0316 0.8171
vn 0.9446 -0.3206 -0.0702
vn 0.9928 0.1172 0.0266
vn -0.6396 -0.0599 0.7664
vn -0.1018 0.8674 0.4870
vn 0.1341 0.9136 0.3839
vn 0.7242 -0.6887 -0.0350
vn 0.9102 -0.3840 -0.1551
vn 0.3244 0.5640 -0.7594
vn 0.1015 0.7756 0.6230
vn 0.0960 0.9228 0.3732
vn 0.0085 0.8802 0.4745
vn 0.4275 0.7162 -0.5517
vn -0.0466 0.9759 0.2132
vn -0.9928 0.1199 0.0069
vn -0.7554 0.6391 0.1449
vn -0.5027 0.2458 0.8288
vn -0.0212 0.9508 0.3092
vn 0.6032 0.0763 0.7939
vn -0.9801 0.1981 0.0114
vn 0.7554 0.6542 0.0379
vn 0.9929 0.1189 0.0069
vn -0.9930 0.1067 -0.0510
vn 0.1014 0.9358 0.3375
vn 0.7213 -0.6884 0.0765
vn -0.3067 0.4900 -0.8160
vn 0.5756 0.2356 0.7831
vn 0.0634 0.9974 -0.0341
vn -0.6394 0.1923 0.7445
vn 0.6240 0.4068 0.6672
vn -0.9930 0.1175 -0.0136
vn -0.0462 0.9923 -0.1154
vn 0.9426 0.3340 -0.0002
vn -0.9928 0.1157 -0.0324
vn -0.9098 -0.4123 0.0476
vn -0.7243 -0.6854 0.0742
vn 0.4026 0.4106 -0.8181
vn -0.7554 0.6515 -0.0704
vn -0.0867 0.9912 0.0996
vn 0.0169 0.9933 0.1142
vn -0.0083 1.0000 -0.0012
vn -0.5027 0.5017 0.7040
vn -0.3248 0.1342 -0.9362
vn -0.7060 0.4493 0.5475
vn -0.7065 0.4490 0.5471
vn -0.7065 0.3337 0.6242
vn -0.7082 0.3328 0.6227
vn -0.7083 0.2049 0.6755
vn -1.0000 -0.0000 -0.0000
vn -0.7067 0.2055 0.6770
vn -0.7067 0.0693 0.7041
vn -0.7081 0.0692 0.7028
vn -0.7081 -0.0692 0.7027
vn -0.7088 -0.0692 0.7021
vn -0.7087 -0.2048 0.6751
vn -0.7084 -0.2049 0.6754
vn -0.7083 -0.3328 0.6225
vn -0.7065 -0.3336 0.6242
vn -0.7065 -0.4490 0.5471
vn -0.7060 -0.4493 0.5475
vn -0.7062 -0.5473 0.4492
vn -0.7064 -0.5471 0.4490
vn -0.7066 -0.6241 0.3336
vn -0.7067 -0.6240 0.3335
vn -0.7068 -0.6769 0.2054
vn -0.7072 -0.6766 0.2052
vn -0.7071 -0.7037 0.0693
vn -0.7070 -0.7038 0.0693
vn -0.7070 -0.7038 -0.0693
vn -0.7071 -0.7037 -0.0693
vn -0.7072 -0.6766 -0.2052
vn -0.7066 -0.6771 -0.2054
vn -0.7065 -0.6242 -0.3336
vn -0.7067 -0.6239 -0.3335
vn -0.7066 -0.5470 -0.4489
vn -0.7075 -0.5463 -0.4483
vn -0.7076 -0.4483 -0.5462
vn -0.7082 -0.4479 -0.5458
vn -0.7084 -0.3327 -0.6225
vn -0.7065 -0.3336 -0.6241
vn -0.7065 -0.2055 -0.6772
vn -0.7067 -0.2054 -0.6770
vn -0.7067 -0.0693 -0.7041
vn -0.7060 -0.0694 -0.7048
vn -0.7060 0.0694 -0.7048
vn -0.7067 0.0694 -0.7041
vn -0.7067 0.2054 -0.6770
vn -0.7065 0.2054 -0.6773
vn -0.7065 0.3336 -0.6241
vn -0.7084 0.3328 -0.6225
vn -0.7082 0.4479 -0.5457
vn -0.7074 0.4483 -0.5464
vn -0.7073 0.5465 -0.4484
vn -0.7066 0.5470 -0.4489
vn -0.7068 0.6239 -0.3335
vn -0.7079 0.6229 -0.3329
vn -0.7082 0.6756 -0.2049
vn -0.7068 0.6770 -0.2054
vn -0.7067 0.7041 -0.0694
vn -0.7080 0.7028 -0.0692
vn -0.7081 0.7028 0.0692
vn -0.7067 -0.6239 0.3335
vn -0.7088 0.7021 0.0692
vn -0.7087 0.6751 0.2048
vn -0.7079 -0.6229 0.3329
vn -0.7082 -0.6756 0.2049
vn -0.7082 0.6756 0.2049
vn -0.7079 0.6229 0.3330
vn -0.7067 0.6239 0.3335
vn -0.7066 0.5470 0.4489
vn -0.7062 0.5473 0.4492
vn -0.7067 -0.7041 0.0693
vn -0.7060 -0.7048 0.0694
vn -0.7060 -0.7048 -0.0694
vn -0.7068 -0.6770 -0.2053
vn -0.7067 -0.7041 -0.0694
vn -0.7089 -0.6220 -0.3325
vn -0.7088 -0.6751 -0.2048
vn -0.7065 -0.5471 -0.4490
vn -0.7066 -0.6241 -0.3335
vn -0.7059 -0.4493 -0.5475
vn -0.7061 -0.5473 -0.4492
vn -0.7066 -0.4489 -0.5470
vn -0.0000 -0.7730 -0.6344
vn -0.7065 -0.3337 -0.6241
vn -0.7064 -0.2054 -0.6773
vn -0.0000 -0.6344 -0.7730
vn -0.0000 -0.4715 -0.8819
vn -0.7068 -0.2053 -0.6770
vn -0.0000 -0.2902 -0.9570
vn -0.0000 -0.0980 -0.9952
vn -0.7067 0.2054 -0.6771
vn -0.0000 0.0980 -0.9952
vn -0.7064 0.2054 -0.6773
vn -0.7065 0.3337 -0.6241
vn -0.0000 0.2902 -0.9570
vn -0.7066 0.3336 -0.6241
vn -0.7066 0.4489 -0.5470
vn -0.0000 0.4715 -0.8819
vn -0.7060 0.4493 -0.5475
vn -0.7062 0.5473 -0.4492
vn -0.0000 0.6344 -0.7730
vn -0.7064 0.5471 -0.4490
vn -0.7066 0.6241 -0.3336
vn -0.0000 0.7730 -0.6344
vn -0.7076 0.6232 -0.3331
vn -0.7074 0.6764 -0.2052
vn -0.0000 0.8819 -0.4714
vn -0.7072 0.6766 -0.2052
vn -0.7071 0.7037 -0.0693
vn -0.0000 0.9569 -0.2903
vn -0.7070 0.7038 -0.0693
vn -0.7070 0.7038 0.0693
vn -0.0000 0.9952 -0.0980
vn -0.7071 0.7037 0.0693
vn -0.7072 0.6766 0.2052
vn -0.0000 0.9952 0.0980
vn -0.7068 0.6769 0.2053
vn -0.7067 0.6240 0.3335
vn -0.0000 0.9570 0.2902
vn -0.0000 0.8819 0.4714
vn -0.7075 0.5463 0.4484
vn -0.7076 0.4483 0.5463
vn -0.0000 0.7730 0.6344
vn -0.7082 0.4479 0.5458
vn -0.7083 0.3327 0.6225
vn -0.0000 0.6344 0.7730
vn -0.7065 0.3337 0.6241
vn -0.7065 0.2054 0.6773
vn -0.0000 0.4715 0.8819
vn -0.7067 0.2054 0.6770
vn -0.0000 0.2903 0.9569
vn -0.7060 0.0694 0.7048
vn -0.7060 -0.0694 0.7048
vn -0.0000 0.0980 0.9952
vn -0.7067 -0.0694 0.7041
vn -0.7067 -0.2054 0.6771
vn -0.0000 -0.0980 0.9952
vn -0.7065 -0.2054 0.6773
vn -0.0000 -0.2902 0.9570
vn -0.7066 -0.3336 0.6241
vn -0.7066 -0.4489 0.5470
vn -0.0000 -0.4714 0.8819
vn -0.7076 -0.4483 0.5462
vn -0.7075 -0.5463 0.4483
vn -0.7066 -0.5470 0.4489
vn -0.0000 -0.6344 0.7730
vn -0.0000 -0.7730 0.6344
vn -0.0000 -0.8819 0.4714
vn -0.6288 -0.6011 0.4933
vn -0.0000 -0.9569 0.2903
vn -0.0000 -0.9952 0.0980
vn -0.6290 -0.6856 0.3665
vn -0.6290 -0.6009 0.4931
vn -0.6285 -0.7443 0.2258
vn -0.6287 -0.6858 0.3666
vn -0.6297 -0.7434 0.2255
vn -0.6298 -0.7730 0.0762
vn -0.0000 -0.9952 -0.0980
vn -0.6290 -0.7737 0.0763
vn -0.6290 -0.7737 -0.0762
vn -0.9779 -0.2002 0.0607
vn -0.9779 -0.2082 0.0205
vn -0.0000 -0.9569 -0.2903
vn -0.6298 -0.7730 -0.0762
vn -0.6297 -0.7434 -0.2255
vn -0.0000 -0.8820 -0.4713
vn -0.6281 -0.7447 -0.2258
vn -0.6281 -0.6863 -0.3668
vn -0.6290 -0.6009 -0.4932
vn -0.6290 -0.6856 -0.3665
vn -0.6287 -0.6012 -0.4933
vn -0.6286 -0.4933 -0.6012
vn -0.9779 -0.1845 -0.0986
vn -0.6283 -0.4935 -0.6014
vn -0.6282 -0.3668 -0.6861
vn -0.9779 -0.1617 -0.1327
vn -0.9779 -0.1617 -0.1328
vn -0.9779 -0.1327 -0.1617
vn -0.6293 -0.3663 -0.6854
vn -0.6294 -0.2256 -0.7437
vn -0.9779 -0.0986 -0.1845
vn -0.6285 -0.2258 -0.7443
vn -0.6285 -0.0763 -0.7741
vn -0.9779 -0.0608 -0.2002
vn -0.9779 -0.0607 -0.2002
vn -0.6290 -0.0762 -0.7737
vn -0.6290 0.0762 -0.7737
vn -0.9779 -0.0205 -0.2082
vn -0.6285 0.0762 -0.7741
vn -0.6285 0.2257 -0.7443
vn -0.9779 0.0205 -0.2082
vn -0.6294 0.2256 -0.7436
vn -0.6293 0.3664 -0.6853
vn -0.9779 0.0608 -0.2002
vn -0.9779 0.0607 -0.2002
vn -0.6282 0.3668 -0.6862
vn -0.6283 0.4935 -0.6014
vn -0.9779 0.0986 -0.1845
vn -0.6287 0.4933 -0.6011
vn -0.6288 0.6011 -0.4933
vn -0.9779 0.1327 -0.1617
vn -0.6291 0.6009 -0.4931
vn -0.6291 0.6856 -0.3664
vn -0.9779 0.1617 -0.1327
vn -0.6288 0.6858 -0.3665
vn -0.6288 0.7441 -0.2257
vn -0.9779 0.1845 -0.0986
vn -0.6286 0.7442 -0.2258
vn -0.6286 0.7740 -0.0762
vn -0.9779 0.2002 -0.0607
vn -0.6287 0.7739 -0.0762
vn -0.6287 0.7739 0.0762
vn -0.9779 0.2082 -0.0205
vn -0.6286 0.7740 0.0762
vn -0.6286 0.7442 0.2257
vn -0.9779 0.2082 0.0205
vn -0.6292 0.7438 0.2256
vn -0.6294 0.6853 0.3663
vn -0.9779 0.2002 0.0607
vn -0.9944 0.1048 0.0103
vn -0.6290 0.6856 0.3665
vn -0.6290 0.6009 0.4932
vn -0.9944 0.1007 0.0306
vn -0.9944 0.1048 -0.0103
vn -0.9944 0.1008 0.0306
vn -0.9779 0.1845 0.0986
vn -0.9944 0.0929 0.0496
vn -0.9944 0.1007 -0.0306
vn -0.9944 0.0929 -0.0496
vn -0.9944 0.0814 0.0668
vn -0.9779 0.1617 0.1327
vn -0.9944 0.0814 -0.0668
vn -0.6287 0.6011 0.4933
vn -0.6287 0.4933 0.6011
vn -0.9944 0.0668 -0.0814
vn -0.9944 0.0668 -0.0815
vn -0.6283 0.4935 0.6014
vn -0.6282 0.3668 0.6861
vn -0.9779 0.1327 0.1617
vn -0.9944 0.0668 0.0814
vn -0.6293 0.3663 0.6854
vn -0.6294 0.2256 0.7437
vn -0.9944 0.0669 0.0814
vn -0.9779 0.0987 0.1845
vn -0.9944 0.0497 0.0929
vn -0.9779 0.0986 0.1845
vn -0.9944 0.0497 -0.0929
vn -0.9944 0.0496 0.0928
vn -0.9944 0.0306 -0.1008
vn -0.9944 0.0306 -0.1007
vn -0.9944 0.0305 0.1007
vn -0.9779 0.0607 0.2002
vn -0.9944 0.0103 -0.1047
vn -0.9944 0.0103 -0.1048
vn -0.6285 0.2258 0.7443
vn -0.6285 0.0763 0.7741
vn -0.9944 -0.0103 -0.1048
vn -0.9944 -0.0103 -0.1047
vn -0.6290 0.0762 0.7737
vn -0.6290 -0.0762 0.7737
vn -0.9779 0.0205 0.2082
vn -0.9944 0.0103 0.1047
vn -0.6285 -0.0762 0.7741
vn -0.6285 -0.2258 0.7443
vn -0.9944 0.0103 0.1048
vn -0.9779 -0.0205 0.2082
vn -0.9944 -0.0103 0.1048
vn -0.9944 -0.0103 0.1047
vn -0.9944 -0.0305 -0.1007
vn -0.9944 -0.0306 -0.1008
vn -0.9944 -0.0305 0.1007
vn -0.9779 -0.0607 0.2002
vn -0.9945 -0.0305 0.1007
vn -0.9944 -0.0497 -0.0929
vn -0.6293 -0.2256 0.7437
vn -0.6293 -0.3663 0.6854
vn -0.9944 -0.0496 0.0928
vn -0.9779 -0.0987 0.1845
vn -0.6294 -0.3663 0.6854
vn -0.9779 -0.0986 0.1845
vn -0.6293 -0.4930 0.6008
vn -0.6287 -0.4933 0.6011
vn -0.9944 -0.0497 0.0929
vn -0.9779 -0.1327 0.1617
vn -0.9779 -0.1327 0.1618
vn -0.9944 -0.0668 0.0815
vn -0.9944 -0.0669 -0.0814
vn -0.9944 -0.0668 -0.0814
vn -0.9944 -0.0668 0.0814
vn -0.9779 -0.1617 0.1327
vn -0.9944 -0.0814 0.0668
vn -0.9779 -0.1618 0.1327
vn -0.9944 -0.0814 -0.0668
vn -0.9779 -0.1845 0.0986
vn -0.9944 -0.0929 0.0496
vn -0.9944 -0.0929 -0.0496
vn -0.9944 -0.1008 0.0306
vn -0.9779 -0.2002 -0.0607
vn -0.9944 -0.1008 -0.0306
vn -0.9944 -0.1007 -0.0306
vn -0.9779 -0.2082 -0.0205
vn -0.9944 -0.1007 0.0306
vn -0.9944 -0.1048 -0.0103
vn -0.9944 -0.1048 0.0103
vn -0.0000 0.9570 -0.2902
vn 0.6255 0.6032 -0.4949
vn -0.0000 0.9952 -0.0981
vn 0.6265 0.6874 -0.3674
vn 0.6256 0.6880 -0.3678
vn 0.6245 0.7474 -0.2267
vn 0.6264 0.7459 -0.2263
vn 0.6244 0.7773 -0.0765
vn 0.6270 0.7752 -0.0764
vn -0.0000 0.9569 0.2903
vn 0.6270 0.7752 0.0763
vn 0.6269 0.7753 0.0763
vn 0.6269 0.7456 0.2262
vn 0.6264 0.7459 0.2263
vn 0.6265 0.6874 0.3674
vn 0.6256 0.6880 0.3678
vn 0.6255 0.6031 0.4950
vn 0.6250 0.6034 0.4952
vn -0.0000 0.4714 0.8819
vn 0.6248 0.4953 0.6035
vn 0.6246 0.4954 0.6037
vn 0.6244 0.3682 0.6889
vn 0.6261 0.3676 0.6876
vn 0.6262 0.2263 0.7461
vn 0.6268 0.2262 0.7456
vn 0.6269 0.0763 0.7753
vn 0.6271 0.0763 0.7752
vn -0.0000 -0.2903 0.9569
vn 0.6271 -0.0763 0.7752
vn 0.6269 -0.0763 0.7753
vn -0.0000 -0.4715 0.8819
vn 0.6269 -0.2262 0.7456
vn 0.6263 -0.2263 0.7460
vn 0.6262 -0.3675 0.6876
vn 0.6244 -0.3682 0.6888
vn 0.6246 -0.4954 0.6037
vn 0.6248 -0.4953 0.6035
vn 0.6250 -0.6034 0.4952
vn 0.6255 -0.6031 0.4950
vn 0.6256 -0.6880 0.3677
vn 0.6263 -0.6875 0.3675
vn 0.6262 -0.7461 0.2263
vn 0.6262 -0.7759 0.0764
vn 0.6261 -0.7760 0.0764
vn 0.6261 -0.7760 -0.0764
vn 0.6262 -0.7759 -0.0764
vn -0.0000 -0.8819 -0.4714
vn 0.6262 -0.7461 -0.2263
vn 0.6263 -0.6876 -0.3675
vn 0.6256 -0.6880 -0.3677
vn 0.6255 -0.6031 -0.4950
vn 0.6266 -0.6024 -0.4944
vn -0.0000 -0.4714 -0.8819
vn 0.6268 -0.4943 -0.6023
vn 0.6265 -0.4944 -0.6025
vn -0.0000 -0.2903 -0.9569
vn 0.6266 -0.3674 -0.6873
vn 0.6263 -0.3675 -0.6875
vn 0.6263 -0.2263 -0.7460
vn 0.6269 -0.2262 -0.7456
vn 0.6269 -0.0763 -0.7753
vn 0.6270 -0.0763 -0.7752
vn -0.0000 0.2903 -0.9569
vn 0.6270 0.0763 -0.7753
vn 0.6269 0.0764 -0.7753
vn -0.0000 0.4714 -0.8819
vn 0.6269 0.2262 -0.7456
vn 0.6263 0.2263 -0.7460
vn 0.6263 0.3675 -0.6876
vn 0.6268 0.3673 -0.6872
vn 0.6268 0.4943 -0.6023
vn 0.6267 0.4943 -0.6024
vn 0.6266 0.6024 -0.4944
vn 0.9763 0.1020 -0.1908
vn 0.9763 0.1372 -0.1672
vn 0.9763 0.1672 -0.1372
vn 0.9763 0.0628 -0.2070
vn 0.9763 0.1908 -0.1020
vn 0.9763 0.0212 -0.2153
vn 0.9763 0.2070 -0.0628
vn 0.9763 -0.0212 -0.2153
vn 0.9763 0.2153 -0.0212
vn 0.9763 -0.0628 -0.2070
vn 0.9763 0.2153 0.0212
vn 0.9941 0.1082 -0.0107
vn 0.9763 0.2070 0.0628
vn 0.9941 0.1041 -0.0316
vn 0.9941 0.1082 0.0107
vn 1.0000 -0.0000 -0.0000
vn 0.9941 0.0959 -0.0513
vn 0.9941 0.1041 0.0316
vn 0.9941 0.0841 -0.0690
vn 0.9941 0.0959 0.0513
vn 0.9763 0.1908 0.1020
vn 0.9941 0.0690 -0.0841
vn 0.9941 0.0841 0.0690
vn 0.9763 0.1672 0.1372
vn 0.9941 0.0513 -0.0960
vn 0.9941 0.0690 0.0841
vn 0.9763 0.1372 0.1672
vn 0.9941 0.0513 -0.0959
vn 0.9941 0.0316 -0.1041
vn 0.9941 0.0513 0.0960
vn 0.9763 0.1020 0.1908
vn 0.9941 0.0316 0.1041
vn 0.9941 0.0107 -0.1083
vn 0.9763 0.0628 0.2070
vn 0.9941 0.0107 0.1083
vn 0.9940 0.0107 -0.1085
vn 0.9940 -0.0107 -0.1085
vn 0.9763 0.0212 0.2153
vn 0.9940 0.0107 0.1085
vn 0.9940 -0.0107 0.1085
vn 0.9763 -0.0212 0.2153
vn 0.9941 -0.0107 0.1083
vn 0.9941 -0.0107 -0.1083
vn 0.9941 -0.0316 0.1041
vn 0.9763 -0.0628 0.2070
vn 0.9941 -0.0316 -0.1041
vn 0.9763 -0.1020 -0.1908
vn 0.9763 -0.1020 0.1908
vn 0.9763 -0.1372 -0.1672
vn 0.9940 -0.0316 -0.1043
vn 0.9940 -0.0513 -0.0961
vn 0.9763 -0.1672 -0.1372
vn 0.9941 -0.0513 -0.0960
vn 0.9941 -0.0691 -0.0841
vn 0.9941 -0.0513 0.0960
vn 0.9940 -0.0514 0.0961
vn 0.9763 -0.1672 -0.1373
vn 0.9763 -0.1908 -0.1020
vn 0.9940 -0.0691 0.0842
vn 0.9763 -0.1372 0.1672
vn 0.9940 -0.0691 0.0843
vn 0.9940 -0.0691 -0.0843
vn 0.9940 -0.0842 -0.0691
vn 0.9940 -0.0842 0.0691
vn 0.9763 -0.1672 0.1372
vn 0.9941 -0.0842 0.0691
vn 0.9941 -0.0841 -0.0690
vn 0.9763 -0.1908 0.1020
vn 0.9941 -0.0961 0.0513
vn 0.9941 -0.0960 0.0513
vn 0.9763 -0.2070 0.0628
vn 0.9941 -0.1042 0.0316
vn 0.9940 -0.1042 0.0316
vn 0.9941 -0.0960 -0.0513
vn 0.9763 -0.2070 -0.0628
vn 0.9941 -0.1042 -0.0316
vn 0.9763 -0.2153 -0.0212
vn 0.9940 -0.1042 -0.0316
vn 0.9763 -0.2153 0.0212
vn 0.9941 -0.1084 -0.0107
vn 0.9941 -0.1084 0.0107
s 0
usemtl rim_red
f 1665//2319 1666//2319 1667//2319
f 1668//2320 1666//2320 1665//2320
f 1668//2321 1669//2321 1666//2321
f 1670//2322 1669//2322 1668//2322
f 1670//2323 1671//2323 1669//2323
f 1665//2324 1672//2324 1668//2324
f 1673//2325 1671//2325 1670//2325
f 1673//2326 1674//2326 1671//2326
f 1668//2324 1675//2324 1670//2324
f 1672//2324 1675//2324 1668//2324
f 1670//2324 1676//2324 1673//2324
f 1675//2324 1676//2324 1670//2324
f 1677//2327 1674//2327 1673//2327
f 1677//2328 1678//2328 1674//2328
f 1676//2324 1679//2324 1673//2324
f 1673//2324 1679//2324 1677//2324
f 1680//2329 1678//2329 1677//2329
f 1680//2330 1681//2330 1678//2330
f 1679//2324 1682//2324 1677//2324
f 1677//2324 1682//2324 1680//2324
f 1683//2331 1681//2331 1680//2331
f 1683//2332 1684//2332 1681//2332
f 1682//2324 1685//2324 1680//2324
f 1680//2324 1685//2324 1683//2324
f 1686//2333 1684//2333 1683//2333
f 1686//2334 1687//2334 1684//2334
f 1685//2324 1688//2324 1683//2324
f 1683//2324 1688//2324 1686//2324
f 1689//2335 1687//2335 1686//2335
f 1689//2336 1690//2336 1687//2336
f 1688//2324 1691//2324 1686//2324
f 1686//2324 1691//2324 1689//2324
f 1692//2337 1690//2337 1689//2337
f 1692//2338 1693//2338 1690//2338
f 1691//2324 1694//2324 1689//2324
f 1689//2324 1694//2324 1692//2324
f 1695//2339 1693//2339 1692//2339
f 1695//2340 1696//2340 1693//2340
f 1694//2324 1697//2324 1692//2324
f 1692//2324 1697//2324 1695//2324
f 1698//2341 1696//2341 1695//2341
f 1698//2342 1699//2342 1696//2342
f 1697//2324 1700//2324 1695//2324
f 1695//2324 1700//2324 1698//2324
f 1701//2343 1699//2343 1698//2343
f 1701//2344 1702//2344 1699//2344
f 1700//2324 1703//2324 1698//2324
f 1698//2324 1703//2324 1701//2324
f 1704//2345 1702//2345 1701//2345
f 1704//2346 1705//2346 1702//2346
f 1703//2324 1706//2324 1701//2324
f 1701//2324 1706//2324 1704//2324
f 1707//2347 1705//2347 1704//2347
f 1707//2348 1708//2348 1705//2348
f 1706//2324 1709//2324 1704//2324
f 1704//2324 1709//2324 1707//2324
f 1710//2349 1708//2349 1707//2349
f 1710//2350 1711//2350 1708//2350
f 1712//2351 1711//2351 1710//2351
f 1709//2324 1713//2324 1707//2324
f 1707//2324 1713//2324 1710//2324
f 1712//2352 1714//2352 1715//2352
f 1713//2324 1716//2324 1710//2324
f 1710//2324 1716//2324 1712//2324
f 1717//2353 1714//2353 1712//2353
f 1717//2354 1718//2354 1714//2354
f 1716//2324 1719//2324 1712//2324
f 1712//2324 1719//2324 1717//2324
f 1720//2355 1718//2355 1717//2355
f 1720//2356 1721//2356 1718//2356
f 1719//2324 1722//2324 1717//2324
f 1717//2324 1722//2324 1720//2324
f 1723//2357 1721//2357 1720//2357
f 1723//2358 1724//2358 1721//2358
f 1722//2324 1725//2324 1720//2324
f 1720//2324 1725//2324 1723//2324
f 1726//2359 1724//2359 1723//2359
f 1726//2360 1727//2360 1724//2360
f 1725//2324 1728//2324 1723//2324
f 1723//2324 1728//2324 1726//2324
f 1729//2361 1727//2361 1726//2361
f 1729//2362 1730//2362 1727//2362
f 1728//2324 1731//2324 1726//2324
f 1726//2324 1731//2324 1729//2324
f 1732//2363 1730//2363 1729//2363
f 1732//2364 1733//2364 1730//2364
f 1731//2324 1734//2324 1729//2324
f 1729//2324 1734//2324 1732//2324
f 1735//2365 1733//2365 1732//2365
f 1735//2366 1736//2366 1733//2366
f 1734//2324 1737//2324 1732//2324
f 1732//2324 1737//2324 1735//2324
f 1738//2367 1736//2367 1735//2367
f 1738//2368 1739//2368 1736//2368
f 1737//2324 1740//2324 1735//2324
f 1735//2324 1740//2324 1738//2324
f 1741//2369 1739//2369 1738//2369
f 1741//2370 1742//2370 1739//2370
f 1740//2324 1743//2324 1738//2324
f 1738//2324 1743//2324 1741//2324
f 1744//2371 1742//2371 1741//2371
f 1744//2372 1745//2372 1742//2372
f 1743//2324 1746//2324 1741//2324
f 1741//2324 1746//2324 1744//2324
f 1747//2373 1745//2373 1744//2373
f 1745//2374 1747//2374 1748//2374
f 1746//2324 1749//2324 1744//2324
f 1744//2324 1749//2324 1747//2324
f 1748//2375 1747//2375 1750//2375
f 1747//2324 1749//2324 1750//2324
f 1750//2376 1751//2376 1748//2376
f 1752//2377 1746//2377 1743//2377
f 1753//2378 1751//2378 1750//2378
f 1753//2379 1754//2379 1751//2379
f 1755//2380 1746//2380 1752//2380
f 1755//2381 1749//2381 1746//2381
f 1756//2382 1754//2382 1753//2382
f 1756//2383 1757//2383 1754//2383
f 1750//2324 1749//2324 1758//2324
f 1759//2384 1757//2384 1756//2384
f 1759//2385 1760//2385 1757//2385
f 1665//2386 1760//2386 1759//2386
f 1750//2324 1761//2324 1753//2324
f 1758//2324 1761//2324 1750//2324
f 1759//2324 1762//2324 1665//2324
f 1762//2324 1672//2324 1665//2324
f 1749//2387 1763//2387 1758//2387
f 1763//2340 1749//2340 1755//2340
f 1764//2324 1762//2324 1759//2324
f 1756//2324 1764//2324 1759//2324
f 1758//2388 1763//2388 1765//2388
f 1765//2389 1761//2389 1758//2389
f 1753//2324 1766//2324 1756//2324
f 1761//2324 1766//2324 1753//2324
f 1766//2324 1764//2324 1756//2324
f 1767//2390 1766//2390 1761//2390
f 1767//2391 1761//2391 1765//2391
f 1768//2392 1764//2392 1766//2392
f 1768//2393 1766//2393 1767//2393
f 1769//2394 1762//2394 1764//2394
f 1769//2395 1764//2395 1768//2395
f 1770//2396 1672//2396 1762//2396
f 1770//2397 1762//2397 1769//2397
f 1771//2398 1672//2398 1770//2398
f 1771//2355 1675//2355 1672//2355
f 1769//2399 1772//2399 1770//2399
f 1773//2400 1675//2400 1771//2400
f 1773//2401 1676//2401 1675//2401
f 1770//2402 1774//2402 1771//2402
f 1772//2402 1774//2402 1770//2402
f 1771//2403 1775//2403 1773//2403
f 1774//2403 1775//2403 1771//2403
f 1776//2404 1676//2404 1773//2404
f 1776//2358 1679//2358 1676//2358
f 1775//2405 1777//2405 1773//2405
f 1773//2405 1777//2405 1776//2405
f 1778//2359 1679//2359 1776//2359
f 1778//2360 1682//2360 1679//2360
f 1777//2406 1779//2406 1776//2406
f 1776//2406 1779//2406 1778//2406
f 1780//2361 1682//2361 1778//2361
f 1780//2407 1685//2407 1682//2407
f 1779//2408 1781//2408 1778//2408
f 1778//2408 1781//2408 1780//2408
f 1782//2409 1685//2409 1780//2409
f 1782//2410 1688//2410 1685//2410
f 1781//2411 1783//2411 1780//2411
f 1780//2411 1783//2411 1782//2411
f 1784//2412 1688//2412 1782//2412
f 1784//2413 1691//2413 1688//2413
f 1783//2414 1785//2414 1782//2414
f 1782//2414 1785//2414 1784//2414
f 1786//2415 1691//2415 1784//2415
f 1786//2416 1694//2416 1691//2416
f 1785//2417 1787//2417 1784//2417
f 1784//2417 1787//2417 1786//2417
f 1788//2418 1694//2418 1786//2418
f 1788//2419 1697//2419 1694//2419
f 1787//2420 1789//2420 1786//2420
f 1786//2420 1789//2420 1788//2420
f 1790//2421 1697//2421 1788//2421
f 1790//2422 1700//2422 1697//2422
f 1789//2423 1791//2423 1788//2423
f 1788//2423 1791//2423 1790//2423
f 1792//2424 1700//2424 1790//2424
f 1792//2425 1703//2425 1700//2425
f 1791//2426 1793//2426 1790//2426
f 1790//2426 1793//2426 1792//2426
f 1794//2427 1703//2427 1792//2427
f 1794//2428 1706//2428 1703//2428
f 1793//2429 1795//2429 1792//2429
f 1792//2429 1795//2429 1794//2429
f 1796//2430 1706//2430 1794//2430
f 1796//2431 1709//2431 1706//2431
f 1795//2432 1797//2432 1794//2432
f 1794//2432 1797//2432 1796//2432
f 1798//2433 1709//2433 1796//2433
f 1798//2434 1713//2434 1709//2434
f 1797//2435 1799//2435 1796//2435
f 1796//2435 1799//2435 1798//2435
f 1800//2384 1713//2384 1798//2384
f 1800//2385 1716//2385 1713//2385
f 1799//2436 1801//2436 1798//2436
f 1798//2436 1801//2436 1800//2436
f 1802//2437 1716//2437 1800//2437
f 1802//2438 1719//2438 1716//2438
f 1801//2439 1803//2439 1800//2439
f 1800//2439 1803//2439 1802//2439
f 1804//2440 1719//2440 1802//2440
f 1804//2441 1722//2441 1719//2441
f 1803//2442 1805//2442 1802//2442
f 1802//2442 1805//2442 1804//2442
f 1806//2443 1722//2443 1804//2443
f 1806//2444 1725//2444 1722//2444
f 1805//2445 1807//2445 1804//2445
f 1804//2445 1807//2445 1806//2445
f 1808//2446 1725//2446 1806//2446
f 1808//2326 1728//2326 1725//2326
f 1807//2447 1809//2447 1806//2447
f 1806//2447 1809//2447 1808//2447
f 1810//2448 1728//2448 1808//2448
f 1810//2449 1731//2449 1728//2449
f 1809//2450 1811//2450 1808//2450
f 1808//2450 1811//2450 1810//2450
f 1812//2451 1731//2451 1810//2451
f 1812//2452 1734//2452 1731//2452
f 1811//2453 1813//2453 1810//2453
f 1810//2453 1813//2453 1812//2453
f 1814//2454 1734//2454 1812//2454
f 1814//2333 1737//2333 1734//2333
f 1813//2455 1815//2455 1812//2455
f 1812//2455 1815//2455 1814//2455
f 1816//2456 1737//2456 1814//2456
f 1816//2457 1740//2457 1737//2457
f 1815//2458 1817//2458 1814//2458
f 1814//2458 1817//2458 1816//2458
f 1818//2459 1740//2459 1816//2459
f 1818//2460 1743//2460 1740//2460
f 1752//2461 1743//2461 1818//2461
f 1817//2462 1819//2462 1816//2462
f 1816//2462 1819//2462 1818//2462
f 1818//2463 1820//2463 1752//2463
f 1819//2463 1820//2463 1818//2463
f 1820//2464 1821//2464 1752//2464
f 1752//2464 1821//2464 1755//2464
f 1822//2465 1820//2465 1819//2465
f 1821//2466 1823//2466 1755//2466
f 1755//2466 1823//2466 1763//2466
f 1763//2467 1823//2467 1765//2467
f 1824//2468 1821//2468 1820//2468
f 1824//2469 1820//2469 1822//2469
f 1825//2470 1823//2470 1821//2470
f 1825//2471 1821//2471 1824//2471
f 1765//2467 1823//2467 1826//2467
f 1827//2472 1823//2472 1825//2472
f 1823//2473 1827//2473 1826//2473
f 1826//2474 1828//2474 1765//2474
f 1765//2474 1828//2474 1767//2474
f 1826//2475 1827//2475 1829//2475
f 1829//2476 1828//2476 1826//2476
f 1825//2477 1830//2477 1827//2477
f 1827//2478 1830//2478 1829//2478
f 1828//2479 1831//2479 1767//2479
f 1767//2479 1831//2479 1768//2479
f 1832//2480 1828//2480 1829//2480
f 1832//2481 1831//2481 1828//2481
f 1831//2482 1833//2482 1768//2482
f 1768//2482 1833//2482 1769//2482
f 1833//2399 1772//2399 1769//2399
f 1834//2483 1831//2483 1832//2483
f 1834//2484 1833//2484 1831//2484
f 1835//2485 1772//2485 1833//2485
f 1835//2486 1833//2486 1834//2486
f 1836//2487 1772//2487 1835//2487
f 1836//2488 1774//2488 1772//2488
f 1834//2489 1837//2489 1835//2489
f 1838//2490 1774//2490 1836//2490
f 1838//2491 1775//2491 1774//2491
f 1835//2492 1839//2492 1836//2492
f 1837//2493 1839//2493 1835//2493
f 1836//2494 1840//2494 1838//2494
f 1839//2494 1840//2494 1836//2494
f 1841//2495 1775//2495 1838//2495
f 1841//2496 1777//2496 1775//2496
f 1840//2497 1842//2497 1838//2497
f 1838//2497 1842//2497 1841//2497
f 1843//2498 1777//2498 1841//2498
f 1843//2499 1779//2499 1777//2499
f 1842//2500 1844//2500 1841//2500
f 1841//2501 1844//2501 1843//2501
f 1845//2502 1779//2502 1843//2502
f 1845//2503 1781//2503 1779//2503
f 1844//2504 1846//2504 1843//2504
f 1843//2504 1846//2504 1845//2504
f 1847//2505 1781//2505 1845//2505
f 1847//2506 1783//2506 1781//2506
f 1846//2507 1848//2507 1845//2507
f 1845//2507 1848//2507 1847//2507
f 1849//2508 1783//2508 1847//2508
f 1849//2509 1785//2509 1783//2509
f 1848//2510 1850//2510 1847//2510
f 1847//2511 1850//2511 1849//2511
f 1851//2512 1785//2512 1849//2512
f 1851//2513 1787//2513 1785//2513
f 1850//2514 1852//2514 1849//2514
f 1849//2514 1852//2514 1851//2514
f 1853//2515 1787//2515 1851//2515
f 1853//2516 1789//2516 1787//2516
f 1852//2517 1854//2517 1851//2517
f 1851//2517 1854//2517 1853//2517
f 1855//2518 1789//2518 1853//2518
f 1855//2519 1791//2519 1789//2519
f 1854//2520 1856//2520 1853//2520
f 1853//2520 1856//2520 1855//2520
f 1857//2521 1791//2521 1855//2521
f 1857//2522 1793//2522 1791//2522
f 1856//2523 1858//2523 1855//2523
f 1855//2523 1858//2523 1857//2523
f 1859//2524 1793//2524 1857//2524
f 1859//2525 1795//2525 1793//2525
f 1858//2526 1860//2526 1857//2526
f 1857//2526 1860//2526 1859//2526
f 1861//2527 1795//2527 1859//2527
f 1861//2528 1797//2528 1795//2528
f 1860//2529 1862//2529 1859//2529
f 1859//2529 1862//2529 1861//2529
f 1863//2530 1797//2530 1861//2530
f 1863//2531 1799//2531 1797//2531
f 1862//2532 1864//2532 1861//2532
f 1861//2532 1864//2532 1863//2532
f 1865//2533 1799//2533 1863//2533
f 1865//2534 1801//2534 1799//2534
f 1864//2535 1866//2535 1863//2535
f 1863//2535 1866//2535 1865//2535
f 1867//2536 1864//2536 1862//2536
f 1868//2537 1801//2537 1865//2537
f 1868//2538 1803//2538 1801//2538
f 1869//2536 1864//2536 1867//2536
f 1869//2539 1866//2539 1864//2539
f 1867//2540 1862//2540 1870//2540
f 1870//2324 1869//2324 1867//2324
f 1870//2540 1862//2540 1860//2540
f 1871//2541 1866//2541 1869//2541
f 1870//2324 1871//2324 1869//2324
f 1866//2542 1872//2542 1865//2542
f 1871//2543 1872//2543 1866//2543
f 1865//2542 1872//2542 1868//2542
f 1870//2544 1860//2544 1873//2544
f 1873//2324 1871//2324 1870//2324
f 1873//2544 1860//2544 1858//2544
f 1874//2543 1872//2543 1871//2543
f 1871//2324 1873//2324 1874//2324
f 1873//2545 1858//2545 1875//2545
f 1874//2324 1873//2324 1875//2324
f 1875//2545 1858//2545 1856//2545
f 1874//2546 1876//2546 1872//2546
f 1872//2547 1876//2547 1868//2547
f 1874//2324 1875//2324 1877//2324
f 1877//2546 1876//2546 1874//2546
f 1875//2548 1856//2548 1878//2548
f 1877//2324 1875//2324 1878//2324
f 1878//2548 1856//2548 1854//2548
f 1868//2547 1876//2547 1879//2547
f 1879//2549 1803//2549 1868//2549
f 1879//2550 1805//2550 1803//2550
f 1878//2551 1854//2551 1880//2551
f 1880//2552 1854//2552 1852//2552
f 1881//2553 1805//2553 1879//2553
f 1881//2554 1807//2554 1805//2554
f 1876//2555 1882//2555 1879//2555
f 1879//2555 1882//2555 1881//2555
f 1877//2556 1882//2556 1876//2556
f 1883//2557 1807//2557 1881//2557
f 1883//2558 1809//2558 1807//2558
f 1877//2324 1878//2324 1884//2324
f 1884//2559 1882//2559 1877//2559
f 1884//2324 1878//2324 1880//2324
f 1882//2560 1885//2560 1881//2560
f 1884//2561 1885//2561 1882//2561
f 1881//2562 1885//2562 1883//2562
f 1880//2563 1852//2563 1886//2563
f 1886//2324 1884//2324 1880//2324
f 1886//2563 1852//2563 1850//2563
f 1887//2564 1885//2564 1884//2564
f 1887//2324 1884//2324 1886//2324
f 1886//2565 1850//2565 1888//2565
f 1888//2324 1887//2324 1886//2324
f 1888//2566 1850//2566 1848//2566
f 1887//2567 1889//2567 1885//2567
f 1885//2568 1889//2568 1883//2568
f 1890//2324 1887//2324 1888//2324
f 1890//2567 1889//2567 1887//2567
f 1888//2569 1848//2569 1891//2569
f 1888//2324 1891//2324 1890//2324
f 1891//2570 1848//2570 1846//2570
f 1883//2568 1889//2568 1892//2568
f 1892//2571 1809//2571 1883//2571
f 1892//2572 1811//2572 1809//2572
f 1891//2573 1846//2573 1893//2573
f 1893//2574 1846//2574 1844//2574
f 1894//2575 1811//2575 1892//2575
f 1894//2576 1813//2576 1811//2576
f 1889//2577 1895//2577 1892//2577
f 1892//2577 1895//2577 1894//2577
f 1890//2578 1895//2578 1889//2578
f 1896//2579 1813//2579 1894//2579
f 1896//2580 1815//2580 1813//2580
f 1890//2324 1891//2324 1897//2324
f 1897//2581 1895//2581 1890//2581
f 1893//2324 1897//2324 1891//2324
f 1895//2582 1898//2582 1894//2582
f 1897//2583 1898//2583 1895//2583
f 1894//2582 1898//2582 1896//2582
f 1899//2324 1897//2324 1893//2324
f 1899//2584 1898//2584 1897//2584
f 1893//2585 1844//2585 1900//2585
f 1900//2324 1899//2324 1893//2324
f 1900//2586 1844//2586 1842//2586
f 1899//2587 1901//2587 1898//2587
f 1898//2588 1901//2588 1896//2588
f 1902//2324 1899//2324 1900//2324
f 1902//2589 1901//2589 1899//2589
f 1900//2590 1842//2590 1903//2590
f 1903//2324 1902//2324 1900//2324
f 1903//2590 1842//2590 1840//2590
f 1904//2591 1815//2591 1896//2591
f 1896//2588 1901//2588 1904//2588
f 1904//2592 1817//2592 1815//2592
f 1902//2593 1905//2593 1901//2593
f 1901//2594 1905//2594 1904//2594
f 1906//2595 1817//2595 1904//2595
f 1904//2596 1905//2596 1906//2596
f 1906//2597 1819//2597 1817//2597
f 1822//2598 1819//2598 1906//2598
f 1907//2599 1905//2599 1902//2599
f 1907//2324 1902//2324 1903//2324
f 1905//2600 1908//2600 1906//2600
f 1906//2601 1908//2601 1822//2601
f 1907//2602 1908//2602 1905//2602
f 1903//2603 1840//2603 1909//2603
f 1909//2324 1907//2324 1903//2324
f 1909//2604 1840//2604 1839//2604
f 1910//2605 1908//2605 1907//2605
f 1910//2324 1907//2324 1909//2324
f 1908//2606 1911//2606 1822//2606
f 1910//2607 1911//2607 1908//2607
f 1822//2608 1911//2608 1824//2608
f 1909//2609 1839//2609 1912//2609
f 1912//2324 1910//2324 1909//2324
f 1912//2609 1839//2609 1837//2609
f 1913//2607 1911//2607 1910//2607
f 1913//2324 1910//2324 1912//2324
f 1911//2610 1914//2610 1824//2610
f 1913//2611 1914//2611 1911//2611
f 1824//2610 1914//2610 1825//2610
f 1914//2477 1830//2477 1825//2477
f 1915//2324 1913//2324 1912//2324
f 1912//2612 1837//2612 1915//2612
f 1916//2611 1914//2611 1913//2611
f 1916//2324 1913//2324 1915//2324
f 1916//2613 1830//2613 1914//2613
f 1915//2612 1837//2612 1917//2612
f 1917//2489 1837//2489 1834//2489
f 1832//2614 1917//2614 1834//2614
f 1918//2324 1916//2324 1915//2324
f 1915//2615 1917//2615 1918//2615
f 1919//2614 1917//2614 1832//2614
f 1918//2616 1917//2616 1919//2616
f 1829//2617 1919//2617 1832//2617
f 1920//2324 1916//2324 1918//2324
f 1920//2618 1830//2618 1916//2618
f 1918//2619 1919//2619 1921//2619
f 1920//2324 1918//2324 1921//2324
f 1922//2617 1919//2617 1829//2617
f 1921//2619 1919//2619 1922//2619
f 1829//2478 1830//2478 1922//2478
f 1922//2620 1920//2620 1921//2620
f 1830//2620 1920//2620 1922//2620
f 1923//2420 1924//2420 1925//2420
f 1926//2420 1924//2420 1923//2420
f 1927//2423 1926//2423 1923//2423
f 1928//2423 1926//2423 1927//2423
f 1929//2621 1928//2621 1927//2621
f 1926//2622 1930//2622 1924//2622
f 1931//2621 1928//2621 1929//2621
f 1932//2623 1931//2623 1929//2623
f 1928//2624 1933//2624 1926//2624
f 1926//2625 1933//2625 1930//2625
f 1931//2626 1934//2626 1928//2626
f 1928//2627 1934//2627 1933//2627
f 1935//2623 1931//2623 1932//2623
f 1936//2432 1935//2432 1932//2432
f 1934//2628 1931//2628 1937//2628
f 1937//2629 1931//2629 1935//2629
f 1938//2432 1935//2432 1936//2432
f 1939//2630 1938//2630 1936//2630
f 1935//2631 1940//2631 1937//2631
f 1938//2632 1940//2632 1935//2632
f 1941//2630 1938//2630 1939//2630
f 1942//2436 1941//2436 1939//2436
f 1938//2633 1943//2633 1940//2633
f 1941//2634 1943//2634 1938//2634
f 1944//2436 1941//2436 1942//2436
f 1945//2439 1944//2439 1942//2439
f 1946//2439 1944//2439 1945//2439
f 1941//2635 1947//2635 1943//2635
f 1944//2636 1947//2636 1941//2636
f 1948//2442 1946//2442 1949//2442
f 1944//2637 1950//2637 1947//2637
f 1946//2638 1950//2638 1944//2638
f 1951//2442 1946//2442 1948//2442
f 1952//2639 1951//2639 1948//2639
f 1946//2640 1953//2640 1950//2640
f 1951//2641 1953//2641 1946//2641
f 1954//2639 1951//2639 1952//2639
f 1955//2447 1954//2447 1952//2447
f 1951//2642 1956//2642 1953//2642
f 1954//2643 1956//2643 1951//2643
f 1957//2447 1954//2447 1955//2447
f 1958//2450 1957//2450 1955//2450
f 1954//2644 1959//2644 1956//2644
f 1957//2645 1959//2645 1954//2645
f 1960//2450 1957//2450 1958//2450
f 1961//2453 1960//2453 1958//2453
f 1957//2646 1962//2646 1959//2646
f 1960//2647 1962//2647 1957//2647
f 1963//2453 1960//2453 1961//2453
f 1964//2648 1963//2648 1961//2648
f 1960//2649 1965//2649 1962//2649
f 1963//2650 1965//2650 1960//2650
f 1966//2648 1963//2648 1964//2648
f 1967//2651 1966//2651 1964//2651
f 1963//2652 1968//2652 1965//2652
f 1966//2653 1968//2653 1963//2653
f 1969//2651 1966//2651 1967//2651
f 1970//2462 1969//2462 1967//2462
f 1966//2654 1971//2654 1968//2654
f 1969//2655 1971//2655 1966//2655
f 1972//2462 1969//2462 1970//2462
f 1973//2463 1972//2463 1970//2463
f 1969//2656 1974//2656 1971//2656
f 1972//2657 1974//2657 1969//2657
f 1975//2463 1972//2463 1973//2463
f 1976//2464 1975//2464 1973//2464
f 1972//2658 1977//2658 1974//2658
f 1975//2659 1977//2659 1972//2659
f 1978//2464 1975//2464 1976//2464
f 1979//2466 1978//2466 1976//2466
f 1975//2660 1980//2660 1977//2660
f 1978//2661 1980//2661 1975//2661
f 1981//2466 1978//2466 1979//2466
f 1982//2467 1981//2467 1979//2467
f 1978//2662 1983//2662 1980//2662
f 1981//2662 1983//2662 1978//2662
f 1984//2467 1981//2467 1982//2467
f 1985//2474 1984//2474 1982//2474
f 1981//2663 1986//2663 1983//2663
f 1984//2664 1986//2664 1981//2664
f 1987//2474 1984//2474 1985//2474
f 1988//2479 1987//2479 1985//2479
f 1984//2665 1989//2665 1986//2665
f 1987//2666 1989//2666 1984//2666
f 1990//2479 1987//2479 1988//2479
f 1991//2667 1990//2667 1988//2667
f 1987//2668 1992//2668 1989//2668
f 1990//2668 1992//2668 1987//2668
f 1993//2667 1990//2667 1991//2667
f 1994//2399 1993//2399 1991//2399
f 1995//2399 1993//2399 1994//2399
f 1990//2669 1996//2669 1992//2669
f 1993//2670 1996//2670 1990//2670
f 1997//2402 1995//2402 1998//2402
f 1993//2671 1999//2671 1996//2671
f 1995//2672 1999//2672 1993//2672
f 2000//2402 1995//2402 1997//2402
f 2001//2673 2000//2673 1997//2673
f 1995//2674 2002//2674 1999//2674
f 2000//2675 2002//2675 1995//2675
f 2003//2673 2000//2673 2001//2673
f 2004//2676 2003//2676 2001//2676
f 2000//2677 2005//2677 2002//2677
f 2003//2678 2005//2678 2000//2678
f 2006//2676 2003//2676 2004//2676
f 2007//2406 2006//2406 2004//2406
f 2003//2679 2008//2679 2005//2679
f 2006//2680 2008//2680 2003//2680
f 2009//2406 2006//2406 2007//2406
f 2010//2408 2009//2408 2007//2408
f 2006//2681 2011//2681 2008//2681
f 2009//2682 2011//2682 2006//2682
f 2012//2408 2009//2408 2010//2408
f 2013//2683 2012//2683 2010//2683
f 2009//2684 2014//2684 2011//2684
f 2012//2685 2014//2685 2009//2685
f 2015//2683 2012//2683 2013//2683
f 2016//2686 2015//2686 2013//2686
f 2012//2687 2017//2687 2014//2687
f 2015//2688 2017//2688 2012//2688
f 2018//2686 2015//2686 2016//2686
f 2019//2417 2018//2417 2016//2417
f 1924//2417 2018//2417 2019//2417
f 2015//2689 2020//2689 2017//2689
f 2018//2690 2020//2690 2015//2690
f 1924//2691 2021//2691 2018//2691
f 2018//2692 2021//2692 2020//2692
f 1924//2693 1930//2693 2021//2693
f 2020//2694 2022//2694 2017//2694
f 2021//2695 2023//2695 2020//2695
f 2020//2695 2023//2695 2022//2695
f 1930//2696 2024//2696 2021//2696
f 2021//2696 2024//2696 2023//2696
f 2017//2694 2022//2694 2025//2694
f 2017//2697 2025//2697 2014//2697
f 1930//2698 2026//2698 2024//2698
f 1933//2698 2026//2698 1930//2698
f 2014//2697 2025//2697 2027//2697
f 2014//2699 2027//2699 2011//2699
f 1933//2700 2028//2700 2026//2700
f 1934//2700 2028//2700 1933//2700
f 2011//2699 2027//2699 2029//2699
f 2011//2701 2029//2701 2008//2701
f 1934//2702 2030//2702 2028//2702
f 1937//2702 2030//2702 1934//2702
f 2008//2701 2029//2701 2031//2701
f 2008//2703 2031//2703 2005//2703
f 1937//2704 2032//2704 2030//2704
f 1940//2704 2032//2704 1937//2704
f 2033//2705 2028//2705 2030//2705
f 1940//2706 2034//2706 2032//2706
f 1943//2706 2034//2706 1940//2706
f 2035//2705 2028//2705 2033//2705
f 2028//2707 2035//2707 2026//2707
f 2030//2708 2036//2708 2033//2708
f 2036//2709 2035//2709 2033//2709
f 2032//2708 2036//2708 2030//2708
f 2026//2707 2035//2707 2037//2707
f 2035//2709 2036//2709 2037//2709
f 2026//2710 2037//2710 2024//2710
f 2032//2711 2038//2711 2036//2711
f 2037//2709 2036//2709 2038//2709
f 2034//2711 2038//2711 2032//2711
f 2024//2710 2037//2710 2039//2710
f 2037//2709 2038//2709 2039//2709
f 2024//2712 2039//2712 2023//2712
f 2034//2713 2040//2713 2038//2713
f 2039//2709 2038//2709 2040//2709
f 1943//2714 2041//2714 2034//2714
f 2041//2713 2040//2713 2034//2713
f 1947//2714 2041//2714 1943//2714
f 2023//2712 2039//2712 2042//2712
f 2039//2709 2040//2709 2042//2709
f 2023//2715 2042//2715 2022//2715
f 2041//2716 2043//2716 2040//2716
f 2042//2709 2040//2709 2043//2709
f 1947//2717 2044//2717 2041//2717
f 2044//2716 2043//2716 2041//2716
f 1950//2717 2044//2717 1947//2717
f 2022//2715 2042//2715 2045//2715
f 2042//2709 2043//2709 2045//2709
f 2022//2718 2045//2718 2025//2718
f 2044//2719 2046//2719 2043//2719
f 2045//2709 2043//2709 2046//2709
f 1950//2720 2047//2720 2044//2720
f 2047//2719 2046//2719 2044//2719
f 1953//2720 2047//2720 1950//2720
f 2025//2721 2045//2721 2048//2721
f 2045//2709 2046//2709 2048//2709
f 2025//2722 2048//2722 2027//2722
f 2047//2723 2049//2723 2046//2723
f 2048//2709 2046//2709 2049//2709
f 1953//2724 2050//2724 2047//2724
f 2050//2723 2049//2723 2047//2723
f 1956//2724 2050//2724 1953//2724
f 2051//2709 2048//2709 2049//2709
f 2050//2725 2051//2725 2049//2725
f 2027//2722 2048//2722 2052//2722
f 2052//2709 2048//2709 2051//2709
f 2027//2726 2052//2726 2029//2726
f 1956//2727 2053//2727 2050//2727
f 2053//2725 2051//2725 2050//2725
f 1959//2727 2053//2727 1956//2727
f 2051//2709 2054//2709 2052//2709
f 2053//2728 2054//2728 2051//2728
f 2029//2729 2052//2729 2055//2729
f 2052//2709 2054//2709 2055//2709
f 2029//2730 2055//2730 2031//2730
f 1959//2731 2056//2731 2053//2731
f 2056//2732 2054//2732 2053//2732
f 1962//2731 2056//2731 1959//2731
f 2057//2709 2055//2709 2054//2709
f 2056//2733 2057//2733 2054//2733
f 1962//2734 2058//2734 2056//2734
f 2058//2735 2057//2735 2056//2735
f 1965//2734 2058//2734 1962//2734
f 2059//2709 2055//2709 2057//2709
f 2031//2736 2055//2736 2059//2736
f 2058//2737 2060//2737 2057//2737
f 2060//2709 2059//2709 2057//2709
f 1965//2738 2061//2738 2058//2738
f 2061//2737 2060//2737 2058//2737
f 1968//2738 2061//2738 1965//2738
f 2031//2739 2059//2739 2062//2739
f 2005//2703 2031//2703 2062//2703
f 2005//2740 2062//2740 2002//2740
f 1968//2741 2063//2741 2061//2741
f 1971//2741 2063//2741 1968//2741
f 2002//2740 2062//2740 2064//2740
f 2002//2742 2064//2742 1999//2742
f 2062//2743 2059//2743 2065//2743
f 2062//2744 2065//2744 2064//2744
f 2065//2709 2059//2709 2060//2709
f 1999//2742 2064//2742 2066//2742
f 1999//2745 2066//2745 1996//2745
f 2064//2746 2065//2746 2067//2746
f 2064//2747 2067//2747 2066//2747
f 2068//2709 2065//2709 2060//2709
f 2061//2748 2068//2748 2060//2748
f 2067//2709 2065//2709 2068//2709
f 2063//2749 2068//2749 2061//2749
f 1996//2750 2066//2750 2069//2750
f 1996//2751 2069//2751 1992//2751
f 2063//2752 2070//2752 2068//2752
f 2070//2709 2067//2709 2068//2709
f 1971//2753 2071//2753 2063//2753
f 2071//2754 2070//2754 2063//2754
f 1974//2753 2071//2753 1971//2753
f 2066//2755 2067//2755 2072//2755
f 2072//2709 2067//2709 2070//2709
f 2066//2756 2072//2756 2069//2756
f 2071//2757 2073//2757 2070//2757
f 2073//2709 2072//2709 2070//2709
f 1974//2758 2074//2758 2071//2758
f 2074//2759 2073//2759 2071//2759
f 1977//2758 2074//2758 1974//2758
f 2075//2709 2072//2709 2073//2709
f 2069//2760 2072//2760 2075//2760
f 1977//2761 2076//2761 2074//2761
f 1980//2761 2076//2761 1977//2761
f 2074//2762 2077//2762 2073//2762
f 2076//2763 2077//2763 2074//2763
f 2077//2709 2075//2709 2073//2709
f 1980//2764 2078//2764 2076//2764
f 1983//2764 2078//2764 1980//2764
f 2076//2765 2079//2765 2077//2765
f 2078//2766 2079//2766 2076//2766
f 2069//2767 2075//2767 2080//2767
f 1992//2751 2069//2751 2080//2751
f 1992//2768 2080//2768 1989//2768
f 2081//2709 2075//2709 2077//2709
f 2080//2767 2075//2767 2081//2767
f 1989//2768 2080//2768 2082//2768
f 2080//2769 2081//2769 2082//2769
f 1989//2770 2082//2770 1986//2770
f 2081//2709 2077//2709 2083//2709
f 2082//2771 2081//2771 2083//2771
f 2083//2709 2077//2709 2079//2709
f 1986//2770 2082//2770 2084//2770
f 1986//2772 2084//2772 1983//2772
f 2082//2773 2083//2773 2084//2773
f 1983//2772 2084//2772 2078//2772
f 2083//2709 2079//2709 2085//2709
f 2084//2773 2083//2773 2085//2773
f 2078//2774 2085//2774 2079//2774
f 2084//2774 2085//2774 2078//2774
usemtl tyre
f 1//1 2//1 3//1
f 4//2 5//2 6//2
f 7//3 8//3 9//3
f 10//4 11//4 12//4
f 13//5 14//5 15//5
f 16//6 17//6 18//6
f 19//7 20//7 21//7
f 22//8 23//8 24//8
f 25//9 26//9 27//9
f 28//10 29//10 30//10
f 31//11 32//11 33//11
f 34//12 35//12 36//12
f 37//13 38//13 39//13
f 40//14 41//14 42//14
f 43//15 44//15 45//15
f 46//16 47//16 48//16
f 49//17 50//17 51//17
f 52//18 53//18 54//18
f 55//19 56//19 57//19
f 58//20 59//20 60//20
f 61//21 62//21 63//21
f 64//22 65//22 66//22
f 67//23 68//23 69//23
f 70//24 71//24 72//24
f 73//25 74//25 75//25
f 76//26 77//26 78//26
f 79//27 80//27 81//27
f 82//28 83//28 84//28
f 85//29 86//29 87//29
f 88//30 89//30 90//30
f 91//31 92//31 93//31
f 94//32 95//32 96//32
f 97//33 98//33 99//33
f 100//34 101//34 102//34
f 103//35 104//35 105//35
f 106//36 107//36 108//36
f 109//37 110//37 111//37
f 112//38 113//38 114//38
f 115//39 116//39 117//39
f 118//40 119//40 120//40
f 121//41 122//41 123//41
f 124//42 125//42 126//42
f 127//43 128//43 129//43
f 130//44 131//44 132//44
f 133//45 134//45 135//45
f 136//46 137//46 138//46
f 139//47 140//47 141//47
f 142//48 143//48 5//48
f 144//49 145//49 146//49
f 147//50 148//50 149//50
f 150//51 151//51 152//51
f 153//52 154//52 155//52
f 156//53 157//53 158//53
f 159//54 160//54 161//54
f 162//55 163//55 164//55
f 165//56 166//56 167//56
f 168//57 169//57 170//57
f 171//58 172//58 173//58
f 174//59 175//59 176//59
f 177//60 178//60 179//60
f 180//61 181//61 182//61
f 183//62 184//62 185//62
f 186//63 187//63 56//63
f 188//64 189//64 190//64
f 191//65 192//65 193//65
f 194//66 195//66 196//66
f 197//67 198//67 199//67
f 200//68 201//68 202//68
f 203//69 204//69 205//69
f 206//70 207//70 208//70
f 209//71 210//71 211//71
f 212//72 213//72 214//72
f 215//73 216//73 217//73
f 218//74 219//74 220//74
f 221//75 222//75 223//75
f 224//76 225//76 226//76
f 227//77 228//77 229//77
f 230//78 231//78 232//78
f 233//79 234//79 235//79
f 236//80 237//80 238//80
f 239//81 240//81 241//81
f 242//82 243//82 244//82
f 245//83 246//83 247//83
f 248//84 249//84 74//84
f 250//85 251//85 252//85
f 253//86 254//86 255//86
f 256//87 257//87 258//87
f 259//88 260//88 261//88
f 262//89 263//89 264//89
f 265//90 266//90 267//90
f 268//91 269//91 270//91
f 271//92 272//92 273//92
f 274//93 275//93 80//93
f 276//94 277//94 278//94
f 279//95 280//95 281//95
f 282//96 283//96 284//96
f 101//97 285//97 286//97
f 287//98 288//98 289//98
f 290//99 291//99 292//99
f 293//100 87//100 294//100
f 295//101 296//101 297//101
f 298//102 299//102 300//102
f 301//103 302//103 303//103
f 304//104 305//104 306//104
f 307//105 308//105 309//105
f 310//106 311//106 312//106
f 313//107 314//107 315//107
f 316//108 317//108 318//108
f 319//109 320//109 321//109
f 322//110 323//110 324//110
f 325//111 326//111 92//111
f 327//112 328//112 329//112
f 330//113 331//113 332//113
f 333//114 334//114 335//114
f 336//115 337//115 338//115
f 339//116 340//116 341//116
f 342//117 343//117 344//117
f 345//118 346//118 347//118
f 348//119 349//119 350//119
f 351//120 352//120 353//120
f 354//121 2//121 355//121
f 356//122 357//122 358//122
f 359//123 12//123 360//123
f 361//124 362//124 14//124
f 363//125 364//125 17//125
f 41//126 365//126 366//126
f 367//127 368//127 369//127
f 66//128 370//128 371//128
f 372//129 373//129 374//129
f 33//130 375//130 376//130
f 377//131 378//131 379//131
f 380//132 381//132 116//132
f 382//133 383//133 125//133
f 384//134 385//134 386//134
f 387//135 132//135 388//135
f 389//136 146//136 390//136
f 21//137 391//137 392//137
f 393//138 394//138 160//138
f 52//139 395//139 53//139
f 396//140 170//140 397//140
f 398//141 399//141 400//141
f 401//142 402//142 181//142
f 403//143 404//143 195//143
f 405//144 214//144 406//144
f 407//145 408//145 409//145
f 410//146 217//146 411//146
f 412//147 235//147 413//147
f 414//148 207//148 415//148
f 416//149 247//149 417//149
f 418//150 258//150 419//150
f 420//151 421//151 106//151
f 422//152 273//152 423//152
f 424//153 281//153 425//153
f 426//154 292//154 427//154
f 428//155 309//155 429//155
f 430//156 321//156 431//156
f 432//157 338//157 433//157
f 434//158 350//158 435//158
f 436//159 437//159 438//159
f 8//160 439//160 440//160
f 441//161 442//161 443//161
f 444//162 445//162 25//162
f 446//163 447//163 448//163
f 449//164 450//164 451//164
f 452//165 453//165 454//165
f 455//166 130//166 44//166
f 456//167 138//167 457//167
f 458//168 147//168 47//168
f 459//169 460//169 461//169
f 462//170 463//170 464//170
f 54//171 465//171 466//171
f 467//172 468//172 469//172
f 470//173 471//173 472//173
f 473//174 190//174 474//174
f 475//175 476//175 188//175
f 477//176 202//176 478//176
f 479//177 203//177 62//177
f 480//178 481//178 482//178
f 483//179 220//179 484//179
f 485//180 486//180 227//180
f 487//181 229//181 488//181
f 489//182 490//182 491//182
f 492//183 493//183 494//183
f 495//184 496//184 253//184
f 497//185 255//185 498//185
f 499//186 500//186 501//186
f 502//187 29//187 503//187
f 504//188 267//188 505//188
f 506//189 278//189 507//189
f 84//190 83//190 508//190
f 509//191 510//191 511//191
f 512//192 315//192 513//192
f 514//193 304//193 89//193
f 515//194 516//194 517//194
f 518//195 335//195 519//195
f 520//196 330//196 95//196
f 521//197 342//197 98//197
f 522//198 347//198 523//198
f 8//199 524//199 525//199
f 12//200 526//200 527//200
f 528//201 529//201 530//201
f 1//202 531//202 2//202
f 28//203 532//203 533//203
f 110//204 534//204 535//204
f 37//205 39//205 121//205
f 43//206 45//206 536//206
f 537//207 137//207 538//207
f 46//208 48//208 539//208
f 540//209 149//209 136//209
f 541//210 542//210 51//210
f 543//211 544//211 545//211
f 162//212 164//212 50//212
f 166//213 546//213 547//213
f 548//214 467//214 177//214
f 55//215 57//215 549//215
f 550//216 178//216 551//216
f 552//217 553//217 554//217
f 58//218 60//218 555//218
f 556//219 189//219 557//219
f 558//220 559//220 23//220
f 197//221 199//221 59//221
f 61//222 63//222 560//222
f 561//223 562//223 201//223
f 563//224 205//224 200//224
f 67//225 69//225 221//225
f 564//226 219//226 565//226
f 566//227 480//227 218//227
f 567//228 568//228 72//228
f 27//9 26//9 569//9
f 236//229 71//229 70//229
f 570//230 228//230 571//230
f 73//231 75//231 572//231
f 249//232 573//232 240//232
f 76//233 78//233 574//233
f 575//234 254//234 576//234
f 262//235 264//235 77//235
f 577//236 499//236 265//236
f 503//237 101//237 578//237
f 79//238 81//238 579//238
f 580//239 266//239 581//239
f 582//240 583//240 277//240
f 584//241 289//241 276//241
f 286//242 585//242 586//242
f 587//243 588//243 508//243
f 86//244 589//244 302//244
f 590//245 591//245 105//245
f 293//246 294//246 592//246
f 593//247 594//247 90//247
f 595//248 596//248 314//248
f 597//249 306//249 313//249
f 91//250 93//250 598//250
f 325//251 599//251 326//251
f 94//252 96//252 600//252
f 601//253 334//253 602//253
f 603//254 332//254 333//254
f 604//255 344//255 345//255
f 97//256 99//256 605//256
f 606//257 607//257 369//257
f 608//258 346//258 609//258
f 610//259 611//259 206//259
f 612//260 613//260 438//260
f 614//261 615//261 616//261
f 617//262 618//262 439//262
f 11//263 414//263 619//263
f 409//264 15//264 620//264
f 621//265 18//265 361//265
f 622//266 6//266 363//266
f 42//267 41//267 623//267
f 385//268 624//268 625//268
f 626//269 24//269 398//269
f 66//270 65//270 627//270
f 445//271 444//271 628//271
f 33//272 629//272 31//272
f 377//273 32//273 630//273
f 118//274 120//274 631//274
f 632//275 113//275 112//275
f 633//276 123//276 122//276
f 111//277 447//277 119//277
f 634//278 128//278 127//278
f 635//279 454//279 453//279
f 142//280 636//280 143//280
f 637//281 140//281 139//281
f 456//282 457//282 638//282
f 150//283 152//283 639//283
f 155//284 460//284 151//284
f 443//285 442//285 640//285
f 641//286 543//286 5//286
f 642//287 157//287 156//287
f 21//288 643//288 19//288
f 154//289 163//289 644//289
f 465//290 53//290 645//290
f 646//291 172//291 171//291
f 174//292 176//292 647//292
f 167//293 463//293 175//293
f 470//294 179//294 471//294
f 186//295 468//295 187//295
f 473//296 474//296 648//296
f 649//297 192//297 191//297
f 362//298 650//298 14//298
f 476//299 198//299 651//299
f 477//300 478//300 652//300
f 653//301 210//301 209//301
f 654//302 223//302 222//302
f 655//303 610//303 208//303
f 483//304 484//304 656//304
f 486//305 237//305 657//305
f 658//306 231//306 230//306
f 659//307 3//307 26//307
f 487//308 488//308 660//308
f 241//309 490//309 251//309
f 661//310 662//310 107//310
f 494//183 493//183 663//183
f 250//311 252//311 664//311
f 496//312 263//312 665//312
f 497//313 498//313 666//313
f 667//314 269//314 268//314
f 668//315 102//315 29//315
f 504//316 505//316 669//316
f 274//317 500//317 275//317
f 506//318 507//318 670//318
f 82//319 287//319 83//319
f 671//35 104//35 103//35
f 303//320 510//320 299//320
f 514//321 89//321 88//321
f 672//322 323//322 322//322
f 673//323 517//323 516//323
f 674//324 340//324 339//324
f 675//325 352//325 351//325
f 676//326 677//326 450//326
f 678//327 679//327 680//327
f 681//328 682//328 683//328
f 357//329 108//329 618//329
f 359//330 360//330 421//330
f 115//331 117//331 684//331
f 38//332 534//332 110//332
f 122//333 39//333 685//333
f 125//334 383//334 686//334
f 124//335 126//335 687//335
f 45//336 44//336 688//336
f 133//337 387//337 388//337
f 149//338 148//338 689//338
f 48//339 47//339 690//339
f 145//340 539//340 691//340
f 389//341 390//341 692//341
f 49//342 51//342 542//342
f 159//343 161//343 693//343
f 4//344 694//344 5//344
f 52//345 546//345 395//345
f 391//346 695//346 400//346
f 170//347 169//347 696//347
f 396//348 397//348 697//348
f 182//349 181//349 698//349
f 183//350 185//350 402//350
f 57//351 56//351 699//351
f 399//352 24//352 530//352
f 364//353 552//353 17//353
f 700//354 555//354 60//354
f 529//355 559//355 371//355
f 194//356 196//356 701//356
f 406//357 214//357 702//357
f 63//358 62//358 703//358
f 213//359 211//359 560//359
f 704//360 201//360 705//360
f 215//361 224//361 216//361
f 410//362 411//362 706//362
f 67//363 481//363 68//363
f 222//364 69//364 707//364
f 234//365 232//365 568//365
f 412//366 413//366 708//366
f 72//367 71//367 709//367
f 247//368 246//368 710//368
f 711//369 491//369 490//369
f 416//370 417//370 712//370
f 75//371 74//371 713//371
f 257//372 574//372 714//372
f 78//373 77//373 715//373
f 418//374 419//374 716//374
f 420//375 106//375 356//375
f 423//376 273//376 717//376
f 7//377 358//377 8//377
f 272//378 270//378 579//378
f 81//379 80//379 718//379
f 279//380 282//380 280//380
f 424//381 425//381 719//381
f 100//382 285//382 101//382
f 720//383 277//383 583//383
f 290//384 295//384 291//384
f 426//385 427//385 721//385
f 585//386 722//386 376//386
f 294//387 87//387 723//387
f 302//388 589//388 724//388
f 307//389 310//389 308//389
f 375//390 725//390 379//390
f 428//391 429//391 726//391
f 727//392 314//392 596//392
f 320//393 598//393 728//393
f 316//394 327//394 329//394
f 430//395 431//395 729//395
f 93//396 92//396 730//396
f 332//397 331//397 731//397
f 432//398 433//398 732//398
f 733//399 600//399 96//399
f 99//400 98//400 734//400
f 368//401 735//401 606//401
f 350//402 349//402 736//402
f 434//403 435//403 737//403
f 738//404 343//404 609//404
f 739//405 740//405 741//405
f 742//406 643//406 441//406
f 743//121 2//121 354//121
f 34//407 36//407 630//407
f 455//408 131//408 130//408
f 744//409 458//409 745//409
f 479//410 204//410 203//410
f 746//411 243//411 242//411
f 747//412 248//412 748//412
f 749//413 85//413 750//413
f 328//414 599//414 515//414
f 35//415 751//415 752//415
f 753//416 520//416 754//416
f 755//417 521//417 756//417
f 757//418 758//418 759//418
f 760//419 761//419 762//419
f 619//420 415//420 526//420
f 763//421 11//421 764//421
f 372//422 65//422 628//422
f 25//423 445//423 765//423
f 532//424 766//424 533//424
f 112//425 114//425 381//425
f 448//426 767//426 768//426
f 449//427 451//427 384//427
f 769//428 447//428 770//428
f 40//429 386//429 41//429
f 771//430 536//430 129//430
f 772//431 454//431 773//431
f 625//432 624//432 365//432
f 774//433 455//433 775//433
f 776//434 137//434 537//434
f 623//435 366//435 636//435
f 461//436 777//436 778//436
f 156//437 158//437 394//437
f 51//438 50//438 779//438
f 780//439 460//439 459//439
f 781//440 466//440 173//440
f 782//441 463//441 462//441
f 464//442 783//442 784//442
f 180//443 182//443 785//443
f 786//444 178//444 550//444
f 787//445 186//445 788//445
f 191//446 193//446 404//446
f 557//447 789//447 790//447
f 60//448 59//448 791//448
f 792//449 189//449 556//449
f 370//450 627//450 374//450
f 405//451 406//451 793//451
f 650//452 407//452 620//452
f 408//70 207//70 206//70
f 794//453 479//453 795//453
f 482//454 565//454 219//454
f 373//455 444//455 27//455
f 796//456 228//456 797//456
f 571//457 798//457 799//457
f 236//458 238//458 71//458
f 800//459 572//459 244//459
f 360//460 527//460 662//460
f 801//461 573//461 248//461
f 802//462 259//462 256//462
f 576//463 803//463 804//463
f 805//464 254//464 575//464
f 806//465 266//465 807//465
f 422//466 423//466 808//466
f 581//467 809//467 810//467
f 289//468 288//468 582//468
f 84//469 508//469 588//469
f 524//470 671//470 525//470
f 811//471 82//471 812//471
f 292//472 291//472 813//472
f 814//473 592//473 297//473
f 298//474 301//474 303//474
f 815//475 510//475 509//475
f 306//476 305//476 595//476
f 88//477 90//477 594//477
f 512//478 597//478 313//478
f 816//479 514//479 817//479
f 818//480 317//480 517//480
f 36//131 378//131 377//131
f 819//481 325//481 820//481
f 336//482 339//482 337//482
f 96//483 95//483 821//483
f 822//484 603//484 518//484
f 823//485 334//485 824//485
f 825//486 605//486 353//486
f 826//487 604//487 522//487
f 827//488 346//488 608//488
f 626//489 20//489 828//489
f 829//490 615//490 735//490
f 830//491 184//491 183//491
f 663//492 493//492 30//492
f 831//493 9//493 591//493
f 832//494 283//494 282//494
f 833//495 311//495 310//495
f 613//496 683//496 436//496
f 438//497 437//497 677//497
f 135//498 134//498 834//498
f 835//499 836//499 741//499
f 225//500 837//500 226//500
f 260//501 838//501 261//501
f 10//502 12//502 359//502
f 361//503 18//503 554//503
f 13//504 621//504 14//504
f 363//505 6//505 545//505
f 622//506 16//506 839//506
f 742//507 840//507 643//507
f 23//508 559//508 528//508
f 66//509 558//509 64//509
f 531//510 532//510 492//510
f 695//511 20//511 398//511
f 28//512 668//512 29//512
f 841//237 101//237 503//237
f 629//513 842//513 31//513
f 33//514 32//514 725//514
f 118//515 109//515 111//515
f 37//516 534//516 38//516
f 843//517 844//517 380//517
f 116//518 381//518 633//518
f 132//519 131//519 452//519
f 845//520 127//520 382//520
f 139//521 141//521 145//521
f 846//522 847//522 144//522
f 848//523 42//523 694//523
f 849//524 458//524 46//524
f 390//525 146//525 691//525
f 456//526 540//526 136//526
f 689//527 148//527 538//527
f 150//528 153//528 155//528
f 161//529 160//529 541//529
f 850//530 851//530 393//530
f 164//531 163//531 154//531
f 640//532 442//532 392//532
f 778//533 162//533 852//533
f 465//534 853//534 397//534
f 854//535 855//535 168//535
f 856//536 165//536 174//536
f 395//537 546//537 166//537
f 177//538 467//538 469//538
f 857//539 548//539 858//539
f 859//540 860//540 401//540
f 861//541 55//541 549//541
f 551//542 862//542 787//542
f 188//543 476//543 651//543
f 863//544 475//544 473//544
f 864//545 865//545 403//545
f 195//546 404//546 700//546
f 197//547 59//547 58//547
f 200//548 205//548 561//548
f 866//549 209//549 212//549
f 204//550 867//550 562//550
f 868//551 563//551 869//551
f 611//552 15//552 409//552
f 217//553 216//553 654//553
f 870//554 566//554 483//554
f 871//555 219//555 564//555
f 872//556 67//556 873//556
f 68//557 481//557 480//557
f 227//558 486//558 657//558
f 413//559 235//559 567//559
f 233//560 230//560 234//560
f 659//561 874//561 3//561
f 569//562 26//562 354//562
f 875//563 485//563 487//563
f 241//564 240//564 711//564
f 876//565 242//565 245//565
f 877//566 239//566 250//566
f 355//567 2//567 494//567
f 878//568 490//568 489//568
f 253//569 496//569 665//569
f 879//570 262//570 76//570
f 258//571 257//571 714//571
f 880//572 495//572 881//572
f 265//573 499//573 501//573
f 882//574 883//574 271//574
f 884//575 274//575 79//575
f 885//576 577//576 886//576
f 506//577 584//577 276//577
f 281//578 280//578 587//578
f 887//579 888//579 719//579
f 889//580 588//580 284//580
f 890//581 277//581 720//581
f 85//582 87//582 293//582
f 589//583 891//583 511//583
f 309//584 308//584 593//584
f 892//585 893//585 90//585
f 894//586 594//586 312//586
f 895//587 314//587 727//587
f 320//588 324//588 598//588
f 896//589 897//589 319//589
f 431//590 321//590 728//590
f 898//591 517//591 673//591
f 326//592 599//592 328//592
f 602//593 899//593 753//593
f 900//594 600//594 341//594
f 433//595 338//595 733//595
f 520//596 331//596 330//596
f 345//597 344//597 738//597
f 348//598 351//598 349//598
f 369//599 752//599 367//599
f 901//600 521//600 97//600
f 676//601 450//601 902//601
f 615//602 903//602 616//602
f 590//603 105//603 904//603
f 760//604 905//604 761//604
f 906//605 907//605 757//605
f 908//606 678//606 680//606
f 296//607 909//607 297//607
f 298//608 300//608 910//608
f 513//609 315//609 911//609
f 316//610 318//610 912//610
f 519//611 335//611 913//611
f 914//612 915//612 916//612
f 523//613 347//613 917//613
f 8//614 358//614 617//614
f 106//329 108//329 357//329
f 763//615 208//615 414//615
f 385//616 918//616 624//616
f 631//617 919//617 920//617
f 685//618 921//618 122//618
f 922//619 37//619 121//619
f 923//620 123//620 114//620
f 768//621 446//621 448//621
f 45//622 924//622 126//622
f 925//623 387//623 926//623
f 927//624 384//624 386//624
f 383//625 536//625 686//625
f 455//626 44//626 43//626
f 773//627 454//627 635//627
f 133//628 388//628 134//628
f 453//629 928//629 774//629
f 929//630 539//630 141//630
f 930//631 690//631 692//631
f 931//632 137//632 776//632
f 932//633 540//633 933//633
f 934//634 542//634 158//634
f 5//635 143//635 641//635
f 935//636 779//636 693//636
f 936//637 460//637 780//637
f 639//638 937//638 938//638
f 162//639 50//639 49//639
f 54//640 53//640 465//640
f 168//641 171//641 169//641
f 939//642 175//642 463//642
f 167//643 166//643 547//643
f 784//644 52//644 940//644
f 699//645 941//645 57//645
f 181//646 402//646 698//646
f 942//647 179//647 178//647
f 187//648 468//648 467//648
f 943//649 555//649 193//649
f 944//650 791//650 701//650
f 945//651 190//651 189//651
f 199//652 198//652 476//652
f 790//653 197//653 946//653
f 947//654 61//654 560//654
f 948//655 201//655 704//655
f 703//656 949//656 63//656
f 214//657 213//657 702//657
f 794//658 705//658 562//658
f 950//659 224//659 215//659
f 707//660 951//660 222//660
f 952//661 223//661 226//661
f 565//662 953//662 872//662
f 954//663 568//663 232//663
f 955//664 658//664 956//664
f 709//665 957//665 72//665
f 958//666 236//666 70//666
f 797//667 228//667 570//667
f 238//668 237//668 486//668
f 246//669 572//669 710//669
f 959//670 713//670 712//670
f 248//671 573//671 249//671
f 960//672 715//672 716//672
f 961//673 574//673 261//673
f 421//674 420//674 962//674
f 963//675 254//675 805//675
f 264//676 263//676 496//676
f 273//677 272//677 717//677
f 964//678 579//678 270//678
f 718//679 965//679 81//679
f 966//680 100//680 102//680
f 810//681 580//681 581//681
f 275//682 500//682 499//682
f 967//683 968//683 279//683
f 670//684 969//684 970//684
f 82//685 288//685 287//685
f 286//686 629//686 722//686
f 508//687 83//687 888//687
f 971//688 972//688 290//688
f 721//689 427//689 973//689
f 813//690 592//690 294//690
f 974//691 299//691 510//691
f 975//692 301//692 976//692
f 977//693 597//693 978//693
f 979//694 980//694 307//694
f 514//695 305//695 304//695
f 596//696 981//696 816//696
f 516//697 982//697 819//697
f 983//698 327//698 984//698
f 730//699 985//699 93//699
f 325//700 92//700 91//700
f 333//701 332//701 731//701
f 986//702 987//702 336//702
f 988//703 821//703 732//703
f 824//704 334//704 601//704
f 520//705 95//705 94//705
f 99//706 989//706 435//706
f 990//707 991//707 348//707
f 992//708 346//708 827//708
f 521//709 343//709 342//709
f 103//710 9//710 525//710
f 22//711 24//711 626//711
f 120//712 119//712 993//712
f 128//713 994//713 129//713
f 995//714 996//714 907//714
f 997//715 998//715 443//715
f 457//716 138//716 999//716
f 543//717 1000//717 544//717
f 152//718 151//718 1001//718
f 172//719 1002//719 173//719
f 184//720 1003//720 185//720
f 552//721 1004//721 553//721
f 611//722 610//722 1005//722
f 210//723 1006//723 211//723
f 478//724 202//724 1007//724
f 484//725 220//725 1008//725
f 488//726 229//726 1009//726
f 243//727 1010//727 244//727
f 252//728 251//728 1011//728
f 1012//729 260//729 259//729
f 498//730 255//730 1013//730
f 30//10 29//10 502//10
f 505//731 267//731 1014//731
f 1015//732 578//732 586//732
f 283//733 1016//733 284//733
f 507//734 278//734 1017//734
f 1018//735 296//735 295//735
f 311//736 1019//736 312//736
f 836//737 1020//737 741//737
f 36//738 35//738 1021//738
f 323//739 1022//739 324//739
f 318//740 317//740 1023//740
f 340//741 1024//741 341//741
f 607//742 606//742 1025//742
f 352//743 1026//743 353//743
f 1027//744 613//744 612//744
f 522//745 523//745 1028//745
f 683//746 682//746 1029//746
f 1030//747 906//747 759//747
f 1031//748 1032//748 1033//748
f 739//749 1034//749 1035//749
f 358//750 7//750 1036//750
f 11//751 10//751 1037//751
f 18//752 17//752 554//752
f 621//753 13//753 1038//753
f 367//754 1039//754 368//754
f 19//755 1040//755 20//755
f 695//137 391//137 21//137
f 23//756 22//756 1041//756
f 444//757 373//757 372//757
f 628//758 65//758 1042//758
f 765//759 445//759 1043//759
f 531//760 1//760 1044//760
f 630//761 32//761 1045//761
f 1046//762 380//762 116//762
f 1047//763 110//763 109//763
f 684//764 1048//764 115//764
f 770//765 447//765 446//765
f 1049//766 382//766 125//766
f 1050//767 634//767 845//767
f 687//768 1051//768 124//768
f 365//769 1052//769 366//769
f 538//770 744//770 745//770
f 1053//771 146//771 389//771
f 1054//772 147//772 149//772
f 142//773 42//773 623//773
f 458//774 47//774 46//774
f 155//775 154//775 644//775
f 1055//776 4//776 6//776
f 1056//777 393//777 160//777
f 1057//778 170//778 396//778
f 696//779 466//779 465//779
f 853//780 645//780 697//780
f 544//125 364//125 363//125
f 647//781 1058//781 856//781
f 470//782 548//782 177//782
f 399//783 1059//783 400//783
f 785//784 1060//784 180//784
f 186//785 56//785 55//785
f 1061//786 195//786 194//786
f 1062//787 1063//787 475//787
f 558//788 1064//788 64//788
f 362//789 1065//789 650//789
f 477//790 563//790 200//790
f 1066//791 866//791 212//791
f 793//792 1067//792 405//792
f 479//793 62//793 61//793
f 408//794 1068//794 207//794
f 218//795 480//795 482//795
f 656//796 1069//796 870//796
f 706//797 411//797 951//797
f 221//798 69//798 222//798
f 1070//799 217//799 410//799
f 1071//800 610//800 655//800
f 1072//801 219//801 871//801
f 1073//802 233//802 235//802
f 708//803 1074//803 412//803
f 799//804 570//804 571//804
f 527//805 1075//805 662//805
f 415//806 1076//806 526//806
f 660//807 1077//807 875//807
f 491//808 801//808 747//808
f 1078//809 245//809 247//809
f 1079//810 239//810 877//810
f 661//36 107//36 106//36
f 710//811 75//811 417//811
f 1080//812 490//812 878//812
f 248//813 74//813 73//813
f 1081//814 802//814 256//814
f 78//815 960//815 419//815
f 533//816 1082//816 668//816
f 1083//817 258//817 418//817
f 262//818 77//818 76//818
f 881//819 495//819 497//819
f 804//820 575//820 576//820
f 440//821 524//821 8//821
f 808//822 1084//822 422//822
f 883//823 667//823 268//823
f 504//824 577//824 265//824
f 274//825 80//825 79//825
f 618//826 1085//826 439//826
f 807//827 266//827 580//827
f 425//828 281//828 587//828
f 583//829 811//829 812//829
f 1086//830 289//830 584//830
f 1087//831 277//831 890//831
f 1088//832 292//832 426//832
f 1089//833 86//833 302//833
f 104//834 1090//834 105//834
f 1091//835 585//835 376//835
f 749//836 509//836 511//836
f 1092//837 309//837 428//837
f 1093//838 375//838 379//838
f 893//839 892//839 726//839
f 1094//840 314//840 895//840
f 978//841 512//841 1095//841
f 729//842 1096//842 430//842
f 319//843 322//843 320//843
f 329//844 328//844 515//844
f 1097//845 338//845 432//845
f 1098//846 1099//846 603//846
f 35//847 34//847 1100//847
f 1101//848 350//848 434//848
f 450//849 449//849 1102//849
f 735//850 615//850 1103//850
f 736//851 605//851 99//851
f 989//852 734//852 737//852
f 756//853 608//853 609//853
f 1104//854 344//854 604//854
f 113//855 1105//855 114//855
f 133//856 135//856 1106//856
f 140//857 1107//857 141//857
f 157//858 1108//858 158//858
f 176//859 175//859 1109//859
f 471//860 179//860 1110//860
f 192//861 1111//861 193//861
f 474//862 190//862 1112//862
f 1113//863 225//863 224//863
f 231//864 1114//864 232//864
f 269//865 1115//865 270//865
f 300//866 299//866 1116//866
f 1117//867 682//867 681//867
f 1031//868 1118//868 1119//868
f 1120//869 437//869 436//869
f 1121//870 914//870 916//870
f 518//871 519//871 1122//871
f 620//452 407//452 409//452
f 16//872 622//872 17//872
f 998//873 742//873 441//873
f 559//201 529//201 528//201
f 3//874 874//874 1123//874
f 844//875 632//875 112//875
f 678//876 1124//876 1125//876
f 121//877 39//877 122//877
f 684//878 117//878 921//878
f 111//879 110//879 535//879
f 616//880 1126//880 614//880
f 386//881 40//881 927//881
f 924//882 688//882 687//882
f 1127//883 132//883 387//883
f 846//884 637//884 847//884
f 907//885 1128//885 995//885
f 636//886 1129//886 143//886
f 48//887 930//887 390//887
f 144//888 139//888 145//888
f 933//889 456//889 638//889
f 851//890 642//890 156//890
f 163//891 777//891 461//891
f 938//892 153//892 150//892
f 443//893 1130//893 1131//893
f 1132//894 159//894 1133//894
f 160//895 394//895 541//895
f 854//896 646//896 855//896
f 1134//897 640//897 392//897
f 174//898 165//898 167//898
f 939//899 463//899 782//899
f 546//900 783//900 464//900
f 1135//901 401//901 181//901
f 861//902 549//902 185//902
f 472//903 857//903 858//903
f 787//904 550//904 551//904
f 942//905 178//905 786//905
f 700//906 60//906 196//906
f 863//907 473//907 648//907
f 1136//908 15//908 1005//908
f 864//909 649//909 865//909
f 1137//910 403//910 195//910
f 553//911 362//911 361//911
f 945//912 189//912 792//912
f 651//913 198//913 557//913
f 1138//914 1139//914 205//914
f 652//915 868//915 869//915
f 374//450 627//450 372//450
f 1140//916 215//916 1141//916
f 1142//917 373//917 27//917
f 1069//918 1143//918 566//918
f 1144//919 486//919 485//919
f 1145//920 569//920 354//920
f 1146//921 247//921 416//921
f 494//922 2//922 492//922
f 1147//923 876//923 245//923
f 1148//924 1149//924 240//924
f 1150//925 356//925 1036//925
f 1151//926 271//926 273//926
f 30//927 493//927 28//927
f 669//928 885//928 886//928
f 578//929 1152//929 503//929
f 84//930 889//930 1153//930
f 1154//931 842//931 285//931
f 586//932 101//932 286//932
f 1155//933 281//933 424//933
f 524//934 1156//934 671//934
f 1157//935 9//935 831//935
f 85//936 589//936 86//936
f 723//937 973//937 294//937
f 974//938 510//938 815//938
f 303//939 302//939 724//939
f 593//940 90//940 429//940
f 313//941 306//941 595//941
f 89//942 304//942 1158//942
f 91//943 1159//943 820//943
f 818//944 517//944 898//944
f 896//945 672//945 897//945
f 378//946 1160//946 379//946
f 761//947 1161//947 1162//947
f 1163//948 319//948 321//948
f 1164//949 1165//949 760//949
f 331//950 899//950 602//950
f 986//951 674//951 987//951
f 339//952 341//952 337//952
f 607//953 1166//953 1167//953
f 98//954 342//954 1168//954
f 990//955 675//955 991//955
f 1169//956 604//956 826//956
f 370//957 1170//957 371//957
f 664//958 252//958 1171//958
f 680//959 679//959 1172//959
f 1173//960 1030//960 759//960
f 1095//961 513//961 1174//961
f 1175//962 739//962 741//962
f 357//963 618//963 617//963
f 12//964 11//964 619//964
f 451//965 918//965 385//965
f 742//966 1176//966 1177//966
f 643//967 840//967 19//967
f 25//968 659//968 26//968
f 531//969 766//969 532//969
f 31//970 1178//970 32//970
f 725//971 375//971 33//971
f 1179//972 752//972 369//972
f 381//973 123//973 633//973
f 1180//974 115//974 1181//974
f 920//975 109//975 118//975
f 1182//976 1183//976 38//976
f 767//977 37//977 768//977
f 769//978 119//978 447//978
f 535//979 534//979 448//979
f 127//980 129//980 383//980
f 452//981 131//981 453//981
f 43//982 771//982 775//982
f 1184//983 125//983 124//983
f 686//984 536//984 45//984
f 44//985 130//985 1185//985
f 772//986 134//986 454//986
f 1186//987 449//987 384//987
f 625//126 365//126 41//126
f 928//988 455//988 774//988
f 136//989 149//989 689//989
f 849//990 537//990 745//990
f 692//991 1187//991 389//991
f 1188//992 144//992 146//992
f 691//993 539//993 48//993
f 1189//994 42//994 848//994
f 366//995 1190//995 636//995
f 931//996 138//996 137//996
f 932//997 1191//997 540//997
f 458//998 148//998 147//998
f 934//999 49//999 542//999
f 5//1000 543//1000 545//1000
f 779//1001 935//1001 51//1001
f 50//1002 164//1002 1192//1002
f 693//1003 1193//1003 159//1003
f 778//1004 459//1004 461//1004
f 936//1005 151//1005 460//1005
f 937//1006 1194//1006 153//1006
f 781//1007 54//1007 466//1007
f 1195//1008 168//1008 170//1008
f 392//1009 442//1009 21//1009
f 53//1010 395//1010 1196//1010
f 697//1011 1197//1011 396//1011
f 171//1012 173//1012 169//1012
f 940//1013 462//1013 784//1013
f 544//1014 1198//1014 364//1014
f 1058//1015 1199//1015 165//1015
f 859//1016 830//1016 860//1016
f 24//1017 399//1017 398//1017
f 56//1018 187//1018 1200//1018
f 57//1019 941//1019 182//1019
f 401//1020 183//1020 402//1020
f 1201//1021 180//1021 1202//1021
f 1203//1022 18//1022 1038//1022
f 1204//1023 467//1023 548//1023
f 469//1024 468//1024 551//1024
f 58//1025 943//1025 946//1025
f 1205//1026 1206//1026 194//1026
f 59//1027 199//1027 1207//1027
f 403//1028 191//1028 404//1028
f 701//1029 196//1029 944//1029
f 789//1030 197//1030 790//1030
f 63//1031 949//1031 406//1031
f 947//1032 560//1032 211//1032
f 948//1033 202//1033 201//1033
f 561//1034 204//1034 562//1034
f 1208//1035 212//1035 214//1035
f 64//1036 1209//1036 65//1036
f 62//1037 203//1037 1210//1037
f 1211//1038 405//1038 1212//1038
f 1213//1039 1214//1039 407//1039
f 795//1040 705//1040 794//1040
f 216//1041 223//1041 654//1041
f 207//1042 1215//1042 415//1042
f 208//1043 610//1043 206//1043
f 706//1044 1216//1044 410//1044
f 221//1045 952//1045 873//1045
f 872//1046 564//1046 565//1046
f 1217//1047 68//1047 480//1047
f 953//1048 481//1048 67//1048
f 483//1049 218//1049 220//1049
f 227//1050 657//1050 228//1050
f 954//1051 70//1051 568//1051
f 567//1052 72//1052 413//1052
f 955//1053 956//1053 233//1053
f 1218//1054 235//1054 412//1054
f 1219//1055 1220//1055 238//1055
f 957//1056 709//1056 708//1056
f 799//1057 236//1057 958//1057
f 526//1058 1221//1058 527//1058
f 764//1059 655//1059 763//1059
f 237//1060 798//1060 571//1060
f 73//1061 800//1061 748//1061
f 242//1062 244//1062 246//1062
f 711//1063 573//1063 491//1063
f 355//1064 1222//1064 354//1064
f 662//1065 1223//1065 107//1065
f 713//1066 959//1066 75//1066
f 1224//1067 1225//1067 416//1067
f 1226//1068 359//1068 962//1068
f 74//1069 249//1069 1227//1069
f 250//1070 239//1070 241//1070
f 263//1071 803//1071 576//1071
f 257//1072 261//1072 574//1072
f 253//1073 665//1073 254//1073
f 1081//1074 256//1074 1228//1074
f 1229//1075 1230//1075 264//1075
f 1231//1076 1232//1076 418//1076
f 714//1077 78//1077 419//1077
f 1233//1078 1234//1078 108//1078
f 421//1079 360//1079 661//1079
f 1235//1080 496//1080 495//1080
f 804//1081 262//1081 879//1081
f 806//1082 267//1082 266//1082
f 501//1083 500//1083 581//1083
f 1236//1084 422//1084 1237//1084
f 439//1085 1238//1085 440//1085
f 502//1086 1239//1086 30//1086
f 808//1087 423//1087 965//1087
f 271//1088 268//1088 272//1088
f 717//1089 579//1089 81//1089
f 80//1090 275//1090 1240//1090
f 810//1091 274//1091 884//1091
f 1241//1092 499//1092 577//1092
f 276//1093 289//1093 582//1093
f 282//1094 284//1094 280//1094
f 967//1095 279//1095 1242//1095
f 102//1096 668//1096 966//1096
f 888//1097 887//1097 508//1097
f 83//1098 287//1098 1243//1098
f 719//1099 1244//1099 424//1099
f 970//1100 506//1100 670//1100
f 1153//1101 720//1101 812//1101
f 291//1102 592//1102 813//1102
f 1245//1103 290//1103 292//1103
f 1246//1104 1247//1104 426//1104
f 293//1105 814//1105 750//1105
f 591//1106 9//1106 103//1106
f 975//1107 1248//1107 301//1107
f 891//1108 85//1108 749//1108
f 310//1109 312//1109 308//1109
f 1249//1110 307//1110 309//1110
f 977//1111 1250//1111 597//1111
f 88//1112 894//1112 817//1112
f 979//1113 833//1113 980//1113
f 1251//1114 1252//1114 428//1114
f 305//1115 981//1115 596//1115
f 316//1116 329//1116 317//1116
f 983//1117 1253//1117 327//1117
f 1254//1118 326//1118 328//1118
f 378//1119 36//1119 1255//1119
f 1159//1120 598//1120 324//1120
f 729//1121 431//1121 985//1121
f 1256//1122 321//1122 430//1122
f 819//1123 673//1123 516//1123
f 982//1124 599//1124 325//1124
f 333//1125 731//1125 334//1125
f 1257//1126 336//1126 338//1126
f 1258//1127 330//1127 332//1127
f 1098//1128 603//1128 822//1128
f 612//1129 438//1129 676//1129
f 900//1130 94//1130 600//1130
f 754//1131 601//1131 753//1131
f 821//1132 988//1132 96//1132
f 732//1133 1259//1133 432//1133
f 345//1134 738//1134 346//1134
f 97//1135 825//1135 901//1135
f 1260//1136 348//1136 350//1136
f 1261//1137 1262//1137 434//1137
f 351//1138 353//1138 349//1138
f 755//1139 343//1139 521//1139
f 677//497 437//497 1263//497
f 631//1140 120//1140 1264//1140
f 759//418 758//418 1265//418
f 638//1141 457//1141 1266//1141
f 639//1142 152//1142 1267//1142
f 647//1143 176//1143 1268//1143
f 472//1144 471//1144 1269//1144
f 529//1145 1270//1145 530//1145
f 648//1146 474//1146 1271//1146
f 652//1147 478//1147 1272//1147
f 1066//1148 653//1148 866//1148
f 656//1149 484//1149 1273//1149
f 660//1150 488//1150 1274//1150
f 666//1151 880//1151 881//1151
f 669//1152 505//1152 1275//1152
f 1276//1153 836//1153 835//1153
f 1117//1154 1277//1154 682//1154
f 1278//1155 113//1155 632//1155
f 1279//1156 128//1156 634//1156
f 1280//1157 157//1157 642//1157
f 1281//1158 172//1158 646//1158
f 1282//1159 192//1159 649//1159
f 1283//1160 231//1160 658//1160
f 1284//1161 243//1161 746//1161
f 1285//1162 269//1162 667//1162
f 1286//1163 283//1163 832//1163
f 1287//1164 323//1164 672//1164
f 1288//1165 340//1165 674//1165
f 1289//1166 352//1166 675//1166
f 3//1167 2//1167 743//1167
f 903//1168 615//1168 829//1168
f 121//1169 923//1169 922//1169
f 1106//1170 925//1170 926//1170
f 1050//1171 845//1171 382//1171
f 1290//1172 773//1172 635//1172
f 1127//1173 1291//1173 132//1173
f 47//1174 147//1174 1292//1174
f 1055//1175 6//1175 839//1175
f 5//1176 694//1176 142//1176
f 393//1177 156//1177 394//1177
f 1194//1178 1293//1178 154//1178
f 696//1179 465//1179 397//1179
f 1199//1180 1294//1180 166//1180
f 547//1181 546//1181 464//1181
f 1295//1182 22//1182 828//1182
f 1041//1183 1064//1183 23//1183
f 941//1184 699//1184 785//1184
f 402//1185 549//1185 698//1185
f 1296//1186 1004//1186 552//1186
f 862//1187 468//1187 186//1187
f 473//1188 475//1188 188//1188
f 1063//1189 1297//1189 476//1189
f 1136//1190 13//1190 15//1190
f 371//355 559//355 66//355
f 1298//1191 792//1191 556//1191
f 1138//1192 205//1192 563//1192
f 209//1193 211//1193 213//1193
f 1299//1194 370//1194 374//1194
f 949//1195 703//1195 793//1195
f 867//1196 204//1196 479//1196
f 1140//1197 1300//1197 950//1197
f 1301//1198 445//1198 1042//1198
f 871//1199 1302//1199 1072//1199
f 69//1200 68//1200 1303//1200
f 230//1201 232//1201 234//1201
f 569//1202 1304//1202 27//1202
f 1009//1203 229//1203 796//1203
f 1077//1204 1144//1204 485//1204
f 748//1205 489//1205 747//1205
f 878//1206 1305//1206 1080//1206
f 1150//1207 420//1207 356//1207
f 1013//1208 255//1208 963//1208
f 503//1209 29//1209 841//1209
f 1017//1210 278//1210 1087//1210
f 582//1211 288//1211 583//1211
f 671//1212 1306//1212 104//1212
f 969//1213 1086//1213 584//1213
f 971//1214 1018//1214 972//1214
f 285//1215 842//1215 629//1215
f 585//1216 1307//1216 586//1216
f 87//1217 86//1217 1308//1217
f 973//1218 723//1218 721//1218
f 976//1219 301//1219 298//1219
f 724//1220 589//1220 511//1220
f 911//1221 315//1221 1094//1221
f 1309//1222 304//1222 306//1222
f 375//1223 1310//1223 376//1223
f 817//1224 727//1224 816//1224
f 90//1225 89//1225 892//1225
f 1311//1226 34//1226 1045//1226
f 1100//1227 751//1227 35//1227
f 728//1228 598//1228 93//1228
f 92//1229 326//1229 1312//1229
f 95//1230 330//1230 1313//1230
f 733//1231 96//1231 433//1231
f 822//1232 518//1232 1314//1232
f 913//1233 335//1233 823//1233
f 1120//1234 1315//1234 437//1234
f 369//1235 368//1235 606//1235
f 736//1236 99//1236 435//1236
f 827//1237 1316//1237 992//1237
f 1104//1238 1317//1238 344//1238
f 609//1239 755//1239 756//1239
f 522//1240 345//1240 347//1240
f 14//298 650//298 620//298
f 685//1241 39//1241 1318//1241
f 843//1242 380//1242 1046//1242
f 117//1243 116//1243 633//1243
f 852//1244 162//1244 49//1244
f 391//1245 1319//1245 392//1245
f 553//1246 1320//1246 362//1246
f 411//1247 217//1247 654//1247
f 712//1248 417//1248 959//1248
f 664//1249 1079//1249 877//1249
f 715//1250 77//1250 1321//1250
f 295//1251 297//1251 291//1251
f 726//1252 429//1252 893//1252
f 1035//1253 740//1253 739//1253
f 902//1254 450//1254 1102//1254
f 734//1255 98//1255 1322//1255
f 915//1256 1323//1256 916//1256
f 1324//1257 1325//1257 680//1257
f 1326//1258 1327//1258 140//1258
f 1328//1259 1329//1259 184//1259
f 1330//1260 1331//1260 210//1260
f 1332//1261 1333//1261 225//1261
f 1334//1262 1335//1262 260//1262
f 1336//1263 1337//1263 296//1263
f 1338//1264 1339//1264 311//1264
f 683//1265 613//1265 681//1265
f 135//1266 834//1266 1340//1266
f 1341//1267 498//1267 1342//1267
f 670//1268 507//1268 1343//1268
f 831//1269 590//1269 1344//1269
f 910//1270 300//1270 1345//1270
f 1346//1271 513//1271 1347//1271
f 1348//1272 318//1272 1349//1272
f 1350//1273 1031//1273 1119//1273
f 1351//1274 519//1274 1352//1274
f 1353//1275 523//1275 1354//1275
f 1029//1276 682//1276 1355//1276
f 904//1277 105//1277 1356//1277
f 763//1278 414//1278 11//1278
f 409//145 408//145 206//145
f 367//1279 751//1279 1357//1279
f 1103//1280 615//1280 1358//1280
f 765//1281 874//1281 659//1281
f 725//1282 32//1282 377//1282
f 113//1283 1359//1283 1105//1283
f 1125//1284 679//1284 678//1284
f 918//1285 1360//1285 624//1285
f 1361//1286 770//1286 446//1286
f 1362//1287 916//1287 1363//1287
f 1364//1288 120//1288 1365//1288
f 919//1289 109//1289 920//1289
f 616//1290 1366//1290 1126//1290
f 927//1291 40//1291 1367//1291
f 128//1292 1368//1292 994//1292
f 1051//1293 1369//1293 124//1293
f 1128//1294 907//1294 906//1294
f 686//1295 45//1295 126//1295
f 687//1296 688//1296 1370//1296
f 1371//1297 135//1297 1372//1297
f 388//1298 132//1298 452//1298
f 148//1299 744//1299 538//1299
f 1107//1300 929//1300 141//1300
f 1053//1301 389//1301 1373//1301
f 759//1302 1374//1302 1173//1302
f 848//1303 4//1303 1375//1303
f 847//1304 637//1304 139//1304
f 1131//1305 997//1305 443//1305
f 692//1306 690//1306 1376//1306
f 1377//1307 776//1307 537//1307
f 1378//1308 457//1308 1379//1308
f 541//1309 51//1309 161//1309
f 155//1310 644//1310 460//1310
f 850//1311 642//1311 851//1311
f 641//1312 1380//1312 543//1312
f 1381//1313 1382//1313 157//1313
f 21//1314 20//1314 695//1314
f 780//1315 1383//1315 936//1315
f 1384//1316 152//1316 1385//1316
f 1057//1317 396//1317 1386//1317
f 172//1318 1387//1318 1002//1318
f 645//1319 53//1319 1388//1319
f 1389//1320 782//1320 462//1320
f 783//1321 52//1321 784//1321
f 839//1322 16//1322 1390//1322
f 1391//1323 176//1323 1392//1323
f 55//1324 861//1324 788//1324
f 471//1325 1110//1325 1393//1325
f 470//1326 177//1326 179//1326
f 530//1327 24//1327 528//1327
f 786//1328 1394//1328 942//1328
f 1204//1329 1395//1329 467//1329
f 1062//1330 475//1330 863//1330
f 943//1331 58//1331 555//1331
f 192//1332 1396//1332 1111//1332
f 701//1333 791//1333 1397//1333
f 1398//1334 474//1334 1399//1334
f 651//1335 557//1335 189//1335
f 702//1336 63//1336 406//1336
f 477//1337 200//1337 202//1337
f 1400//1338 478//1338 1401//1338
f 704//1339 1402//1339 948//1339
f 216//1340 226//1340 223//1340
f 707//1341 69//1341 1403//1341
f 1070//1342 410//1342 1404//1342
f 1405//1343 484//1343 1406//1343
f 1069//1344 566//1344 870//1344
f 1218//1345 412//1345 1407//1345
f 1408//1346 1409//1346 231//1346
f 71//1347 238//1347 1220//1347
f 875//1348 487//1348 660//1348
f 1410//1349 488//1349 1411//1349
f 1412//1350 797//1350 570//1350
f 1037//1351 10//1351 1413//1351
f 800//1352 73//1352 572//1352
f 243//1353 1414//1353 1010//1353
f 252//1354 1011//1354 1415//1354
f 1123//1355 1//1355 3//1355
f 1416//1356 355//1356 494//1356
f 1147//1357 245//1357 1078//1357
f 1080//1358 251//1358 490//1358
f 1148//1359 240//1359 239//1359
f 802//1360 1012//1360 259//1360
f 76//1361 961//1361 879//1361
f 1228//1362 256//1362 258//1362
f 1417//1363 663//1363 30//1363
f 1418//1364 1082//1364 533//1364
f 260//1365 1419//1365 838//1365
f 716//1366 1231//1366 418//1366
f 1420//1367 805//1367 575//1367
f 497//1368 253//1368 255//1368
f 269//1369 1421//1369 1115//1369
f 1422//1370 7//1370 1157//1370
f 440//1371 1423//1371 524//1371
f 964//1372 79//1372 579//1372
f 808//1373 718//1373 1424//1373
f 882//1374 667//1374 883//1374
f 504//1375 265//1375 267//1375
f 1425//1376 505//1376 1426//1376
f 1427//1377 807//1377 580//1377
f 1241//1378 1428//1378 499//1378
f 809//1379 274//1379 810//1379
f 968//1380 282//1380 279//1380
f 1429//1381 100//1381 966//1381
f 889//1382 84//1382 588//1382
f 1430//1383 1431//1383 283//1383
f 1155//1384 424//1384 1432//1384
f 719//1385 425//1385 887//1385
f 1433//1386 890//1386 720//1386
f 1434//1387 507//1387 1435//1387
f 1436//1388 1243//1388 287//1388
f 811//1389 288//1389 82//1389
f 296//1390 1437//1390 909//1390
f 722//1391 629//1391 33//1391
f 427//1392 292//1392 813//1392
f 1438//1393 815//1393 509//1393
f 1439//1394 300//1394 1440//1394
f 894//1395 88//1395 594//1395
f 1441//1396 311//1396 833//1396
f 512//1397 313//1397 315//1397
f 1442//1398 1443//1398 836//1398
f 1444//1399 895//1399 727//1399
f 981//1400 514//1400 816//1400
f 1445//1401 983//1401 984//1401
f 761//1402 1446//1402 1161//1402
f 1447//1403 1448//1403 323//1403
f 729//1404 730//1404 1449//1404
f 897//1405 672//1405 322//1405
f 1256//1406 430//1406 1450//1406
f 1164//1407 760//1407 1451//1407
f 1452//1408 898//1408 673//1408
f 1097//1409 432//1409 1453//1409
f 438//1410 613//1410 436//1410
f 340//1411 1454//1411 1024//1411
f 1455//1412 1031//1412 1033//1412
f 754//1413 520//1413 94//1413
f 338//1414 337//1414 733//1414
f 1456//1415 824//1415 601//1415
f 731//1416 602//1416 334//1416
f 825//1417 97//1417 605//1417
f 1028//1418 1169//1418 826//1418
f 1166//1419 607//1419 1457//1419
f 1458//1420 1459//1420 352//1420
f 737//1421 1261//1421 434//1421
f 1460//1422 523//1422 1461//1422
f 741//1423 1020//1423 1175//1423
f 525//1424 671//1424 103//1424
f 617//160 439//160 8//160
f 106//1425 421//1425 661//1425
f 12//460 527//460 360//460
f 14//1426 621//1426 361//1426
f 17//1427 622//1427 363//1427
f 41//1428 386//1428 625//1428
f 451//1429 450//1429 1462//1429
f 441//1430 643//1430 442//1430
f 19//1431 840//1431 1463//1431
f 23//1432 1064//1432 558//1432
f 628//1433 444//1433 372//1433
f 630//1434 36//1434 377//1434
f 844//1435 112//1435 380//1435
f 381//1436 114//1436 123//1436
f 118//1437 111//1437 119//1437
f 1180//1438 116//1438 115//1438
f 1047//1439 1182//1439 110//1439
f 829//1440 368//1440 1039//1440
f 1464//1441 449//1441 1186//1441
f 921//1442 685//1442 684//1442
f 39//1443 38//1443 1183//1443
f 767//1444 534//1444 37//1444
f 770//1445 1465//1445 769//1445
f 535//1446 448//1446 447//1446
f 1049//1447 125//1447 1184//1447
f 771//1448 43//1448 536//1448
f 775//1449 635//1449 774//1449
f 382//1450 127//1450 383//1450
f 773//1451 1466//1451 772//1451
f 1291//1452 1185//1452 130//1452
f 926//1453 387//1453 133//1453
f 388//1454 454//1454 134//1454
f 928//1455 131//1455 455//1455
f 136//1456 689//1456 137//1456
f 846//1457 144//1457 1188//1457
f 907//1458 758//1458 757//1458
f 46//1459 929//1459 849//1459
f 1176//1460 742//1460 998//1460
f 146//1461 145//1461 691//1461
f 690//1462 930//1462 48//1462
f 1190//1463 1129//1463 636//1463
f 999//1464 138//1464 931//1464
f 1189//1465 40//1465 42//1465
f 1191//1466 149//1466 540//1466
f 638//1467 932//1467 933//1467
f 850//1468 393//1468 1056//1468
f 938//1469 150//1469 639//1469
f 640//1470 1130//1470 443//1470
f 779//1471 50//1471 1467//1471
f 1108//1472 934//1472 158//1472
f 1132//1473 160//1473 159//1473
f 693//1474 161//1474 935//1474
f 1468//1475 780//1475 459//1475
f 777//1476 163//1476 162//1476
f 1293//1477 164//1477 154//1477
f 854//1478 168//1478 1195//1478
f 856//1479 174//1479 647//1479
f 855//1480 646//1480 171//1480
f 54//1481 781//1481 940//1481
f 697//1482 397//1482 853//1482
f 169//1483 173//1483 466//1483
f 1000//1484 1198//1484 544//1484
f 1109//1485 175//1485 939//1485
f 1294//1486 1196//1486 395//1486
f 167//1487 547//1487 463//1487
f 1135//1488 181//1488 1201//1488
f 1059//1489 399//1489 1469//1489
f 828//1490 22//1490 626//1490
f 860//1491 183//1491 401//1491
f 699//1492 56//1492 1470//1492
f 788//1493 550//1493 787//1493
f 698//1494 549//1494 57//1494
f 1060//1495 1202//1495 180//1495
f 364//1496 1296//1496 552//1496
f 1203//1497 16//1497 18//1497
f 1395//1498 1200//1498 187//1498
f 858//1499 548//1499 470//1499
f 469//1500 551//1500 178//1500
f 1061//1501 194//1501 1206//1501
f 1471//1502 529//1502 371//1502
f 60//1503 944//1503 196//1503
f 864//1504 403//1504 1137//1504
f 865//1505 649//1505 191//1505
f 404//1506 555//1506 700//1506
f 792//1507 1472//1507 945//1507
f 946//1508 556//1508 790//1508
f 1065//1509 1213//1509 650//1509
f 1038//1510 13//1510 1473//1510
f 1297//1511 1207//1511 199//1511
f 198//1512 789//1512 557//1512
f 61//1513 947//1513 795//1513
f 1208//1514 214//1514 1211//1514
f 1474//1515 1209//1515 64//1515
f 1067//1516 1212//1516 405//1516
f 793//1517 703//1517 1475//1517
f 627//128 370//128 66//128
f 213//1518 560//1518 702//1518
f 1476//1519 704//1519 705//1519
f 1214//1520 1068//1520 408//1520
f 1005//1521 15//1521 611//1521
f 1139//1522 203//1522 205//1522
f 869//1523 477//1523 652//1523
f 867//1524 479//1524 794//1524
f 950//1525 1113//1525 224//1525
f 482//1526 481//1526 565//1526
f 1141//1527 215//1527 217//1527
f 373//1528 1477//1528 374//1528
f 208//148 207//148 414//148
f 837//1529 952//1529 226//1529
f 951//1530 707//1530 706//1530
f 1008//1531 220//1531 1072//1531
f 1478//1532 871//1532 564//1532
f 873//1533 67//1533 221//1533
f 1071//1534 655//1534 764//1534
f 1143//1535 480//1535 566//1535
f 796//1536 229//1536 228//1536
f 955//1537 233//1537 1073//1537
f 27//1538 1304//1538 1142//1538
f 70//1539 954//1539 958//1539
f 709//1540 71//1540 1479//1540
f 956//1541 658//1541 230//1541
f 235//1542 234//1542 567//1542
f 708//1543 413//1543 957//1543
f 1076//1544 1221//1544 526//1544
f 798//1545 236//1545 799//1545
f 657//1546 237//1546 571//1546
f 487//1547 485//1547 227//1547
f 876//1548 746//1548 242//1548
f 246//1549 244//1549 572//1549
f 1146//1550 416//1550 1225//1550
f 354//1551 26//1551 743//1551
f 713//1552 74//1552 1480//1552
f 1044//1553 1//1553 1481//1553
f 492//1554 532//1554 493//1554
f 417//1555 247//1555 710//1555
f 1482//1556 878//1556 489//1556
f 801//1557 248//1557 747//1557
f 1223//1558 1233//1558 107//1558
f 1226//1559 10//1559 359//1559
f 1149//1560 249//1560 240//1560
f 250//1561 241//1561 251//1561
f 1229//1562 264//1562 496//1562
f 715//1563 960//1563 78//1563
f 533//1564 668//1564 28//1564
f 419//1565 258//1565 714//1565
f 259//1566 261//1566 257//1566
f 805//1567 1483//1567 963//1567
f 1234//1568 1085//1568 618//1568
f 962//1569 420//1569 1484//1569
f 880//1570 1235//1570 495//1570
f 665//1571 263//1571 576//1571
f 803//1572 262//1572 804//1572
f 501//1573 581//1573 266//1573
f 1151//1574 273//1574 1236//1574
f 1036//1575 356//1575 358//1575
f 268//1576 270//1576 272//1576
f 1485//1577 502//1577 503//1577
f 1084//1578 1237//1578 422//1578
f 81//1579 965//1579 423//1579
f 807//1580 1486//1580 806//1580
f 1428//1581 1240//1581 275//1581
f 886//1582 577//1582 504//1582
f 506//1583 276//1583 278//1583
f 1152//1584 578//1584 1015//1584
f 102//1585 101//1585 841//1585
f 888//1586 83//1586 1487//1586
f 587//1587 508//1587 425//1587
f 280//1588 284//1588 588//1588
f 890//1589 1488//1589 1087//1589
f 969//1590 584//1590 970//1590
f 812//1591 82//1591 1153//1591
f 1116//1592 299//1592 974//1592
f 1088//1593 426//1593 1247//1593
f 971//1594 290//1594 1245//1594
f 285//1595 100//1595 1154//1595
f 104//1596 1489//1596 1090//1596
f 972//1597 1490//1597 295//1597
f 814//1598 293//1598 592//1598
f 721//1599 723//1599 1491//1599
f 1492//1600 1178//1600 31//1600
f 722//242 585//242 286//242
f 1248//1601 1089//1601 302//1601
f 976//1602 298//1602 1493//1602
f 303//1603 724//1603 510//1603
f 511//1604 891//1604 749//1604
f 595//1605 305//1605 596//1605
f 1249//1606 309//1606 1092//1606
f 1095//1607 977//1607 978//1607
f 376//1608 1310//1608 1091//1608
f 892//1609 89//1609 1494//1609
f 379//1610 1160//1610 1093//1610
f 980//1611 310//1611 307//1611
f 308//1612 594//1612 593//1612
f 726//1613 1251//1613 428//1613
f 895//1614 1495//1614 1094//1614
f 1250//1615 306//1615 597//1615
f 1022//1616 1159//1616 324//1616
f 515//1617 599//1617 516//1617
f 896//1618 319//1618 1163//1618
f 1253//1619 328//1619 327//1619
f 1496//1620 378//1620 1255//1620
f 321//1621 320//1621 728//1621
f 93//1622 985//1622 431//1622
f 1165//1623 905//1623 760//1623
f 820//1624 325//1624 91//1624
f 898//1625 1497//1625 818//1625
f 1277//1626 1498//1626 682//1626
f 762//419 761//419 1162//419
f 329//1627 517//1627 317//1627
f 1099//1628 332//1628 603//1628
f 986//1629 336//1629 1257//1629
f 35//1630 1179//1630 1021//1630
f 987//1631 674//1631 339//1631
f 821//1632 95//1632 1499//1632
f 732//1633 433//1633 988//1633
f 337//1634 341//1634 600//1634
f 824//1635 1500//1635 823//1635
f 1315//1636 1501//1636 437//1636
f 1502//1637 613//1637 1027//1637
f 518//1638 333//1638 335//1638
f 899//1639 331//1639 520//1639
f 1260//1640 350//1640 1101//1640
f 606//1641 735//1641 1103//1641
f 902//1642 612//1642 676//1642
f 991//1643 675//1643 351//1643
f 349//1644 605//1644 736//1644
f 737//1645 435//1645 989//1645
f 1503//1646 827//1646 608//1646
f 756//1647 521//1647 901//1647
f 992//1648 347//1648 346//1648
f 1317//1649 342//1649 344//1649
f 1504//1650 210//1650 653//1650
f 666//1651 498//1651 1505//1651
f 680//1652 1325//1652 908//1652
f 1506//1653 140//1653 637//1653
f 400//1654 695//1654 398//1654
f 1507//1655 184//1655 830//1655
f 1508//1656 590//1656 904//1656
f 512//1657 513//1657 1509//1657
f 912//1658 318//1658 1510//1658
f 41//435 366//435 623//435
f 765//1659 659//1659 25//1659
f 1511//1660 632//1660 843//1660
f 1125//1661 1124//1661 1512//1661
f 1278//1662 1513//1662 113//1662
f 1048//1663 1514//1663 1181//1663
f 922//1664 446//1664 768//1664
f 633//1665 122//1665 117//1665
f 1515//1666 919//1666 631//1666
f 120//1667 993//1667 1365//1667
f 1516//1668 634//1668 1050//1668
f 616//1669 903//1669 1517//1669
f 1518//1670 1368//1670 128//1670
f 687//1671 126//1671 924//1671
f 688//1672 44//1672 1370//1672
f 624//1673 1519//1673 365//1673
f 1172//1674 1520//1674 680//1674
f 384//1675 451//1675 385//1675
f 1521//1676 135//1676 1340//1676
f 1054//1677 1292//1677 147//1677
f 1522//1678 996//1678 995//1678
f 1187//1679 1373//1679 389//1679
f 776//1680 1523//1680 931//1680
f 1129//1681 1524//1681 143//1681
f 745//1682 537//1682 538//1682
f 1001//1683 151//1683 936//1683
f 1193//1684 1133//1684 159//1684
f 394//1685 542//1685 541//1685
f 852//1686 459//1686 778//1686
f 694//1687 42//1687 142//1687
f 937//1688 153//1688 938//1688
f 644//1689 461//1689 460//1689
f 1319//1690 391//1690 1525//1690
f 1281//1691 1526//1691 172//1691
f 397//1692 170//1692 696//1692
f 1197//1693 1386//1693 396//1693
f 782//1694 1527//1694 939//1694
f 6//1695 5//1695 545//1695
f 1058//1696 165//1696 856//1696
f 828//1697 20//1697 1040//1697
f 554//217 553//217 361//217
f 1003//1698 861//1698 185//1698
f 785//1699 182//1699 941//1699
f 1528//1700 786//1700 550//1700
f 1529//1701 471//1701 1393//1701
f 1530//1702 857//1702 472//1702
f 862//1703 186//1703 787//1703
f 473//1704 188//1704 190//1704
f 1282//1705 1531//1705 192//1705
f 791//1706 59//1706 1397//1706
f 474//1707 1112//1707 1399//1707
f 648//1708 1062//1708 863//1708
f 200//1709 561//1709 201//1709
f 866//1710 653//1710 209//1710
f 868//1711 1138//1711 563//1711
f 1066//1712 212//1712 1208//1712
f 210//1713 1331//1713 1006//1713
f 62//1714 1210//1714 1532//1714
f 1042//1715 65//1715 1209//1715
f 1005//1716 610//1716 1533//1716
f 478//1717 1007//1717 1401//1717
f 218//1718 482//1718 219//1718
f 870//1719 483//1719 656//1719
f 1216//1720 1534//1720 1404//1720
f 654//1721 222//1721 411//1721
f 1217//1722 1303//1722 68//1722
f 953//1723 67//1723 872//1723
f 1144//1724 1219//1724 486//1724
f 1043//1725 445//1725 1301//1725
f 70//1726 72//1726 568//1726
f 1074//1727 1535//1727 1407//1727
f 231//1728 1409//1728 1114//1728
f 1215//1729 1076//1729 415//1729
f 797//1730 1536//1730 796//1730
f 354//1731 1222//1731 1145//1731
f 1284//1732 1537//1732 243//1732
f 1044//1733 766//1733 531//1733
f 712//1734 1224//1734 416//1734
f 1538//1735 252//1735 1415//1735
f 1075//1736 1223//1736 662//1736
f 1539//1737 1079//1737 664//1737
f 240//1738 573//1738 711//1738
f 1081//1739 1540//1739 802//1739
f 663//1740 1541//1740 494//1740
f 77//1741 1230//1741 1542//1741
f 961//1742 76//1742 574//1742
f 1083//1743 418//1743 1232//1743
f 881//1744 497//1744 666//1744
f 718//1745 80//1745 1424//1745
f 79//1746 964//1746 884//1746
f 1543//1747 1421//1747 269//1747
f 882//1748 271//1748 1151//1748
f 1238//1749 1423//1749 440//1749
f 505//1750 1014//1750 1426//1750
f 1544//1751 885//1751 669//1751
f 809//1752 500//1752 274//1752
f 1242//1753 281//1753 1155//1753
f 967//1754 1545//1754 968//1754
f 1086//1755 1436//1755 289//1755
f 283//1756 1431//1756 1016//1756
f 1244//1757 1432//1757 424//1757
f 1157//1758 7//1758 9//1758
f 87//1759 1308//1759 1546//1759
f 294//1760 973//1760 427//1760
f 815//1761 1547//1761 974//1761
f 750//1762 85//1762 293//1762
f 591//1763 590//1763 831//1763
f 1019//1764 894//1764 312//1764
f 1309//1765 1158//1765 304//1765
f 1276//1766 1548//1766 836//1766
f 1035//1767 1034//1767 1549//1767
f 1254//1768 1312//1768 326//1768
f 1045//1769 34//1769 630//1769
f 730//1770 92//1770 1449//1770
f 1096//1771 1450//1771 430//1771
f 984//1772 316//1772 1445//1772
f 982//1773 325//1773 819//1773
f 318//1774 1023//1774 1349//1774
f 1258//1775 1313//1775 330//1775
f 1032//1273 1031//1273 1350//1273
f 752//1776 751//1776 367//1776
f 1550//1777 1454//1777 340//1777
f 1259//1778 1453//1778 432//1778
f 1314//1779 1098//1779 822//1779
f 753//1780 601//1780 602//1780
f 369//1781 607//1781 1167//1781
f 1121//1287 916//1287 1362//1287
f 1026//1782 825//1782 353//1782
f 98//1783 1168//1783 1551//1783
f 990//1784 348//1784 1260//1784
f 523//1785 917//1785 1354//1785
f 1169//1786 1104//1786 604//1786
f 738//1787 609//1787 346//1787
f 1552//1788 225//1788 1113//1788
f 519//1789 913//1789 1352//1789
f 741//1790 740//1790 835//1790
f 358//1791 357//1791 617//1791
f 619//1792 526//1792 12//1792
f 1358//1793 615//1793 614//1793
f 1105//1794 923//1794 114//1794
f 925//1795 1127//1795 387//1795
f 1051//1796 1553//1796 1369//1796
f 994//1797 771//1797 129//1797
f 1554//1798 1052//1798 365//1798
f 774//1799 635//1799 453//1799
f 759//1800 906//1800 757//1800
f 140//1801 1327//1801 1107//1801
f 692//1802 390//1802 930//1802
f 1177//1803 1176//1803 1555//1803
f 929//1804 46//1804 539//1804
f 690//1805 47//1805 1376//1805
f 456//1806 136//1806 138//1806
f 744//1807 148//1807 458//1807
f 1266//1808 457//1808 1378//1808
f 1375//1809 4//1809 1055//1809
f 1130//1810 640//1810 1134//1810
f 50//1811 1192//1811 1556//1811
f 1280//1812 1381//1812 157//1812
f 1524//1813 1557//1813 641//1813
f 152//1814 1001//1814 1385//1814
f 1558//1815 391//1815 400//1815
f 645//1816 853//1816 465//1816
f 783//1817 546//1817 52//1817
f 176//1818 1109//1818 1392//1818
f 1199//1819 166//1819 165//1819
f 784//1820 462//1820 464//1820
f 859//1821 401//1821 1135//1821
f 530//1822 1270//1822 1559//1822
f 1560//1823 1328//1823 184//1823
f 1063//1824 476//1824 475//1824
f 1205//1825 1561//1825 1206//1825
f 1111//1826 943//1826 193//1826
f 1137//1827 195//1827 1061//1827
f 1320//1828 1065//1828 362//1828
f 946//1829 197//1829 58//1829
f 650//1830 1213//1830 407//1830
f 705//1831 201//1831 562//1831
f 1140//1832 950//1832 215//1832
f 1562//1833 1332//1833 225//1833
f 484//1834 1008//1834 1406//1834
f 1274//1835 488//1835 1410//1835
f 1077//1836 485//1836 875//1836
f 1563//1837 746//1837 1147//1837
f 710//1838 572//1838 75//1838
f 747//1839 489//1839 491//1839
f 1149//1840 1227//1840 249//1840
f 1334//1841 260//1841 1012//1841
f 716//1842 715//1842 1321//1842
f 107//1843 1233//1843 108//1843
f 963//1844 255//1844 254//1844
f 1564//1845 498//1845 1341//1845
f 30//1846 1239//1846 1417//1846
f 272//1847 579//1847 717//1847
f 276//1848 582//1848 277//1848
f 1565//1849 832//1849 967//1849
f 578//1850 101//1850 586//1850
f 1423//1851 1156//1851 524//1851
f 507//1852 1017//1852 1435//1852
f 288//1853 811//1853 583//1853
f 291//1854 297//1854 592//1854
f 910//1855 975//1855 976//1855
f 1336//1856 296//1856 1018//1856
f 1246//1857 1566//1857 1247//1857
f 105//1858 1090//1858 1356//1858
f 300//1859 1116//1859 1440//1859
f 313//1860 595//1860 314//1860
f 1092//1861 428//1861 1252//1861
f 1567//1862 833//1862 979//1862
f 817//1863 514//1863 88//1863
f 90//1864 893//1864 429//1864
f 1441//1865 1338//1865 311//1865
f 1174//1866 513//1866 1346//1866
f 1287//1867 1447//1867 323//1867
f 897//1868 322//1868 319//1868
f 1024//1869 900//1869 341//1869
f 1119//1870 1118//1870 1568//1870
f 1569//1871 519//1871 1351//1871
f 1101//1872 434//1872 1262//1872
f 826//1873 522//1873 1028//1873
f 450//1874 677//1874 1462//1874
f 1570//1875 914//1875 1121//1875
f 1289//1876 1458//1876 352//1876
f 1457//1877 607//1877 1025//1877
f 734//1878 989//1878 99//1878
f 344//1879 343//1879 738//1879
f 436//1880 683//1880 1029//1880
f 9//1881 8//1881 525//1881
f 356//1882 106//1882 357//1882
f 15//1883 14//1883 620//1883
f 17//1884 552//1884 554//1884
f 545//1885 544//1885 363//1885
f 614//1886 1126//1886 1571//1886
f 559//1887 558//1887 66//1887
f 29//1888 102//1888 841//1888
f 31//1889 842//1889 1492//1889
f 1046//1890 116//1890 1180//1890
f 380//1891 112//1891 381//1891
f 920//1892 118//1892 631//1892
f 1182//1893 38//1893 110//1893
f 1572//1894 679//1894 1125//1894
f 1124//1895 678//1895 908//1895
f 1513//1896 1359//1896 113//1896
f 1048//1897 1181//1897 115//1897
f 680//1674 1520//1674 1324//1674
f 923//1898 121//1898 123//1898
f 843//1899 632//1899 844//1899
f 684//1900 685//1900 1318//1900
f 122//1901 921//1901 117//1901
f 39//1902 1183//1902 1573//1902
f 993//1903 119//1903 769//1903
f 1465//1904 770//1904 1361//1904
f 768//1905 37//1905 922//1905
f 1574//1906 1360//1906 918//1906
f 1102//1907 449//1907 1464//1907
f 919//1908 1047//1908 109//1908
f 111//1909 535//1909 447//1909
f 534//1910 767//1910 448//1910
f 1264//1911 120//1911 1364//1911
f 845//1912 634//1912 127//1912
f 834//1913 134//1913 772//1913
f 1517//1914 1366//1914 616//1914
f 386//1915 385//1915 625//1915
f 1575//1916 1030//1916 1173//1916
f 995//1917 1128//1917 1576//1917
f 775//1918 455//1918 43//1918
f 1279//1919 1518//1919 128//1919
f 1050//1920 382//1920 1049//1920
f 1184//1921 124//1921 1369//1921
f 383//1922 129//1922 536//1922
f 126//1923 125//1923 686//1923
f 688//1924 924//1924 45//1924
f 1577//1925 1578//1925 624//1925
f 44//1926 1185//1926 1579//1926
f 1466//1927 773//1927 1290//1927
f 1186//1928 384//1928 927//1928
f 1580//1929 925//1929 1106//1929
f 1291//1930 130//1930 132//1930
f 926//1931 133//1931 1371//1931
f 388//1932 452//1932 454//1932
f 131//1933 928//1933 453//1933
f 1372//1934 135//1934 1521//1934
f 1581//1935 637//1935 846//1935
f 1265//1936 1374//1936 759//1936
f 996//1937 758//1937 907//1937
f 847//1938 139//1938 144//1938
f 1582//1939 997//1939 1131//1939
f 1177//1940 840//1940 742//1940
f 1583//1941 1326//1941 140//1941
f 1188//1942 146//1942 1053//1942
f 145//1943 141//1943 539//1943
f 1187//1944 1584//1944 1373//1944
f 691//1945 48//1945 390//1945
f 1052//1946 1190//1946 366//1946
f 1367//1947 40//1947 1189//1947
f 623//280 636//280 142//280
f 1523//1948 776//1948 1377//1948
f 1191//1949 1054//1949 149//1949
f 1585//1950 932//1950 638//1950
f 933//1951 540//1951 456//1951
f 689//1952 538//1952 137//1952
f 47//1953 1292//1953 1586//1953
f 745//1954 458//1954 849//1954
f 457//1955 999//1955 1379//1955
f 150//1956 155//1956 151//1956
f 851//1957 156//1957 393//1957
f 1587//1958 642//1958 850//1958
f 443//715 998//715 441//715
f 49//1959 934//1959 852//1959
f 51//1960 935//1960 161//1960
f 442//1961 643//1961 21//1961
f 157//1962 1382//1962 1108//1962
f 1056//1963 160//1963 1132//1963
f 693//1964 779//1964 1467//1964
f 1193//1965 1588//1965 1133//1965
f 394//1966 158//1966 542//1966
f 1383//1967 780//1967 1468//1967
f 777//1968 162//1968 778//1968
f 694//1969 4//1969 848//1969
f 143//1970 1589//1970 641//1970
f 1590//1971 937//1971 639//1971
f 1194//1972 154//1972 153//1972
f 1293//1973 1192//1973 164//1973
f 644//1974 163//1974 461//1974
f 1267//1975 152//1975 1384//1975
f 1002//1976 781//1976 173//1976
f 1195//1977 170//1977 1057//1977
f 1591//1978 646//1978 854//1978
f 1463//1979 1040//1979 19//1979
f 392//1980 1319//1980 1134//1980
f 855//1981 171//1981 168//1981
f 1526//1982 1387//1982 172//1982
f 53//1983 1196//1983 1592//1983
f 697//1984 645//1984 1388//1984
f 1197//1985 1593//1985 1386//1985
f 169//1986 466//1986 696//1986
f 174//1987 167//1987 175//1987
f 1380//1988 1000//1988 543//1988
f 940//1989 52//1989 54//1989
f 839//1990 6//1990 622//1990
f 1527//1991 782//1991 1389//1991
f 1594//1992 1058//1992 647//1992
f 1294//1993 395//1993 166//1993
f 547//1994 464//1994 463//1994
f 1268//1995 176//1995 1391//1995
f 177//1996 469//1996 178//1996
f 1110//1997 179//1997 942//1997
f 857//1998 1204//1998 548//1998
f 1595//1999 1596//1999 859//1999
f 400//2000 1059//2000 1597//2000
f 398//2001 20//2001 626//2001
f 24//2002 23//2002 528//2002
f 860//2003 830//2003 183//2003
f 1469//2004 399//2004 530//2004
f 56//2005 1200//2005 1598//2005
f 1041//2006 22//2006 1295//2006
f 788//2007 186//2007 55//2007
f 184//2008 1329//2008 1003//2008
f 1201//2009 181//2009 180//2009
f 698//2010 57//2010 182//2010
f 785//2011 699//2011 1470//2011
f 1060//2012 1599//2012 1202//2012
f 402//2013 185//2013 549//2013
f 1198//2014 1296//2014 364//2014
f 1390//2015 16//2015 1203//2015
f 1394//2016 786//2016 1528//2016
f 1269//2017 471//2017 1529//2017
f 1395//2018 187//2018 467//2018
f 858//2019 470//2019 472//2019
f 468//2020 862//2020 551//2020
f 188//2021 651//2021 189//2021
f 1600//2022 649//2022 864//2022
f 1601//2023 529//2023 1471//2023
f 59//2024 1207//2024 1602//2024
f 371//2025 1170//2025 1603//2025
f 1531//2026 1396//2026 192//2026
f 865//2027 191//2027 403//2027
f 196//2028 195//2028 700//2028
f 701//2029 1205//2029 194//2029
f 404//2030 193//2030 555//2030
f 791//2031 944//2031 60//2031
f 1004//2032 1320//2032 553//2032
f 1472//2033 792//2033 1298//2033
f 1473//2034 13//2034 1136//2034
f 1038//2035 18//2035 621//2035
f 1271//2036 474//2036 1398//2036
f 1112//2037 190//2037 945//2037
f 1604//2038 1062//2038 648//2038
f 1297//2039 199//2039 476//2039
f 789//2040 198//2040 197//2040
f 790//2041 556//2041 557//2041
f 1006//2042 947//2042 211//2042
f 702//2043 560//2043 63//2043
f 1605//2044 653//2044 1066//2044
f 64//2045 1064//2045 1474//2045
f 206//2046 611//2046 409//2046
f 374//2047 1477//2047 1606//2047
f 1607//2048 370//2048 1299//2048
f 1067//2049 1608//2049 1212//2049
f 793//2050 406//2050 949//2050
f 703//2051 62//2051 1475//2051
f 1042//2052 445//2052 628//2052
f 627//2053 65//2053 372//2053
f 1609//2054 1330//2054 210//2054
f 1211//2055 214//2055 405//2055
f 212//2056 209//2056 213//2056
f 1402//2057 704//2057 1476//2057
f 795//2058 479//2058 61//2058
f 407//2059 1214//2059 408//2059
f 1272//2060 478//2060 1400//2060
f 1007//2061 202//2061 948//2061
f 1610//2062 868//2062 652//2062
f 1139//2063 1210//2063 203//2063
f 869//2064 563//2064 477//2064
f 205//2065 204//2065 561//2065
f 562//2066 867//2066 794//2066
f 1141//2067 217//2067 1070//2067
f 1611//2068 1300//2068 1140//2068
f 1612//2069 373//2069 1142//2069
f 706//2070 707//2070 1403//2070
f 952//2071 221//2071 223//2071
f 225//2072 1333//2072 837//2072
f 1216//2073 1404//2073 410//2073
f 222//2074 951//2074 411//2074
f 224//2075 226//2075 216//2075
f 1068//2076 1215//2076 207//2076
f 873//2077 564//2077 872//2077
f 655//2078 208//2078 763//2078
f 1533//2079 610//2079 1071//2079
f 1072//2080 220//2080 219//2080
f 1302//2081 871//2081 1478//2081
f 1273//2082 484//2082 1405//2082
f 1613//2083 1069//2083 656//2083
f 1143//2084 1217//2084 480//2084
f 69//2085 1303//2085 1614//2085
f 481//2086 953//2086 565//2086
f 483//2087 566//2087 218//2087
f 1073//2088 235//2088 1218//2088
f 1219//2089 238//2089 486//2089
f 1615//2090 658//2090 955//2090
f 1043//2091 874//2091 765//2091
f 27//2092 444//2092 25//2092
f 1283//2093 1408//2093 231//2093
f 1304//2094 569//2094 1145//2094
f 1074//2095 1407//2095 412//2095
f 1114//2096 954//2096 232//2096
f 71//2097 1220//2097 1616//2097
f 26//2098 3//2098 743//2098
f 958//2099 570//2099 799//2099
f 956//2100 230//2100 233//2100
f 234//2101 568//2101 567//2101
f 708//2102 709//2102 1479//2102
f 72//2103 957//2103 413//2103
f 1536//2104 797//2104 1412//2104
f 798//2105 237//2105 236//2105
f 1221//2106 1075//2106 527//2106
f 764//2107 11//2107 1037//2107
f 414//420 415//420 619//420
f 1617//2108 1077//2108 660//2108
f 657//2109 571//2109 228//2109
f 488//2110 1009//2110 1411//2110
f 487//2111 227//2111 229//2111
f 241//2112 711//2112 490//2112
f 1078//2113 247//2113 1146//2113
f 877//2114 250//2114 664//2114
f 1079//2115 1148//2115 239//2115
f 1481//2116 1//2116 1123//2116
f 2//2117 531//2117 492//2117
f 360//2118 662//2118 661//2118
f 1222//2119 355//2119 1416//2119
f 1537//2120 1414//2120 243//2120
f 494//2121 1618//2121 1619//2121
f 748//2122 248//2122 73//2122
f 1010//2123 800//2123 244//2123
f 1147//2124 1620//2124 876//2124
f 245//2125 242//2125 246//2125
f 1224//2126 1621//2126 1225//2126
f 712//2127 713//2127 1480//2127
f 75//2128 959//2128 417//2128
f 1011//2129 251//2129 1080//2129
f 1305//2130 878//2130 1482//2130
f 1413//2131 10//2131 1226//2131
f 1171//2132 252//2132 1538//2132
f 573//2133 801//2133 491//2133
f 74//2134 1227//2134 1622//2134
f 256//2135 259//2135 257//2135
f 1228//2136 258//2136 1083//2136
f 1623//2137 1540//2137 1081//2137
f 493//2138 532//2138 28//2138
f 1624//2139 663//2139 1625//2139
f 77//2140 264//2140 1230//2140
f 533//2141 766//2141 1418//2141
f 879//2142 575//2142 804//2142
f 1335//2143 1419//2143 260//2143
f 838//2144 961//2144 261//2144
f 1231//2145 1626//2145 1232//2145
f 716//2146 419//2146 960//2146
f 714//2147 574//2147 78//2147
f 1483//2148 805//2148 1420//2148
f 108//2149 1234//2149 618//2149
f 1484//2150 420//2150 1150//2150
f 962//2151 359//2151 421//2151
f 1235//2152 1229//2152 496//2152
f 1627//2153 880//2153 666//2153
f 665//2154 576//2154 254//2154
f 803//2155 263//2155 262//2155
f 497//2156 495//2156 253//2156
f 498//2157 1013//2157 1342//2157
f 265//2158 501//2158 266//2158
f 1236//2159 273//2159 422//2159
f 1628//2160 667//2160 882//2160
f 1036//2161 7//2161 1422//2161
f 1239//2162 502//2162 1485//2162
f 965//2163 718//2163 808//2163
f 966//2164 668//2164 1082//2164
f 503//2165 1152//2165 1629//2165
f 1285//2166 1543//2166 269//2166
f 1115//2167 964//2167 270//2167
f 883//2168 268//2168 271//2168
f 1084//2169 1630//2169 1237//2169
f 717//2170 81//2170 423//2170
f 1085//2171 1238//2171 439//2171
f 80//2172 1240//2172 1631//2172
f 884//2173 580//2173 810//2173
f 1486//2174 807//2174 1427//2174
f 1275//2175 505//2175 1425//2175
f 1014//2176 267//2176 806//2176
f 885//2177 1241//2177 577//2177
f 1428//2178 275//2178 499//2178
f 886//2179 504//2179 669//2179
f 500//2180 809//2180 581//2180
f 1016//2181 889//2181 284//2181
f 1242//2182 279//2182 281//2182
f 1286//2183 1430//2183 283//2183
f 968//2184 832//2184 282//2184
f 83//2185 1243//2185 1632//2185
f 1154//2186 100//2186 1429//2186
f 586//2187 1633//2187 1015//2187
f 719//2188 888//2188 1487//2188
f 1244//2189 1634//2189 1432//2189
f 508//2190 887//2190 425//2190
f 280//2191 588//2191 587//2191
f 970//2192 584//2192 506//2192
f 1153//2193 82//2193 84//2193
f 1156//2194 1635//2194 671//2194
f 1087//2195 278//2195 277//2195
f 1488//2196 890//2196 1433//2196
f 1343//2197 507//2197 1434//2197
f 1636//2198 969//2198 670//2198
f 1436//2199 287//2199 289//2199
f 812//2200 720//2200 583//2200
f 909//2201 814//2201 297//2201
f 1245//2202 292//2202 1088//2202
f 1089//2203 1308//2203 86//2203
f 1637//2204 1490//2204 971//2204
f 1307//2205 585//2205 1091//2205
f 285//2206 629//2206 286//2206
f 972//2207 295//2207 290//2207
f 1337//2208 1437//2208 296//2208
f 721//2209 1246//2209 426//2209
f 723//2210 87//2210 1491//2210
f 813//2211 294//2211 427//2211
f 298//2212 303//2212 299//2212
f 1306//2213 1489//2213 104//2213
f 1547//2214 815//2214 1438//2214
f 750//2215 509//2215 749//2215
f 1344//2216 590//2216 1508//2216
f 105//2217 591//2217 103//2217
f 1248//2218 302//2218 301//2218
f 1638//2219 975//2219 1493//2219
f 891//2220 589//2220 85//2220
f 724//2221 511//2221 510//2221
f 1345//2222 300//2222 1439//2222
f 1310//2223 375//2223 1093//2223
f 376//386 722//386 33//386
f 1034//2224 739//2224 1175//2224
f 379//2225 725//2225 377//2225
f 311//2226 1339//2226 1019//2226
f 980//2227 1639//2227 310//2227
f 979//2228 307//2228 1249//2228
f 308//2229 312//2229 594//2229
f 1251//2230 1640//2230 1252//2230
f 429//2231 309//2231 593//2231
f 726//2232 892//2232 1494//2232
f 1641//2233 1442//2233 1276//2233
f 836//2234 1443//2234 1020//2234
f 1642//2235 740//2235 1035//2235
f 1094//2236 315//2236 314//2236
f 1495//2237 895//2237 1444//2237
f 1643//2238 977//2238 1095//2238
f 1250//2239 1309//2239 306//2239
f 978//2240 597//2240 512//2240
f 89//2241 1158//2241 1644//2241
f 816//2242 727//2242 596//2242
f 981//2243 305//2243 514//2243
f 513//2244 911//2244 1347//2244
f 1253//2245 1254//2245 328//2245
f 1645//2246 672//2246 896//2246
f 1160//2247 378//2247 1496//2247
f 1045//2248 32//2248 1178//2248
f 682//2249 1498//2249 1355//2249
f 681//2250 613//2250 1502//2250
f 1162//2251 1161//2251 1646//2251
f 1255//1119 36//1119 1021//1119
f 1159//2252 91//2252 598//2252
f 1100//2253 34//2253 1311//2253
f 323//2254 1448//2254 1022//2254
f 1163//2255 321//2255 1256//2255
f 322//2256 324//2256 320//2256
f 1096//2257 1647//2257 1450//2257
f 985//2258 730//2258 729//2258
f 728//2259 93//2259 431//2259
f 984//2260 327//2260 316//2260
f 1648//2261 1165//2261 1164//2261
f 820//2262 673//2262 819//2262
f 905//2263 1446//2263 761//2263
f 1649//2264 1277//2264 1117//2264
f 1451//2265 760//2265 762//2265
f 1497//2266 898//2266 1452//2266
f 1650//2267 318//2267 1348//2267
f 1023//2268 317//2268 818//2268
f 1651//2269 983//2269 912//2269
f 92//2270 1312//2270 1652//2270
f 329//2271 515//2271 517//2271
f 599//2272 982//2272 516//2272
f 1257//2273 338//2273 1097//2273
f 1099//2274 1258//2274 332//2274
f 1653//2275 674//2275 986//2275
f 987//2276 339//2276 336//2276
f 1033//2277 1032//2277 1654//2277
f 1118//2278 1031//2278 1455//2278
f 732//2279 821//2279 1499//2279
f 95//2280 1313//2280 1655//2280
f 94//2281 900//2281 754//2281
f 1357//2282 1039//2282 367//2282
f 752//2283 1179//2283 35//2283
f 1288//2284 1550//2284 340//2284
f 1259//2285 1656//2285 1453//2285
f 337//2286 600//2286 733//2286
f 96//2287 988//2287 433//2287
f 823//2288 335//2288 334//2288
f 1500//2289 824//2289 1456//2289
f 1657//2290 1315//2290 1120//2290
f 1658//2291 1098//2291 1314//2291
f 518//2292 603//2292 333//2292
f 731//2293 331//2293 602//2293
f 899//2294 520//2294 753//2294
f 1122//2295 519//2295 1659//2295
f 1660//2296 675//2296 990//2296
f 1167//2297 1166//2297 1661//2297
f 916//2298 1323//2298 1363//2298
f 1261//2299 1662//2299 1262//2299
f 735//2300 368//2300 829//2300
f 1025//742 606//742 1103//742
f 352//2301 1459//2301 1026//2301
f 991//2302 351//2302 348//2302
f 349//2303 353//2303 605//2303
f 737//2304 734//2304 1322//2304
f 435//2305 350//2305 736//2305
f 437//2306 1501//2306 1263//2306
f 1316//2307 827//2307 1503//2307
f 901//2308 608//2308 756//2308
f 1663//2309 915//2309 914//2309
f 676//2310 438//2310 677//2310
f 1027//2311 612//2311 902//2311
f 917//2312 347//2312 992//2312
f 1664//2313 1169//2313 1460//2313
f 1317//2314 1168//2314 342//2314
f 521//2315 98//2315 97//2315
f 343//2316 755//2316 609//2316
f 522//2317 604//2317 345//2317
f 1461//2318 523//2318 1353//2318
